subject_id,age,x_age,T_0s,T_trial,T_condition,T_ixn,stimulus_id,condition,x_condition,O_01,trial,x_trial,log_odds,prob,correct
1,36,-0.317212680408749,0.30135445026186825,0.21569633457451434,0.28544376560584905,0.2155417220273069,1,fear,0.5,-0.08121017626445963,36,1.3258683302908676,0.5637245186294452,0.6373138832775654,1
1,36,-0.317212680408749,0.30135445026186825,0.21569633457451434,0.28544376560584905,0.2155417220273069,2,fear,0.5,0.053067844990018875,37,1.4114082225676976,0.7319632745680722,0.6752359517289913,1
1,36,-0.317212680408749,0.30135445026186825,0.21569633457451434,0.28544376560584905,0.2155417220273069,3,fear,0.5,-0.11676296957720594,11,-0.8126289766298865,-0.32084664178701083,0.42046942862848574,1
1,36,-0.317212680408749,0.30135445026186825,0.21569633457451434,0.28544376560584905,0.2155417220273069,4,fear,0.5,-0.11848507274328071,28,0.6415491920762262,0.25476374467743684,0.5633486714070041,1
1,36,-0.317212680408749,0.30135445026186825,0.21569633457451434,0.28544376560584905,0.2155417220273069,5,fear,0.5,-0.027683151933853067,15,-0.4704694075225659,-0.0959238854070644,0.47603739993702227,0
1,36,-0.317212680408749,0.30135445026186825,0.21569633457451434,0.28544376560584905,0.2155417220273069,6,fear,0.5,0.06278918644554837,13,-0.6415491920762262,-0.07337301639595975,0.48166497086756577,0
1,36,-0.317212680408749,0.30135445026186825,0.21569633457451434,0.28544376560584905,0.2155417220273069,7,fear,0.5,-0.04999597070532241,20,-0.04276994613841508,0.051566969242208174,0.5128888863111339,1
1,36,-0.317212680408749,0.30135445026186825,0.21569633457451434,0.28544376560584905,0.2155417220273069,8,fear,0.5,0.01022656605323173,27,0.5560092997993961,0.34951464878980104,0.5864998775673379,1
1,36,-0.317212680408749,0.30135445026186825,0.21569633457451434,0.28544376560584905,0.2155417220273069,9,fear,0.5,0.07192665896287707,38,1.4969481148445278,0.7847828232250785,0.6867100052632046,0
1,36,-0.317212680408749,0.30135445026186825,0.21569633457451434,0.28544376560584905,0.2155417220273069,10,fear,0.5,-0.12515440144751105,12,-0.7270890843530564,-0.2952773389731676,0.42671238080675344,1
1,36,-0.317212680408749,0.30135445026186825,0.21569633457451434,0.28544376560584905,0.2155417220273069,11,fear,0.5,0.1274762977942073,23,0.2138497306920754,0.33092144179418315,0.581983560919418,1
1,36,-0.317212680408749,0.30135445026186825,0.21569633457451434,0.28544376560584905,0.2155417220273069,12,fear,0.5,0.19901381146458244,16,-0.3849295152457357,0.16473381267551948,0.5410905714824621,0
1,36,-0.317212680408749,0.30135445026186825,0.21569633457451434,0.28544376560584905,0.2155417220273069,13,fear,0.5,-0.07533295985117497,39,1.582488007121358,0.6714839390951751,0.6618353583159383,1
1,36,-0.317212680408749,0.30135445026186825,0.21569633457451434,0.28544376560584905,0.2155417220273069,14,fear,0.5,0.01703070109921553,26,0.4704694075225659,0.3223580491516364,0.5798988190575294,1
1,36,-0.317212680408749,0.30135445026186825,0.21569633457451434,0.28544376560584905,0.2155417220273069,15,fear,0.5,0.02684780492684079,31,0.8981688689067168,0.5019788264000037,0.6229242499381641,0
1,36,-0.317212680408749,0.30135445026186825,0.21569633457451434,0.28544376560584905,0.2155417220273069,16,fear,0.5,0.20218327567498928,17,-0.2993896229689056,0.20186401157007458,0.5502953280806775,1
1,36,-0.317212680408749,0.30135445026186825,0.21569633457451434,0.28544376560584905,0.2155417220273069,17,fear,0.5,-0.1334771970566687,30,0.8126289766298865,0.30769308973234577,0.5763220708620443,0
1,36,-0.317212680408749,0.30135445026186825,0.21569633457451434,0.28544376560584905,0.2155417220273069,18,fear,0.5,-0.019829893319496802,8,-1.0692486534603771,-0.32579576958174694,0.41926392742061197,1
1,36,-0.317212680408749,0.30135445026186825,0.21569633457451434,0.28544376560584905,0.2155417220273069,19,fear,0.5,0.03493782098342581,14,-0.5560092997993961,-0.06726364717393393,0.48319042549608754,0
1,36,-0.317212680408749,0.30135445026186825,0.21569633457451434,0.28544376560584905,0.2155417220273069,20,fear,0.5,0.050130844365563365,10,-0.8981688689067168,-0.18791356252838992,0.45315936277437313,0
1,36,-0.317212680408749,0.30135445026186825,0.21569633457451434,0.28544376560584905,0.2155417220273069,21,neutral,-0.5,-0.034648782698473574,33,1.0692486534603771,1.0939552269563642,0.7491257846904004,1
1,36,-0.317212680408749,0.30135445026186825,0.21569633457451434,0.28544376560584905,0.2155417220273069,22,neutral,-0.5,0.20511447081031445,21,0.04276994613841508,1.202296277809113,0.7689330266502648,1
1,36,-0.317212680408749,0.30135445026186825,0.21569633457451434,0.28544376560584905,0.2155417220273069,23,neutral,-0.5,0.06768230030033125,4,-1.4114082225676976,0.8786826535364075,0.7065491601828712,1
1,36,-0.317212680408749,0.30135445026186825,0.21569633457451434,0.28544376560584905,0.2155417220273069,24,neutral,-0.5,-0.08847636608881047,24,0.2993896229689056,0.9415609915739978,0.7194148625721208,1
1,36,-0.317212680408749,0.30135445026186825,0.21569633457451434,0.28544376560584905,0.2155417220273069,25,neutral,-0.5,-0.06387461728079331,40,1.668027899398188,1.1413923439234006,0.7579351832987977,1
1,36,-0.317212680408749,0.30135445026186825,0.21569633457451434,0.28544376560584905,0.2155417220273069,26,neutral,-0.5,0.020253570607942934,9,-0.9837087611835469,0.8860131749507022,0.7080667471651747,0
1,36,-0.317212680408749,0.30135445026186825,0.21569633457451434,0.28544376560584905,0.2155417220273069,27,neutral,-0.5,-0.1657771424201549,35,1.2403284380140374,0.9847305676773563,0.7280458552677181,1
1,36,-0.317212680408749,0.30135445026186825,0.21569633457451434,0.28544376560584905,0.2155417220273069,28,neutral,-0.5,0.03240578810212312,25,0.3849295152457357,1.073394995986268,0.7452420138756272,1
1,36,-0.317212680408749,0.30135445026186825,0.21569633457451434,0.28544376560584905,0.2155417220273069,29,neutral,-0.5,-0.06427368638861679,19,-0.12830983841524524,0.9110044201675085,0.7132056542054817,1
1,36,-0.317212680408749,0.30135445026186825,0.21569633457451434,0.28544376560584905,0.2155417220273069,30,neutral,-0.5,0.03388482847826553,3,-1.4969481148445278,0.8339333314930053,0.6971859691774984,1
1,36,-0.317212680408749,0.30135445026186825,0.21569633457451434,0.28544376560584905,0.2155417220273069,31,neutral,-0.5,0.10063449276941816,18,-0.2138497306920754,1.0649607491042068,0.7436374090051382,1
1,36,-0.317212680408749,0.30135445026186825,0.21569633457451434,0.28544376560584905,0.2155417220273069,32,neutral,-0.5,-0.16523159438711074,1,-1.668027899398188,0.6129132081849559,0.6486050574993849,1
1,36,-0.317212680408749,0.30135445026186825,0.21569633457451434,0.28544376560584905,0.2155417220273069,33,neutral,-0.5,-0.17814514840944695,5,-1.3258683302908676,0.643807055047966,0.655613542841475,0
1,36,-0.317212680408749,0.30135445026186825,0.21569633457451434,0.28544376560584905,0.2155417220273069,34,neutral,-0.5,0.20327413635404867,7,-1.1547885457372071,1.0471300402541346,0.7402234074263769,1
1,36,-0.317212680408749,0.30135445026186825,0.21569633457451434,0.28544376560584905,0.2155417220273069,35,neutral,-0.5,0.10974661130988755,32,0.9837087611835469,1.2273987707433889,0.7733629740598614,1
1,36,-0.317212680408749,0.30135445026186825,0.21569633457451434,0.28544376560584905,0.2155417220273069,36,neutral,-0.5,-0.11455850646691589,34,1.1547885457372071,1.0249973534092585,0.7359448796154544,1
1,36,-0.317212680408749,0.30135445026186825,0.21569633457451434,0.28544376560584905,0.2155417220273069,37,neutral,-0.5,0.022093603635536613,2,-1.582488007121358,0.8111902564289397,0.6923630827188159,1
1,36,-0.317212680408749,0.30135445026186825,0.21569633457451434,0.28544376560584905,0.2155417220273069,38,neutral,-0.5,-0.03248467960018497,22,0.12830983841524524,0.9756489776199501,0.7262440258069248,1
1,36,-0.317212680408749,0.30135445026186825,0.21569633457451434,0.28544376560584905,0.2155417220273069,39,neutral,-0.5,-0.021721780340038743,6,-1.2403284380140374,0.8111822733387108,0.6923613823463706,1
1,36,-0.317212680408749,0.30135445026186825,0.21569633457451434,0.28544376560584905,0.2155417220273069,40,neutral,-0.5,-0.04668537349067967,29,0.7270890843530564,1.0381112352788118,0.738485403281742,0
2,45,0.28130181092851286,-0.5913205101622595,-0.4231189919864944,-0.5596755658561696,-0.4226333103872107,1,fear,0.5,-0.08121017626445963,14,-0.5560092997993961,-1.265276185836675,0.22006696348915242,0
2,45,0.28130181092851286,-0.5913205101622595,-0.4231189919864944,-0.5596755658561696,-0.4226333103872107,2,fear,0.5,0.053067844990018875,34,1.1547885457372071,-2.1827159477477687,0.10131337573703726,0
2,45,0.28130181092851286,-0.5913205101622595,-0.4231189919864944,-0.5596755658561696,-0.4226333103872107,3,fear,0.5,-0.11676296957720594,7,-1.1547885457372071,-0.9327277550414713,0.28237163997963716,0
2,45,0.28130181092851286,-0.5913205101622595,-0.4231189919864944,-0.5596755658561696,-0.4226333103872107,4,fear,0.5,-0.11848507274328071,28,0.6415491920762262,-2.0387535305313964,0.11519371642997564,0
2,45,0.28130181092851286,-0.5913205101622595,-0.4231189919864944,-0.5596755658561696,-0.4226333103872107,5,fear,0.5,-0.027683151933853067,24,0.2993896229689056,-1.7376080530888547,0.14961701115803627,1
2,45,0.28130181092851286,-0.5913205101622595,-0.4231189919864944,-0.5596755658561696,-0.4226333103872107,6,fear,0.5,0.06278918644554837,21,0.04276994613841508,-1.4893780472346172,0.18401509747698505,0
2,45,0.28130181092851286,-0.5913205101622595,-0.4231189919864944,-0.5596755658561696,-0.4226333103872107,7,fear,0.5,-0.04999597070532241,20,-0.04276994613841508,-1.5495773152272097,0.17514732536116875,0
2,45,0.28130181092851286,-0.5913205101622595,-0.4231189919864944,-0.5596755658561696,-0.4226333103872107,8,fear,0.5,0.01022656605323173,8,-1.0692486534603771,-0.8583241085693121,0.2976896062843937,0
2,45,0.28130181092851286,-0.5913205101622595,-0.4231189919864944,-0.5596755658561696,-0.4226333103872107,9,fear,0.5,0.07192665896287707,19,-0.12830983841524524,-1.3750687964007313,0.2018021404438885,0
2,45,0.28130181092851286,-0.5913205101622595,-0.4231189919864944,-0.5596755658561696,-0.4226333103872107,10,fear,0.5,-0.12515440144751105,33,1.0692486534603771,-2.30835230502702,0.09043358500118097,0
2,45,0.28130181092851286,-0.5913205101622595,-0.4231189919864944,-0.5596755658561696,-0.4226333103872107,11,fear,0.5,0.1274762977942073,35,1.2403284380140374,-2.160893384101859,0.10331765623308532,0
2,45,0.28130181092851286,-0.5913205101622595,-0.4231189919864944,-0.5596755658561696,-0.4226333103872107,12,fear,0.5,0.19901381146458244,5,-1.3258683302908676,-0.5117791956831257,0.3747765332353086,0
2,45,0.28130181092851286,-0.5913205101622595,-0.4231189919864944,-0.5596755658561696,-0.4226333103872107,13,fear,0.5,-0.07533295985117497,30,0.8126289766298865,-2.100773195955848,0.10902169335367039,0
2,45,0.28130181092851286,-0.5913205101622595,-0.4231189919864944,-0.5596755658561696,-0.4226333103872107,14,fear,0.5,0.01703070109921553,16,-0.3849295152457357,-1.2722070867895572,0.21887966933793693,0
2,45,0.28130181092851286,-0.5913205101622595,-0.4231189919864944,-0.5596755658561696,-0.4226333103872107,15,fear,0.5,0.02684780492684079,26,0.4704694075225659,-1.7882488745447178,0.14328755079034,0
2,45,0.28130181092851286,-0.5913205101622595,-0.4231189919864944,-0.5596755658561696,-0.4226333103872107,16,fear,0.5,0.20218327567498928,31,0.8981688689067168,-1.8758428495879624,0.1328671025487874,0
2,45,0.28130181092851286,-0.5913205101622595,-0.4231189919864944,-0.5596755658561696,-0.4226333103872107,17,fear,0.5,-0.1334771970566687,3,-1.4969481148445278,-0.7390984258878196,0.32320132464841805,1
2,45,0.28130181092851286,-0.5913205101622595,-0.4231189919864944,-0.5596755658561696,-0.4226333103872107,18,fear,0.5,-0.019829893319496802,39,1.582488007121358,-2.518543131848677,0.07456841838794145,0
2,45,0.28130181092851286,-0.5913205101622595,-0.4231189919864944,-0.5596755658561696,-0.4226333103872107,19,fear,0.5,0.03493782098342581,22,0.12830983841524524,-1.5698153018550185,0.1722427235087743,1
2,45,0.28130181092851286,-0.5913205101622595,-0.4231189919864944,-0.5596755658561696,-0.4226333103872107,20,fear,0.5,0.050130844365563365,17,-0.2993896229689056,-1.2916928326814878,0.2155664191549257,0
2,45,0.28130181092851286,-0.5913205101622595,-0.4231189919864944,-0.5596755658561696,-0.4226333103872107,21,neutral,-0.5,-0.034648782698473574,6,-1.2403284380140374,0.014608256130145249,0.5036519990877011,1
2,45,0.28130181092851286,-0.5913205101622595,-0.4231189919864944,-0.5596755658561696,-0.4226333103872107,22,neutral,-0.5,0.20511447081031445,29,0.7270890843530564,0.006754036992875547,0.5016885028295188,0
2,45,0.28130181092851286,-0.5913205101622595,-0.4231189919864944,-0.5596755658561696,-0.4226333103872107,23,neutral,-0.5,0.06768230030033125,32,0.9837087611835469,-0.16297606473181073,0.45934592907488275,1
2,45,0.28130181092851286,-0.5913205101622595,-0.4231189919864944,-0.5596755658561696,-0.4226333103872107,24,neutral,-0.5,-0.08847636608881047,2,-1.582488007121358,0.003844581026079298,0.5009611440726467,1
2,45,0.28130181092851286,-0.5913205101622595,-0.4231189919864944,-0.5596755658561696,-0.4226333103872107,25,neutral,-0.5,-0.06387461728079331,37,1.4114082225676976,-0.34836286767077407,0.41377947762351164,0
2,45,0.28130181092851286,-0.5913205101622595,-0.4231189919864944,-0.5596755658561696,-0.4226333103872107,26,neutral,-0.5,0.020253570607942934,12,-0.7270890843530564,0.004914747007155471,0.5012286842785776,1
2,45,0.28130181092851286,-0.5913205101622595,-0.4231189919864944,-0.5596755658561696,-0.4226333103872107,27,neutral,-0.5,-0.1657771424201549,18,-0.2138497306920754,-0.24571182845034883,0.4388792441538472,0
2,45,0.28130181092851286,-0.5913205101622595,-0.4231189919864944,-0.5596755658561696,-0.4226333103872107,28,neutral,-0.5,0.03240578810212312,40,1.668027899398188,-0.2843803935025607,0.42938019300759406,1
2,45,0.28130181092851286,-0.5913205101622595,-0.4231189919864944,-0.5596755658561696,-0.4226333103872107,29,neutral,-0.5,-0.06427368638861679,25,0.3849295152457357,-0.2195702119197846,0.4453269247177187,0
2,45,0.28130181092851286,-0.5913205101622595,-0.4231189919864944,-0.5596755658561696,-0.4226333103872107,30,neutral,-0.5,0.03388482847826553,27,0.5560092997993961,-0.14294365119603783,0.46432481211572135,1
2,45,0.28130181092851286,-0.5913205101622595,-0.4231189919864944,-0.5596755658561696,-0.4226333103872107,31,neutral,-0.5,0.10063449276941816,4,-1.4114082225676976,0.1714234857411725,0.5427512319906912,1
2,45,0.28130181092851286,-0.5913205101622595,-0.4231189919864944,-0.5596755658561696,-0.4226333103872107,32,neutral,-0.5,-0.16523159438711074,1,-1.668027899398188,-0.06214467020065324,0.48446883052445616,0
2,45,0.28130181092851286,-0.5913205101622595,-0.4231189919864944,-0.5596755658561696,-0.4226333103872107,33,neutral,-0.5,-0.17814514840944695,10,-0.8981688689067168,-0.17195201786709904,0.4571176039257527,1
2,45,0.28130181092851286,-0.5913205101622595,-0.4231189919864944,-0.5596755658561696,-0.4226333103872107,34,neutral,-0.5,0.20327413635404867,15,-0.4704694075225659,0.15563738153855797,0.538830993432683,0
2,45,0.28130181092851286,-0.5913205101622595,-0.4231189919864944,-0.5596755658561696,-0.4226333103872107,35,neutral,-0.5,0.10974661130988755,23,0.2138497306920754,-0.024017960078144905,0.49399579861086057,1
2,45,0.28130181092851286,-0.5913205101622595,-0.4231189919864944,-0.5596755658561696,-0.4226333103872107,36,neutral,-0.5,-0.11455850646691589,13,-0.6415491920762262,-0.14066330713927114,0.4648920417919377,1
2,45,0.28130181092851286,-0.5913205101622595,-0.4231189919864944,-0.5596755658561696,-0.4226333103872107,37,neutral,-0.5,0.022093603635536613,9,-0.9837087611835469,0.039052711249452234,0.5097619371714359,1
2,45,0.28130181092851286,-0.5913205101622595,-0.4231189919864944,-0.5596755658561696,-0.4226333103872107,38,neutral,-0.5,-0.03248467960018497,36,1.3258683302908676,-0.3062069529185979,0.42404084760475863,1
2,45,0.28130181092851286,-0.5913205101622595,-0.4231189919864944,-0.5596755658561696,-0.4226333103872107,39,neutral,-0.5,-0.021721780340038743,11,-0.8126289766298865,-0.02629462686925862,0.4934267220127425,0
2,45,0.28130181092851286,-0.5913205101622595,-0.4231189919864944,-0.5596755658561696,-0.4226333103872107,40,neutral,-0.5,-0.04668537349067967,38,1.4969481148445278,-0.341939600952228,0.4153384018761093,1
3,19,-1.447740052934688,-0.047517868347502434,-0.03392250485457668,-0.0448807573515478,-0.03388509716336802,1,fear,0.5,-0.08121017626445963,24,0.2993896229689056,0.18234212106382708,0.5454596440290866,1
3,19,-1.447740052934688,-0.047517868347502434,-0.03392250485457668,-0.0448807573515478,-0.03388509716336802,2,fear,0.5,0.053067844990018875,35,1.2403284380140374,0.43370261877897076,0.6067574721379858,1
3,19,-1.447740052934688,-0.047517868347502434,-0.03392250485457668,-0.0448807573515478,-0.03388509716336802,3,fear,0.5,-0.11676296957720594,20,-0.04276994613841508,0.10421388176538428,0.5260299164735911,1
3,19,-1.447740052934688,-0.047517868347502434,-0.03392250485457668,-0.0448807573515478,-0.03388509716336802,4,fear,0.5,-0.11848507274328071,1,-1.668027899398188,-0.0997415898327487,0.4750852542409194,1
3,19,-1.447740052934688,-0.047517868347502434,-0.03392250485457668,-0.0448807573515478,-0.03388509716336802,5,fear,0.5,-0.027683151933853067,10,-0.8981688689067168,0.086855084444496,0.521700131028333,0
3,19,-1.447740052934688,-0.047517868347502434,-0.03392250485457668,-0.0448807573515478,-0.03388509716336802,6,fear,0.5,0.06278918644554837,37,1.4114082225676976,0.46471168322734846,0.6141313214347106,1
3,19,-1.447740052934688,-0.047517868347502434,-0.03392250485457668,-0.0448807573515478,-0.03388509716336802,7,fear,0.5,-0.04999597070532241,13,-0.6415491920762262,0.09647385016229881,0.5240997736474018,1
3,19,-1.447740052934688,-0.047517868347502434,-0.03392250485457668,-0.0448807573515478,-0.03388509716336802,8,fear,0.5,0.01022656605323173,21,0.04276994613841508,0.24184727889224603,0.5601688317715269,1
3,19,-1.447740052934688,-0.047517868347502434,-0.03392250485457668,-0.0448807573515478,-0.03388509716336802,9,fear,0.5,0.07192665896287707,4,-1.4114082225676976,0.12260172636268149,0.5306120965238077,0
3,19,-1.447740052934688,-0.047517868347502434,-0.03392250485457668,-0.0448807573515478,-0.03388509716336802,10,fear,0.5,-0.12515440144751105,8,-1.0692486534603771,-0.031903888062010236,0.4920247044496021,0
3,19,-1.447740052934688,-0.047517868347502434,-0.03392250485457668,-0.0448807573515478,-0.03388509716336802,11,fear,0.5,0.1274762977942073,15,-0.4704694075225659,0.2952338416546768,0.5732769784570703,0
3,19,-1.447740052934688,-0.047517868347502434,-0.03392250485457668,-0.0448807573515478,-0.03388509716336802,12,fear,0.5,0.19901381146458244,32,0.9837087611835469,0.5477170007642619,0.633605755716532,0
3,19,-1.447740052934688,-0.047517868347502434,-0.03392250485457668,-0.0448807573515478,-0.03388509716336802,13,fear,0.5,-0.07533295985117497,16,-0.3849295152457357,0.10306844550571888,0.5257443250226588,1
3,19,-1.447740052934688,-0.047517868347502434,-0.03392250485457668,-0.0448807573515478,-0.03388509716336802,14,fear,0.5,0.01703070109921553,28,0.6415491920762262,0.32315844441319863,0.5800937958133147,1
3,19,-1.447740052934688,-0.047517868347502434,-0.03392250485457668,-0.0448807573515478,-0.03388509716336802,15,fear,0.5,0.02684780492684079,14,-0.5560092997993961,0.1839614872908864,0.5458611093953015,1
3,19,-1.447740052934688,-0.047517868347502434,-0.03392250485457668,-0.0448807573515478,-0.03388509716336802,16,fear,0.5,0.20218327567498928,31,0.8981688689067168,0.5402426034782447,0.6318688516833322,1
3,19,-1.447740052934688,-0.047517868347502434,-0.03392250485457668,-0.0448807573515478,-0.03388509716336802,17,fear,0.5,-0.1334771970566687,9,-0.9837087611835469,-0.029582822174743728,0.49260483376767134,0
3,19,-1.447740052934688,-0.047517868347502434,-0.03392250485457668,-0.0448807573515478,-0.03388509716336802,18,fear,0.5,-0.019829893319496802,18,-0.2138497306920754,0.1798592350302451,0.5448439844275067,0
3,19,-1.447740052934688,-0.047517868347502434,-0.03392250485457668,-0.0448807573515478,-0.03388509716336802,19,fear,0.5,0.03493782098342581,2,-1.582488007121358,0.06432516539038188,0.5160757486416848,0
3,19,-1.447740052934688,-0.047517868347502434,-0.03392250485457668,-0.0448807573515478,-0.03388509716336802,20,fear,0.5,0.050130844365563365,7,-1.1547885457372071,0.13273749625463988,0.5331357361292619,0
3,19,-1.447740052934688,-0.047517868347502434,-0.03392250485457668,-0.0448807573515478,-0.03388509716336802,21,neutral,-0.5,-0.034648782698473574,29,0.7270890843530564,1.8722547831501781,0.866718959154045,1
3,19,-1.447740052934688,-0.047517868347502434,-0.03392250485457668,-0.0448807573515478,-0.03388509716336802,22,neutral,-0.5,0.20511447081031445,17,-0.2993896229689056,2.2364594485098492,0.9034761381605211,1
3,19,-1.447740052934688,-0.047517868347502434,-0.03392250485457668,-0.0448807573515478,-0.03388509716336802,23,neutral,-0.5,0.06768230030033125,11,-0.8126289766298865,2.161247983925308,0.8967151903795889,1
3,19,-1.447740052934688,-0.047517868347502434,-0.03392250485457668,-0.0448807573515478,-0.03388509716336802,24,neutral,-0.5,-0.08847636608881047,25,0.3849295152457357,1.859907670376802,0.8652861859158738,1
3,19,-1.447740052934688,-0.047517868347502434,-0.03392250485457668,-0.0448807573515478,-0.03388509716336802,25,neutral,-0.5,-0.06387461728079331,27,0.5560092997993961,1.8637691838763388,0.8657356725223913,1
3,19,-1.447740052934688,-0.047517868347502434,-0.03392250485457668,-0.0448807573515478,-0.03388509716336802,26,neutral,-0.5,0.020253570607942934,6,-1.2403284380140374,2.165669842504121,0.8971240120821059,0
3,19,-1.447740052934688,-0.047517868347502434,-0.03392250485457668,-0.0448807573515478,-0.03388509716336802,27,neutral,-0.5,-0.1657771424201549,5,-1.3258683302908676,1.9900092471302637,0.8797441158303425,1
3,19,-1.447740052934688,-0.047517868347502434,-0.03392250485457668,-0.0448807573515478,-0.03388509716336802,28,neutral,-0.5,0.03240578810212312,39,1.582488007121358,1.8356081774083717,0.8624284658826682,1
3,19,-1.447740052934688,-0.047517868347502434,-0.03392250485457668,-0.0448807573515478,-0.03388509716336802,29,neutral,-0.5,-0.06427368638861679,26,0.4704694075225659,1.8737402324227557,0.8668904606465057,0
3,19,-1.447740052934688,-0.047517868347502434,-0.03392250485457668,-0.0448807573515478,-0.03388509716336802,30,neutral,-0.5,0.03388482847826553,19,-0.12830983841524524,2.04448957086932,0.8853896352465853,1
3,19,-1.447740052934688,-0.047517868347502434,-0.03392250485457668,-0.0448807573515478,-0.03388509716336802,31,neutral,-0.5,0.10063449276941816,30,0.8126289766298865,1.9971679409638292,0.8804994091266182,1
3,19,-1.447740052934688,-0.047517868347502434,-0.03392250485457668,-0.0448807573515478,-0.03388509716336802,32,neutral,-0.5,-0.16523159438711074,23,0.2138497306920754,1.8038926773869826,0.858622127846681,1
3,19,-1.447740052934688,-0.047517868347502434,-0.03392250485457668,-0.0448807573515478,-0.03388509716336802,33,neutral,-0.5,-0.17814514840944695,36,1.3258683302908676,1.6561675938595224,0.839722877074869,1
3,19,-1.447740052934688,-0.047517868347502434,-0.03392250485457668,-0.0448807573515478,-0.03388509716336802,34,neutral,-0.5,0.20327413635404867,40,1.668027899398188,1.996106408006057,0.8803876692942214,1
3,19,-1.447740052934688,-0.047517868347502434,-0.03392250485457668,-0.0448807573515478,-0.03388509716336802,35,neutral,-0.5,0.10974661130988755,3,-1.4969481148445278,2.2862732361687863,0.9077337957801864,1
3,19,-1.447740052934688,-0.047517868347502434,-0.03392250485457668,-0.0448807573515478,-0.03388509716336802,36,neutral,-0.5,-0.11455850646691589,22,0.12830983841524524,1.8649358829614178,0.865871228753751,1
3,19,-1.447740052934688,-0.047517868347502434,-0.03392250485457668,-0.0448807573515478,-0.03388509716336802,37,neutral,-0.5,0.022093603635536613,34,1.1547885457372071,1.8771465812129866,0.8672830329682986,1
3,19,-1.447740052934688,-0.047517868347502434,-0.03392250485457668,-0.0448807573515478,-0.03388509716336802,38,neutral,-0.5,-0.03248467960018497,12,-0.7270890843530564,2.050710886370551,0.8860194301267464,1
3,19,-1.447740052934688,-0.047517868347502434,-0.03392250485457668,-0.0448807573515478,-0.03388509716336802,39,neutral,-0.5,-0.021721780340038743,33,1.0692486534603771,1.8437013148916517,0.8633858676322176,1
3,19,-1.447740052934688,-0.047517868347502434,-0.03392250485457668,-0.0448807573515478,-0.03388509716336802,40,neutral,-0.5,-0.04668537349067967,38,1.4969481148445278,1.7668871334698093,0.8540701284365995,1
4,57,1.0793211327115286,0.6953165008086488,0.49753626643684146,0.6582473440728414,0.49714174460056343,1,fear,0.5,-0.08121017626445963,34,1.1547885457372071,0.6509899445433702,0.6572335097271519,1
4,57,1.0793211327115286,0.6953165008086488,0.49753626643684146,0.6582473440728414,0.49714174460056343,2,fear,0.5,0.053067844990018875,10,-0.8981688689067168,-0.6394192714538868,0.3453778256700303,0
4,57,1.0793211327115286,0.6953165008086488,0.49753626643684146,0.6582473440728414,0.49714174460056343,3,fear,0.5,-0.11676296957720594,32,0.9837087611835469,0.49671321479297936,0.6216866141559377,0
4,57,1.0793211327115286,0.6953165008086488,0.49753626643684146,0.6582473440728414,0.49714174460056343,4,fear,0.5,-0.11848507274328071,31,0.8981688689067168,0.43562914340808234,0.6072170517256584,1
4,57,1.0793211327115286,0.6953165008086488,0.49753626643684146,0.6582473440728414,0.49714174460056343,5,fear,0.5,-0.027683151933853067,4,-1.4114082225676976,-1.0763420776906925,0.2541988684411767,0
4,57,1.0793211327115286,0.6953165008086488,0.49753626643684146,0.6582473440728414,0.49714174460056343,6,fear,0.5,0.06278918644554837,18,-0.2138497306920754,-0.15480218424777883,0.4613765532600694,1
4,57,1.0793211327115286,0.6953165008086488,0.49753626643684146,0.6582473440728414,0.49714174460056343,7,fear,0.5,-0.04999597070532241,16,-0.3849295152457357,-0.3863112778362941,0.4046055999496806,1
4,57,1.0793211327115286,0.6953165008086488,0.49753626643684146,0.6582473440728414,0.49714174460056343,8,fear,0.5,0.01022656605323173,35,1.2403284380140374,0.8017886550798838,0.6903569617245021,1
4,57,1.0793211327115286,0.6953165008086488,0.49753626643684146,0.6582473440728414,0.49714174460056343,9,fear,0.5,0.07192665896287707,24,0.2993896229689056,0.21050709758248382,0.5524332931629118,0
4,57,1.0793211327115286,0.6953165008086488,0.49753626643684146,0.6582473440728414,0.49714174460056343,10,fear,0.5,-0.12515440144751105,8,-1.0692486534603771,-0.9363654543290614,0.28163508816203653,0
4,57,1.0793211327115286,0.6953165008086488,0.49753626643684146,0.6582473440728414,0.49714174460056343,11,fear,0.5,0.1274762977942073,6,-1.2403284380140374,-0.8024586915249876,0.30949982672409915,0
4,57,1.0793211327115286,0.6953165008086488,0.49753626643684146,0.6582473440728414,0.49714174460056343,12,fear,0.5,0.19901381146458244,14,-0.5560092997993961,-0.256025432104034,0.4363409948013088,1
4,57,1.0793211327115286,0.6953165008086488,0.49753626643684146,0.6582473440728414,0.49714174460056343,13,fear,0.5,-0.07533295985117497,19,-0.12830983841524524,-0.23356236232567976,0.4418734099466159,0
4,57,1.0793211327115286,0.6953165008086488,0.49753626643684146,0.6582473440728414,0.49714174460056343,14,fear,0.5,0.01703070109921553,30,0.8126289766298865,0.5117829490317561,0.6252243462454887,0
4,57,1.0793211327115286,0.6953165008086488,0.49753626643684146,0.6582473440728414,0.49714174460056343,15,fear,0.5,0.02684780492684079,20,-0.04276994613841508,-0.0720196293288417,0.4820028709949673,0
4,57,1.0793211327115286,0.6953165008086488,0.49753626643684146,0.6582473440728414,0.49714174460056343,16,fear,0.5,0.20218327567498928,11,-0.8126289766298865,-0.430941872550094,0.3939014435425619,0
4,57,1.0793211327115286,0.6953165008086488,0.49753626643684146,0.6582473440728414,0.49714174460056343,17,fear,0.5,-0.1334771970566687,17,-0.2993896229689056,-0.4104305359688181,0.39880889119720486,0
4,57,1.0793211327115286,0.6953165008086488,0.49753626643684146,0.6582473440728414,0.49714174460056343,18,fear,0.5,-0.019829893319496802,38,1.4969481148445278,0.9498181003636222,0.7210785950652997,1
4,57,1.0793211327115286,0.6953165008086488,0.49753626643684146,0.6582473440728414,0.49714174460056343,19,fear,0.5,0.03493782098342581,21,0.04276994613841508,-0.004567645053434384,0.49885809072198145,0
4,57,1.0793211327115286,0.6953165008086488,0.49753626643684146,0.6582473440728414,0.49714174460056343,20,fear,0.5,0.050130844365563365,12,-0.7270890843530564,-0.5236323356406976,0.3720032651525634,0
4,57,1.0793211327115286,0.6953165008086488,0.49753626643684146,0.6582473440728414,0.49714174460056343,21,neutral,-0.5,-0.034648782698473574,1,-1.668027899398188,-1.006803054939716,0.2676059639480697,0
4,57,1.0793211327115286,0.6953165008086488,0.49753626643684146,0.6582473440728414,0.49714174460056343,22,neutral,-0.5,0.20511447081031445,13,-0.6415491920762262,-0.3331567788670109,0.41747272906014915,1
4,57,1.0793211327115286,0.6953165008086488,0.49753626643684146,0.6582473440728414,0.49714174460056343,23,neutral,-0.5,0.06768230030033125,27,0.5560092997993961,0.03560791028090945,0.5089010371040918,0
4,57,1.0793211327115286,0.6953165008086488,0.49753626643684146,0.6582473440728414,0.49714174460056343,24,neutral,-0.5,-0.08847636608881047,40,1.668027899398188,0.3494891850026779,0.5864937021328371,1
4,57,1.0793211327115286,0.6953165008086488,0.49753626643684146,0.6582473440728414,0.49714174460056343,25,neutral,-0.5,-0.06387461728079331,22,0.12830983841524524,-0.2767336000351807,0.4312547587732307,0
4,57,1.0793211327115286,0.6953165008086488,0.49753626643684146,0.6582473440728414,0.49714174460056343,26,neutral,-0.5,0.020253570607942934,33,1.0692486534603771,0.20512069187047982,0.5511011272933504,0
4,57,1.0793211327115286,0.6953165008086488,0.49753626643684146,0.6582473440728414,0.49714174460056343,27,neutral,-0.5,-0.1657771424201549,25,0.3849295152457357,-0.2701653695335629,0.4328664975056748,1
4,57,1.0793211327115286,0.6953165008086488,0.49753626643684146,0.6582473440728414,0.49714174460056343,28,neutral,-0.5,0.03240578810212312,3,-1.4969481148445278,-0.8674346470451334,0.29578837881856734,0
4,57,1.0793211327115286,0.6953165008086488,0.49753626643684146,0.6582473440728414,0.49714174460056343,29,neutral,-0.5,-0.06427368638861679,26,0.4704694075225659,-0.1325049949550317,0.46692213436013813,1
4,57,1.0793211327115286,0.6953165008086488,0.49753626643684146,0.6582473440728414,0.49714174460056343,30,neutral,-0.5,0.03388482847826553,9,-0.9837087611835469,-0.649014095387032,0.34321174305671504,0
4,57,1.0793211327115286,0.6953165008086488,0.49753626643684146,0.6582473440728414,0.49714174460056343,31,neutral,-0.5,0.10063449276941816,39,1.582488007121358,0.5024431253139134,0.623033302711701,1
4,57,1.0793211327115286,0.6953165008086488,0.49753626643684146,0.6582473440728414,0.49714174460056343,32,neutral,-0.5,-0.16523159438711074,28,0.6415491920762262,-0.16114906585953953,0.45979969279125577,0
4,57,1.0793211327115286,0.6953165008086488,0.49753626643684146,0.6582473440728414,0.49714174460056343,33,neutral,-0.5,-0.17814514840944695,7,-1.1547885457372071,-0.9333579093687308,0.28224396434562105,0
4,57,1.0793211327115286,0.6953165008086488,0.49753626643684146,0.6582473440728414,0.49714174460056343,34,neutral,-0.5,0.20327413635404867,15,-0.4704694075225659,-0.2626832762292904,0.4347042142421923,0
4,57,1.0793211327115286,0.6953165008086488,0.49753626643684146,0.6582473440728414,0.49714174460056343,35,neutral,-0.5,0.10974661130988755,23,0.2138497306920754,-0.06695545289750676,0.48326738737936703,0
4,57,1.0793211327115286,0.6953165008086488,0.49753626643684146,0.6582473440728414,0.49714174460056343,36,neutral,-0.5,-0.11455850646691589,36,1.3258683302908676,0.17877937043660017,0.5445761769257007,0
4,57,1.0793211327115286,0.6953165008086488,0.49753626643684146,0.6582473440728414,0.49714174460056343,37,neutral,-0.5,0.022093603635536613,2,-1.582488007121358,-0.9139037500587128,0.2862016739260502,1
4,57,1.0793211327115286,0.6953165008086488,0.49753626643684146,0.6582473440728414,0.49714174460056343,38,neutral,-0.5,-0.03248467960018497,29,0.7270890843530564,0.007754767474379351,0.5019386821531544,1
4,57,1.0793211327115286,0.6953165008086488,0.49753626643684146,0.6582473440728414,0.49714174460056343,39,neutral,-0.5,-0.021721780340038743,37,1.4114082225676976,0.3077730151104704,0.576341586517515,1
4,57,1.0793211327115286,0.6953165008086488,0.49753626643684146,0.6582473440728414,0.49714174460056343,40,neutral,-0.5,-0.04668537349067967,5,-1.3258683302908676,-0.8742119715439498,0.294378634791338,1
5,30,-0.7162223413002569,-0.20929358555519653,-0.14965887582336396,-0.1979746947593793,-0.14955310299829894,1,fear,0.5,-0.08121017626445963,19,-0.12830983841524524,-0.48081634435782844,0.38205937593657546,1
5,30,-0.7162223413002569,-0.20929358555519653,-0.14965887582336396,-0.1979746947593793,-0.14955310299829894,2,fear,0.5,0.053067844990018875,1,-1.668027899398188,-0.16950859758683845,0.45772402902986425,1
5,30,-0.7162223413002569,-0.20929358555519653,-0.14965887582336396,-0.1979746947593793,-0.14955310299829894,3,fear,0.5,-0.11676296957720594,33,1.0692486534603771,-0.6540589241834172,0.3420754518337427,0
5,30,-0.7162223413002569,-0.20929358555519653,-0.14965887582336396,-0.1979746947593793,-0.14955310299829894,4,fear,0.5,-0.11848507274328071,6,-1.2403284380140374,-0.3902364390747245,0.4036603841054135,0
5,30,-0.7162223413002569,-0.20929358555519653,-0.14965887582336396,-0.1979746947593793,-0.14955310299829894,5,fear,0.5,-0.027683151933853067,17,-0.2993896229689056,-0.40761935052538734,0.39948309337398774,0
5,30,-0.7162223413002569,-0.20929358555519653,-0.14965887582336396,-0.1979746947593793,-0.14955310299829894,6,fear,0.5,0.06278918644554837,8,-1.0692486534603771,-0.22863214938773005,0.44308965155095,1
5,30,-0.7162223413002569,-0.20929358555519653,-0.14965887582336396,-0.1979746947593793,-0.14955310299829894,7,fear,0.5,-0.04999597070532241,40,1.668027899398188,-0.6561368185679548,0.34160795483967016,0
5,30,-0.7162223413002569,-0.20929358555519653,-0.14965887582336396,-0.1979746947593793,-0.14955310299829894,8,fear,0.5,0.01022656605323173,29,0.7270890843530564,-0.48772944954931025,0.3804285969957413,0
5,30,-0.7162223413002569,-0.20929358555519653,-0.14965887582336396,-0.1979746947593793,-0.14955310299829894,9,fear,0.5,0.07192665896287707,32,0.9837087611835469,-0.45553431089241686,0.38804574261013863,0
5,30,-0.7162223413002569,-0.20929358555519653,-0.14965887582336396,-0.1979746947593793,-0.14955310299829894,10,fear,0.5,-0.12515440144751105,34,1.1547885457372071,-0.6722853408046395,0.3379853037838362,1
5,30,-0.7162223413002569,-0.20929358555519653,-0.14965887582336396,-0.1979746947593793,-0.14955310299829894,11,fear,0.5,0.1274762977942073,2,-1.582488007121358,-0.10493512953356729,0.4737902636542507,1
5,30,-0.7162223413002569,-0.20929358555519653,-0.14965887582336396,-0.1979746947593793,-0.14955310299829894,12,fear,0.5,0.19901381146458244,10,-0.8981688689067168,-0.11207749387053062,0.47200991986706625,1
5,30,-0.7162223413002569,-0.20929358555519653,-0.14965887582336396,-0.1979746947593793,-0.14955310299829894,13,fear,0.5,-0.07533295985117497,22,0.12830983841524524,-0.5044440821972958,0.37649686276179617,1
5,30,-0.7162223413002569,-0.20929358555519653,-0.14965887582336396,-0.1979746947593793,-0.14955310299829894,14,fear,0.5,0.01703070109921553,35,1.2403284380140374,-0.5399352230088303,0.36820265117164447,0
5,30,-0.7162223413002569,-0.20929358555519653,-0.14965887582336396,-0.1979746947593793,-0.14955310299829894,15,fear,0.5,0.02684780492684079,5,-1.3258683302908676,-0.2350685766536857,0.44150197800117236,1
5,30,-0.7162223413002569,-0.20929358555519653,-0.14965887582336396,-0.1979746947593793,-0.14955310299829894,16,fear,0.5,0.20218327567498928,15,-0.4704694075225659,-0.15808295341471024,0.4605613591516476,0
5,30,-0.7162223413002569,-0.20929358555519653,-0.14965887582336396,-0.1979746947593793,-0.14955310299829894,17,fear,0.5,-0.1334771970566687,39,1.582488007121358,-0.7297830601683838,0.32524233517567325,0
5,30,-0.7162223413002569,-0.20929358555519653,-0.14965887582336396,-0.1979746947593793,-0.14955310299829894,18,fear,0.5,-0.019829893319496802,9,-0.9837087611835469,-0.3210862139036925,0.4204110520322798,0
5,30,-0.7162223413002569,-0.20929358555519653,-0.14965887582336396,-0.1979746947593793,-0.14955310299829894,19,fear,0.5,0.03493782098342581,11,-0.8126289766298865,-0.28598846910260456,0.4289862386564266,0
5,30,-0.7162223413002569,-0.20929358555519653,-0.14965887582336396,-0.1979746947593793,-0.14955310299829894,20,fear,0.5,0.050130844365563365,30,0.8126289766298865,-0.4576601559878959,0.38754104646589704,0
5,30,-0.7162223413002569,-0.20929358555519653,-0.14965887582336396,-0.1979746947593793,-0.14955310299829894,21,neutral,-0.5,-0.034648782698473574,26,0.4704694075225659,1.0606587350840495,0.7428164103066542,1
5,30,-0.7162223413002569,-0.20929358555519653,-0.14965887582336396,-0.1979746947593793,-0.14955310299829894,22,neutral,-0.5,0.20511447081031445,24,0.2993896229689056,1.3173018803772882,0.7887324594773292,1
5,30,-0.7162223413002569,-0.20929358555519653,-0.14965887582336396,-0.1979746947593793,-0.14955310299829894,23,neutral,-0.5,0.06768230030033125,38,1.4969481148445278,1.0617104673761488,0.7430172821277657,0
5,30,-0.7162223413002569,-0.20929358555519653,-0.14965887582336396,-0.1979746947593793,-0.14955310299829894,24,neutral,-0.5,-0.08847636608881047,7,-1.1547885457372071,1.1671901236459956,0.7626367418817068,0
5,30,-0.7162223413002569,-0.20929358555519653,-0.14965887582336396,-0.1979746947593793,-0.14955310299829894,25,neutral,-0.5,-0.06387461728079331,31,0.8981688689067168,0.9892331710406023,0.7289364326668886,1
5,30,-0.7162223413002569,-0.20929358555519653,-0.14965887582336396,-0.1979746947593793,-0.14955310299829894,26,neutral,-0.5,0.020253570607942934,28,0.6415491920762262,1.0986811966060148,0.7500129200157791,1
5,30,-0.7162223413002569,-0.20929358555519653,-0.14965887582336396,-0.1979746947593793,-0.14955310299829894,27,neutral,-0.5,-0.1657771424201549,27,0.5560092997993961,0.9210904294701425,0.7152642361126356,1
5,30,-0.7162223413002569,-0.20929358555519653,-0.14965887582336396,-0.1979746947593793,-0.14955310299829894,28,neutral,-0.5,0.03240578810212312,12,-0.7270890843530564,1.245872548375802,0.7765845618660089,1
5,30,-0.7162223413002569,-0.20929358555519653,-0.14965887582336396,-0.1979746947593793,-0.14955310299829894,29,neutral,-0.5,-0.06427368638861679,14,-0.5560092997993961,1.1323131821006114,0.7562655359827178,1
5,30,-0.7162223413002569,-0.20929358555519653,-0.14965887582336396,-0.1979746947593793,-0.14955310299829894,30,neutral,-0.5,0.03388482847826553,13,-0.6415491920762262,1.238911642859719,0.7753745131409143,1
5,30,-0.7162223413002569,-0.20929358555519653,-0.14965887582336396,-0.1979746947593793,-0.14955310299829894,31,neutral,-0.5,0.10063449276941816,37,1.4114082225676976,1.1031026057374613,0.7508409889606645,0
5,30,-0.7162223413002569,-0.20929358555519653,-0.14965887582336396,-0.1979746947593793,-0.14955310299829894,32,neutral,-0.5,-0.16523159438711074,4,-1.4114082225676976,1.1157547330243718,0.7532004142128265,1
5,30,-0.7162223413002569,-0.20929358555519653,-0.14965887582336396,-0.1979746947593793,-0.14955310299829894,33,neutral,-0.5,-0.17814514840944695,21,0.04276994613841508,0.9593620988342031,0.7229940685071364,0
5,30,-0.7162223413002569,-0.20929358555519653,-0.14965887582336396,-0.1979746947593793,-0.14955310299829894,34,neutral,-0.5,0.20327413635404867,3,-1.4969481148445278,1.492700409657757,0.8164832433818051,1
5,30,-0.7162223413002569,-0.20929358555519653,-0.14965887582336396,-0.1979746947593793,-0.14955310299829894,35,neutral,-0.5,0.10974661130988755,18,-0.2138497306920754,1.272573696230214,0.7811830039167136,1
5,30,-0.7162223413002569,-0.20929358555519653,-0.14965887582336396,-0.1979746947593793,-0.14955310299829894,36,neutral,-0.5,-0.11455850646691589,23,0.2138497306920754,1.0060688489922833,0.7322501122663165,0
5,30,-0.7162223413002569,-0.20929358555519653,-0.14965887582336396,-0.1979746947593793,-0.14955310299829894,37,neutral,-0.5,0.022093603635536613,36,1.3258683302908676,1.033001662495805,0.7374974167375067,0
5,30,-0.7162223413002569,-0.20929358555519653,-0.14965887582336396,-0.1979746947593793,-0.14955310299829894,38,neutral,-0.5,-0.03248467960018497,16,-0.3849295152457357,1.1472222971045924,0.7590031925073895,1
5,30,-0.7162223413002569,-0.20929358555519653,-0.14965887582336396,-0.1979746947593793,-0.14955310299829894,39,neutral,-0.5,-0.021721780340038743,20,-0.04276994613841508,1.1242254127958367,0.7547716457254945,1
5,30,-0.7162223413002569,-0.20929358555519653,-0.14965887582336396,-0.1979746947593793,-0.14955310299829894,40,neutral,-0.5,-0.04668537349067967,25,0.3849295152457357,1.0570620901840686,0.7421287067314346,1
6,20,-1.3812384427861033,0.15018713246297688,0.10745010458173408,0.14208638800066564,0.10732415192608148,1,fear,0.5,-0.08121017626445963,9,-0.9837087611835469,0.07466066377196803,0.5186565004697262,1
6,20,-1.3812384427861033,0.15018713246297688,0.10745010458173408,0.14208638800066564,0.10732415192608148,2,fear,0.5,0.053067844990018875,6,-1.2403284380140374,0.124145477210993,0.5309965693407053,0
6,20,-1.3812384427861033,0.15018713246297688,0.10745010458173408,0.14208638800066564,0.10732415192608148,3,fear,0.5,-0.11676296957720594,31,0.8981688689067168,0.6609247277725482,0.6594680851154763,1
6,20,-1.3812384427861033,0.15018713246297688,0.10745010458173408,0.14208638800066564,0.10732415192608148,4,fear,0.5,-0.11848507274328071,36,1.3258683302908676,0.8005246376322295,0.6900866950176245,1
6,20,-1.3812384427861033,0.15018713246297688,0.10745010458173408,0.14208638800066564,0.10732415192608148,5,fear,0.5,-0.027683151933853067,29,0.7270890843530564,0.6934757402055987,0.666739675922617,0
6,20,-1.3812384427861033,0.15018713246297688,0.10745010458173408,0.14208638800066564,0.10732415192608148,6,fear,0.5,0.06278918644554837,23,0.2138497306920754,0.6143616629540929,0.6489351131927664,1
6,20,-1.3812384427861033,0.15018713246297688,0.10745010458173408,0.14208638800066564,0.10732415192608148,7,fear,0.5,-0.04999597070532241,13,-0.6415491920762262,0.2189324797517102,0.5545155430269836,1
6,20,-1.3812384427861033,0.15018713246297688,0.10745010458173408,0.14208638800066564,0.10732415192608148,8,fear,0.5,0.01022656605323173,40,1.668027899398188,1.0422938868493465,0.7392923705360761,1
6,20,-1.3812384427861033,0.15018713246297688,0.10745010458173408,0.14208638800066564,0.10732415192608148,9,fear,0.5,0.07192665896287707,37,1.4114082225676976,1.0192007719435383,0.7348168902963833,1
6,20,-1.3812384427861033,0.15018713246297688,0.10745010458173408,0.14208638800066564,0.10732415192608148,10,fear,0.5,-0.12515440144751105,5,-1.3258683302908676,-0.08234117183168815,0.47942632996988066,0
6,20,-1.3812384427861033,0.15018713246297688,0.10745010458173408,0.14208638800066564,0.10732415192608148,11,fear,0.5,0.1274762977942073,24,0.2993896229689056,0.7073131769079031,0.669807198542459,1
6,20,-1.3812384427861033,0.15018713246297688,0.10745010458173408,0.14208638800066564,0.10732415192608148,12,fear,0.5,0.19901381146458244,20,-0.04276994613841508,0.6657930801576731,0.6605605204026779,1
6,20,-1.3812384427861033,0.15018713246297688,0.10745010458173408,0.14208638800066564,0.10732415192608148,13,fear,0.5,-0.07533295985117497,34,1.1547885457372071,0.7871479453140326,0.687218611315272,1
6,20,-1.3812384427861033,0.15018713246297688,0.10745010458173408,0.14208638800066564,0.10732415192608148,14,fear,0.5,0.01703070109921553,35,1.2403284380140374,0.9077760088695742,0.7125448498786596,0
6,20,-1.3812384427861033,0.15018713246297688,0.10745010458173408,0.14208638800066564,0.10732415192608148,15,fear,0.5,0.02684780492684079,22,0.12830983841524524,0.5501558788302341,0.6341717553346025,1
6,20,-1.3812384427861033,0.15018713246297688,0.10745010458173408,0.14208638800066564,0.10732415192608148,16,fear,0.5,0.20218327567498928,38,1.4969481148445278,1.1777217912608018,0.7645379285434759,0
6,20,-1.3812384427861033,0.15018713246297688,0.10745010458173408,0.14208638800066564,0.10732415192608148,17,fear,0.5,-0.1334771970566687,10,-0.8981688689067168,0.05065804558491037,0.5126618037456472,0
6,20,-1.3812384427861033,0.15018713246297688,0.10745010458173408,0.14208638800066564,0.10732415192608148,18,fear,0.5,-0.019829893319496802,18,-0.2138497306920754,0.3904205701632916,0.5963839389005042,1
6,20,-1.3812384427861033,0.15018713246297688,0.10745010458173408,0.14208638800066564,0.10732415192608148,19,fear,0.5,0.03493782098342581,4,-1.4114082225676976,0.04948664799409744,0.5123691378405413,1
6,20,-1.3812384427861033,0.15018713246297688,0.10745010458173408,0.14208638800066564,0.10732415192608148,20,fear,0.5,0.050130844365563365,32,0.9837087611835469,0.8560829443204685,0.7018416200243702,1
6,20,-1.3812384427861033,0.15018713246297688,0.10745010458173408,0.14208638800066564,0.10732415192608148,21,neutral,-0.5,-0.034648782698473574,17,-0.2993896229689056,2.0077136440456456,0.8816045852011487,1
6,20,-1.3812384427861033,0.15018713246297688,0.10745010458173408,0.14208638800066564,0.10732415192608148,22,neutral,-0.5,0.20511447081031445,25,0.3849295152457357,2.2179497584548526,0.9018498645749627,1
6,20,-1.3812384427861033,0.15018713246297688,0.10745010458173408,0.14208638800066564,0.10732415192608148,23,neutral,-0.5,0.06768230030033125,39,1.582488007121358,2.028845094520603,0.8837925178875872,1
6,20,-1.3812384427861033,0.15018713246297688,0.10745010458173408,0.14208638800066564,0.10732415192608148,24,neutral,-0.5,-0.08847636608881047,27,0.5560092997993961,1.9169771367808324,0.8718009658079475,1
6,20,-1.3812384427861033,0.15018713246297688,0.10745010458173408,0.14208638800066564,0.10732415192608148,25,neutral,-0.5,-0.06387461728079331,2,-1.582488007121358,2.0338511952750404,0.8843056739707603,0
6,20,-1.3812384427861033,0.15018713246297688,0.10745010458173408,0.14208638800066564,0.10732415192608148,26,neutral,-0.5,0.020253570607942934,11,-0.8126289766298865,2.084761351676748,0.8894132162490556,0
6,20,-1.3812384427861033,0.15018713246297688,0.10745010458173408,0.14208638800066564,0.10732415192608148,27,neutral,-0.5,-0.1657771424201549,33,1.0692486534603771,1.8175310061248016,0.8602696035321681,1
6,20,-1.3812384427861033,0.15018713246297688,0.10745010458173408,0.14208638800066564,0.10732415192608148,28,neutral,-0.5,0.03240578810212312,7,-1.1547885457372071,2.1116771387207187,0.8920329649610597,1
6,20,-1.3812384427861033,0.15018713246297688,0.10745010458173408,0.14208638800066564,0.10732415192608148,29,neutral,-0.5,-0.06427368638861679,26,0.4704694075225659,1.9448707088684736,0.8748862669077745,1
6,20,-1.3812384427861033,0.15018713246297688,0.10745010458173408,0.14208638800066564,0.10732415192608148,30,neutral,-0.5,0.03388482847826553,15,-0.4704694075225659,2.08362903999728,0.8893017959588354,1
6,20,-1.3812384427861033,0.15018713246297688,0.10745010458173408,0.14208638800066564,0.10732415192608148,31,neutral,-0.5,0.10063449276941816,12,-0.7270890843530564,2.1614513814507754,0.8967340269399419,1
6,20,-1.3812384427861033,0.15018713246297688,0.10745010458173408,0.14208638800066564,0.10732415192608148,32,neutral,-0.5,-0.16523159438711074,1,-1.668027899398188,1.936185110556171,0.8739324390512324,1
6,20,-1.3812384427861033,0.15018713246297688,0.10745010458173408,0.14208638800066564,0.10732415192608148,33,neutral,-0.5,-0.17814514840944695,21,0.04276994613841508,1.8494537087848817,0.8640629493858464,1
6,20,-1.3812384427861033,0.15018713246297688,0.10745010458173408,0.14208638800066564,0.10732415192608148,34,neutral,-0.5,0.20327413635404867,3,-1.4969481148445278,2.297309056522435,0.9086539308681132,1
6,20,-1.3812384427861033,0.15018713246297688,0.10745010458173408,0.14208638800066564,0.10732415192608148,35,neutral,-0.5,0.10974661130988755,30,0.8126289766298865,2.1041274370171874,0.8913036970508088,1
6,20,-1.3812384427861033,0.15018713246297688,0.10745010458173408,0.14208638800066564,0.10732415192608148,36,neutral,-0.5,-0.11455850646691589,8,-1.0692486534603771,1.9610219517642324,0.8766435085034435,1
6,20,-1.3812384427861033,0.15018713246297688,0.10745010458173408,0.14208638800066564,0.10732415192608148,37,neutral,-0.5,0.022093603635536613,28,0.6415491920762262,2.0238562141177314,0.8832791615347885,1
6,20,-1.3812384427861033,0.15018713246297688,0.10745010458173408,0.14208638800066564,0.10732415192608148,38,neutral,-0.5,-0.03248467960018497,14,-0.5560092997993961,2.0209504243062772,0.8829792492676769,1
6,20,-1.3812384427861033,0.15018713246297688,0.10745010458173408,0.14208638800066564,0.10732415192608148,39,neutral,-0.5,-0.021721780340038743,16,-0.3849295152457357,2.0243315387915284,0.8833281571957164,1
6,20,-1.3812384427861033,0.15018713246297688,0.10745010458173408,0.14208638800066564,0.10732415192608148,40,neutral,-0.5,-0.04668537349067967,19,-0.12830983841524524,1.9882952684785444,0.8795626684212884,1
7,62,1.4118291834544519,-0.16671457172455992,-0.11922742275230566,-0.15785698326888348,-0.11908821695868162,1,fear,0.5,-0.08121017626445963,39,1.582488007121358,-2.016129381974606,0.11751981454977167,0
7,62,1.4118291834544519,-0.16671457172455992,-0.11922742275230566,-0.15785698326888348,-0.11908821695868162,2,fear,0.5,0.053067844990018875,38,1.4969481148445278,-1.8595394638849274,0.1347567402160458,1
7,62,1.4118291834544519,-0.16671457172455992,-0.11922742275230566,-0.15785698326888348,-0.11908821695868162,3,fear,0.5,-0.11676296957720594,24,0.2993896229689056,-1.717003722759355,0.15225750578243694,0
7,62,1.4118291834544519,-0.16671457172455992,-0.11922742275230566,-0.15785698326888348,-0.11908821695868162,4,fear,0.5,-0.11848507274328071,37,1.4114082225676976,-2.0087804847830273,0.11828410548562321,0
7,62,1.4118291834544519,-0.16671457172455992,-0.11922742275230566,-0.15785698326888348,-0.11908821695868162,5,fear,0.5,-0.027683151933853067,6,-1.2403284380140374,-1.2263097620824066,0.22682795623155438,0
7,62,1.4118291834544519,-0.16671457172455992,-0.11922742275230566,-0.15785698326888348,-0.11908821695868162,6,fear,0.5,0.06278918644554837,3,-1.4969481148445278,-1.068901733197406,0.25561200025063197,0
7,62,1.4118291834544519,-0.16671457172455992,-0.11922742275230566,-0.15785698326888348,-0.11908821695868162,7,fear,0.5,-0.04999597070532241,2,-1.582488007121358,-1.1593749935130768,0.23878087064213988,1
7,62,1.4118291834544519,-0.16671457172455992,-0.11922742275230566,-0.15785698326888348,-0.11908821695868162,8,fear,0.5,0.01022656605323173,17,-0.2993896229689056,-1.4338309092825197,0.19250248588211302,0
7,62,1.4118291834544519,-0.16671457172455992,-0.11922742275230566,-0.15785698326888348,-0.11908821695868162,9,fear,0.5,0.07192665896287707,1,-1.668027899398188,-1.015140467009678,0.2659750588757958,0
7,62,1.4118291834544519,-0.16671457172455992,-0.11922742275230566,-0.15785698326888348,-0.11908821695868162,10,fear,0.5,-0.12515440144751105,33,1.0692486534603771,-1.926202226146458,0.12717153243059306,0
7,62,1.4118291834544519,-0.16671457172455992,-0.11922742275230566,-0.15785698326888348,-0.11908821695868162,11,fear,0.5,0.1274762977942073,27,0.5560092997993961,-1.539700145893541,0.17657886896992156,0
7,62,1.4118291834544519,-0.16671457172455992,-0.11922742275230566,-0.15785698326888348,-0.11908821695868162,12,fear,0.5,0.19901381146458244,11,-0.8126289766298865,-1.1111722828599702,0.24765240340064754,0
7,62,1.4118291834544519,-0.16671457172455992,-0.11922742275230566,-0.15785698326888348,-0.11908821695868162,13,fear,0.5,-0.07533295985117497,25,0.3849295152457357,-1.6978856098685242,0.1547416183854828,0
7,62,1.4118291834544519,-0.16671457172455992,-0.11922742275230566,-0.15785698326888348,-0.11908821695868162,14,fear,0.5,0.01703070109921553,16,-0.3849295152457357,-1.4047148774013358,0.19706899744644127,0
7,62,1.4118291834544519,-0.16671457172455992,-0.11922742275230566,-0.15785698326888348,-0.11908821695868162,15,fear,0.5,0.02684780492684079,30,0.8126289766298865,-1.707264329266507,0.15351888159169483,0
7,62,1.4118291834544519,-0.16671457172455992,-0.11922742275230566,-0.15785698326888348,-0.11908821695868162,16,fear,0.5,0.20218327567498928,7,-1.1547885457372071,-1.0187552313087644,0.265269937292245,0
7,62,1.4118291834544519,-0.16671457172455992,-0.11922742275230566,-0.15785698326888348,-0.11908821695868162,17,fear,0.5,-0.1334771970566687,34,1.1547885457372071,-1.9568369185908157,0.12380977342353025,0
7,62,1.4118291834544519,-0.16671457172455992,-0.11922742275230566,-0.15785698326888348,-0.11908821695868162,18,fear,0.5,-0.019829893319496802,31,0.8981688689067168,-1.7762539243480444,0.14476631516849486,0
7,62,1.4118291834544519,-0.16671457172455992,-0.11922742275230566,-0.15785698326888348,-0.11908821695868162,19,fear,0.5,0.03493782098342581,36,1.3258683302908676,-1.8330456942211206,0.13787584394195823,1
7,62,1.4118291834544519,-0.16671457172455992,-0.11922742275230566,-0.15785698326888348,-0.11908821695868162,20,fear,0.5,0.050130844365563365,32,0.9837087611835469,-1.728605083498184,0.15076609183356052,0
7,62,1.4118291834544519,-0.16671457172455992,-0.11922742275230566,-0.15785698326888348,-0.11908821695868162,21,neutral,-0.5,-0.034648782698473574,19,-0.12830983841524524,-1.124181263302041,0.24523652605841353,0
7,62,1.4118291834544519,-0.16671457172455992,-0.11922742275230566,-0.15785698326888348,-0.11908821695868162,22,neutral,-0.5,0.20511447081031445,29,0.7270890843530564,-0.7555796238847554,0.3196067461147906,0
7,62,1.4118291834544519,-0.16671457172455992,-0.11922742275230566,-0.15785698326888348,-0.11908821695868162,23,neutral,-0.5,0.06768230030033125,35,1.2403284380140374,-0.8157087628496404,0.3066753289222622,0
7,62,1.4118291834544519,-0.16671457172455992,-0.11922742275230566,-0.15785698326888348,-0.11908821695868162,24,neutral,-0.5,-0.08847636608881047,21,0.04276994613841508,-1.1522411695106785,0.24007996240592974,0
7,62,1.4118291834544519,-0.16671457172455992,-0.11922742275230566,-0.15785698326888348,-0.11908821695868162,25,neutral,-0.5,-0.06387461728079331,4,-1.4114082225676976,-1.3466646767471064,0.20641619128690875,0
7,62,1.4118291834544519,-0.16671457172455992,-0.11922742275230566,-0.15785698326888348,-0.11908821695868162,26,neutral,-0.5,0.020253570607942934,15,-0.4704694075225659,-1.1208142643590233,0.24586027711197045,0
7,62,1.4118291834544519,-0.16671457172455992,-0.11922742275230566,-0.15785698326888348,-0.11908821695868162,27,neutral,-0.5,-0.1657771424201549,12,-0.7270890843530564,-1.3454964931596702,0.20660761537229597,1
7,62,1.4118291834544519,-0.16671457172455992,-0.11922742275230566,-0.15785698326888348,-0.11908821695868162,28,neutral,-0.5,0.03240578810212312,8,-1.0692486534603771,-1.1988489170007908,0.2316800510578444,0
7,62,1.4118291834544519,-0.16671457172455992,-0.11922742275230566,-0.15785698326888348,-0.11908821695868162,29,neutral,-0.5,-0.06427368638861679,40,1.668027899398188,-0.88324555658434,0.29250567158670693,1
7,62,1.4118291834544519,-0.16671457172455992,-0.11922742275230566,-0.15785698326888348,-0.11908821695868162,30,neutral,-0.5,0.03388482847826553,28,0.6415491920762262,-0.9396931048076544,0.28096233815050964,0
7,62,1.4118291834544519,-0.16671457172455992,-0.11922742275230566,-0.15785698326888348,-0.11908821695868162,31,neutral,-0.5,0.10063449276941816,9,-0.9837087611835469,-1.1177363737426464,0.24643140434166455,0
7,62,1.4118291834544519,-0.16671457172455992,-0.11922742275230566,-0.15785698326888348,-0.11908821695868162,32,neutral,-0.5,-0.16523159438711074,13,-0.6415491920762262,-1.3320671065357763,0.208817647117009,0
7,62,1.4118291834544519,-0.16671457172455992,-0.11922742275230566,-0.15785698326888348,-0.11908821695868162,33,neutral,-0.5,-0.17814514840944695,10,-0.8981688689067168,-1.3836321763306618,0.20042628977315388,0
7,62,1.4118291834544519,-0.16671457172455992,-0.11922742275230566,-0.15785698326888348,-0.11908821695868162,34,neutral,-0.5,0.20327413635404867,18,-0.2138497306920754,-0.8991421828403682,0.28922681095915126,0
7,62,1.4118291834544519,-0.16671457172455992,-0.11922742275230566,-0.15785698326888348,-0.11908821695868162,35,neutral,-0.5,0.10974661130988755,23,0.2138497306920754,-0.928250514930281,0.283279781852939,0
7,62,1.4118291834544519,-0.16671457172455992,-0.11922742275230566,-0.15785698326888348,-0.11908821695868162,36,neutral,-0.5,-0.11455850646691589,5,-1.3258683302908676,-1.3844647273423796,0.20029290209376208,0
7,62,1.4118291834544519,-0.16671457172455992,-0.11922742275230566,-0.15785698326888348,-0.11908821695868162,37,neutral,-0.5,0.022093603635536613,14,-0.5560092997993961,-1.131858069922279,0.243818363707279,0
7,62,1.4118291834544519,-0.16671457172455992,-0.11922742275230566,-0.15785698326888348,-0.11908821695868162,38,neutral,-0.5,-0.03248467960018497,20,-0.04276994613841508,-1.1091333216129022,0.2480324995060991,0
7,62,1.4118291834544519,-0.16671457172455992,-0.11922742275230566,-0.15785698326888348,-0.11908821695868162,39,neutral,-0.5,-0.021721780340038743,26,0.4704694075225659,-1.021067390807658,0.26481953789685725,1
7,62,1.4118291834544519,-0.16671457172455992,-0.11922742275230566,-0.15785698326888348,-0.11908821695868162,40,neutral,-0.5,-0.04668537349067967,22,0.12830983841524524,-1.0975663383216978,0.25019616696729496,0
8,46,0.3478034210770975,-0.29055736200132254,-0.20794951296918623,-0.2749516172647149,-0.20774950072301068,1,fear,0.5,-0.08121017626445963,19,-0.12830983841524524,-1.1622826563090347,0.2382527620647831,0
8,46,0.3478034210770975,-0.29055736200132254,-0.20794951296918623,-0.2749516172647149,-0.20774950072301068,2,fear,0.5,0.053067844990018875,23,0.2138497306920754,-1.1300114942052455,0.24415897969657846,0
8,46,0.3478034210770975,-0.29055736200132254,-0.20794951296918623,-0.2749516172647149,-0.20774950072301068,3,fear,0.5,-0.11676296957720594,37,1.4114082225676976,-1.6568663157998813,0.16018310540127279,0
8,46,0.3478034210770975,-0.29055736200132254,-0.20794951296918623,-0.2749516172647149,-0.20774950072301068,4,fear,0.5,-0.11848507274328071,34,1.1547885457372071,-1.5820832746029394,0.1705006418521583,0
8,46,0.3478034210770975,-0.29055736200132254,-0.20794951296918623,-0.2749516172647149,-0.20774950072301068,5,fear,0.5,-0.027683151933853067,8,-1.0692486534603771,-0.8282367693140337,0.3040180250602798,0
8,46,0.3478034210770975,-0.29055736200132254,-0.20794951296918623,-0.2749516172647149,-0.20774950072301068,6,fear,0.5,0.06278918644554837,38,1.4969481148445278,-1.5028158745647993,0.1820059216120149,0
8,46,0.3478034210770975,-0.29055736200132254,-0.20794951296918623,-0.2749516172647149,-0.20774950072301068,7,fear,0.5,-0.04999597070532241,29,0.7270890843530564,-1.38608559862662,0.20003340409085835,1
8,46,0.3478034210770975,-0.29055736200132254,-0.20794951296918623,-0.2749516172647149,-0.20774950072301068,8,fear,0.5,0.01022656605323173,28,0.6415491920762262,-1.3003613470803936,0.2141042091167663,0
8,46,0.3478034210770975,-0.29055736200132254,-0.20794951296918623,-0.2749516172647149,-0.20774950072301068,9,fear,0.5,0.07192665896287707,4,-1.4114082225676976,-0.6266200992666147,0.3482773145030784,0
8,46,0.3478034210770975,-0.29055736200132254,-0.20794951296918623,-0.2749516172647149,-0.20774950072301068,10,fear,0.5,-0.12515440144751105,1,-1.668027899398188,-0.7471960153139863,0.3214325817660703,1
8,46,0.3478034210770975,-0.29055736200132254,-0.20794951296918623,-0.2749516172647149,-0.20774950072301068,11,fear,0.5,0.1274762977942073,27,0.5560092997993961,-1.1576099005517457,0.2391018499115303,0
8,46,0.3478034210770975,-0.29055736200132254,-0.20794951296918623,-0.2749516172647149,-0.20774950072301068,12,fear,0.5,0.19901381146458244,35,1.2403284380140374,-1.2900861051827486,0.2158382369835837,0
8,46,0.3478034210770975,-0.29055736200132254,-0.20794951296918623,-0.2749516172647149,-0.20774950072301068,13,fear,0.5,-0.07533295985117497,33,1.0692486534603771,-1.5134294469231617,0.18043110531372028,1
8,46,0.3478034210770975,-0.29055736200132254,-0.20794951296918623,-0.2749516172647149,-0.20774950072301068,14,fear,0.5,0.01703070109921553,14,-0.5560092997993961,-0.9365332050069985,0.28160115063074376,0
8,46,0.3478034210770975,-0.29055736200132254,-0.20794951296918623,-0.2749516172647149,-0.20774950072301068,15,fear,0.5,0.02684780492684079,16,-0.3849295152457357,-0.9777195307547176,0.2733445128820759,0
8,46,0.3478034210770975,-0.29055736200132254,-0.20794951296918623,-0.2749516172647149,-0.20774950072301068,16,fear,0.5,0.20218327567498928,10,-0.8981688689067168,-0.6493737712805357,0.3431306704094783,0
8,46,0.3478034210770975,-0.29055736200132254,-0.20794951296918623,-0.2749516172647149,-0.20774950072301068,17,fear,0.5,-0.1334771970566687,17,-0.2993896229689056,-1.1635462475258995,0.23802351079092957,1
8,46,0.3478034210770975,-0.29055736200132254,-0.20794951296918623,-0.2749516172647149,-0.20774950072301068,18,fear,0.5,-0.019829893319496802,31,0.8981688689067168,-1.406922950816139,0.19671984148058222,1
8,46,0.3478034210770975,-0.29055736200132254,-0.20794951296918623,-0.2749516172647149,-0.20774950072301068,19,fear,0.5,0.03493782098342581,32,0.9837087611835469,-1.3776569513008885,0.20138556727058574,0
8,46,0.3478034210770975,-0.29055736200132254,-0.20794951296918623,-0.2749516172647149,-0.20774950072301068,20,fear,0.5,0.050130844365563365,25,0.3849295152457357,-1.1839519244050452,0.2343423738569867,1
8,46,0.3478034210770975,-0.29055736200132254,-0.20794951296918623,-0.2749516172647149,-0.20774950072301068,21,neutral,-0.5,-0.034648782698473574,20,-0.04276994613841508,-0.0524613119393897,0.4868876791762523,1
8,46,0.3478034210770975,-0.29055736200132254,-0.20794951296918623,-0.2749516172647149,-0.20774950072301068,22,neutral,-0.5,0.20511447081031445,21,0.04276994613841508,0.18637670905139553,0.5464597684398088,0
8,46,0.3478034210770975,-0.29055736200132254,-0.20794951296918623,-0.2749516172647149,-0.20774950072301068,23,neutral,-0.5,0.06768230030033125,2,-1.582488007121358,0.06652395638346484,0.5166248585263371,0
8,46,0.3478034210770975,-0.29055736200132254,-0.20794951296918623,-0.2749516172647149,-0.20774950072301068,24,neutral,-0.5,-0.08847636608881047,9,-0.9837087611835469,-0.09611133763169613,0.4759906447272483,0
8,46,0.3478034210770975,-0.29055736200132254,-0.20794951296918623,-0.2749516172647149,-0.20774950072301068,25,neutral,-0.5,-0.06387461728079331,13,-0.6415491920762262,-0.07521051889569,0.4812062285463076,1
8,46,0.3478034210770975,-0.29055736200132254,-0.20794951296918623,-0.2749516172647149,-0.20774950072301068,26,neutral,-0.5,0.020253570607942934,18,-0.2138497306920754,0.00429150640303232,0.5010728749541613,1
8,46,0.3478034210770975,-0.29055736200132254,-0.20794951296918623,-0.2749516172647149,-0.20774950072301068,27,neutral,-0.5,-0.1657771424201549,5,-1.3258683302908676,-0.16971118389102963,0.4576737449585844,1
8,46,0.3478034210770975,-0.29055736200132254,-0.20794951296918623,-0.2749516172647149,-0.20774950072301068,28,neutral,-0.5,0.03240578810212312,15,-0.4704694075225659,0.019219421451220863,0.5048047074643454,0
8,46,0.3478034210770975,-0.29055736200132254,-0.20794951296918623,-0.2749516172647149,-0.20774950072301068,29,neutral,-0.5,-0.06427368638861679,36,1.3258683302908676,-0.09688993591757705,0.4757964476181527,0
8,46,0.3478034210770975,-0.29055736200132254,-0.20794951296918623,-0.2749516172647149,-0.20774950072301068,30,neutral,-0.5,0.03388482847826553,39,1.582488007121358,-0.001507118604703185,0.4996232204201425,0
8,46,0.3478034210770975,-0.29055736200132254,-0.20794951296918623,-0.2749516172647149,-0.20774950072301068,31,neutral,-0.5,0.10063449276941816,24,0.2993896229689056,0.07912103345649095,0.5197699458910122,0
8,46,0.3478034210770975,-0.29055736200132254,-0.20794951296918623,-0.2749516172647149,-0.20774950072301068,32,neutral,-0.5,-0.16523159438711074,7,-1.1547885457372071,-0.17101610089399086,0.4573498714163612,0
8,46,0.3478034210770975,-0.29055736200132254,-0.20794951296918623,-0.2749516172647149,-0.20774950072301068,33,neutral,-0.5,-0.17814514840944695,6,-1.2403284380140374,-0.18300442239832426,0.4543761542852582,1
8,46,0.3478034210770975,-0.29055736200132254,-0.20794951296918623,-0.2749516172647149,-0.20774950072301068,34,neutral,-0.5,0.20327413635404867,3,-1.4969481148445278,0.20119055991917958,0.5501286631058481,0
8,46,0.3478034210770975,-0.29055736200132254,-0.20794951296918623,-0.2749516172647149,-0.20774950072301068,35,neutral,-0.5,0.10974661130988755,12,-0.7270890843530564,0.09933594221299355,0.5248135846366849,0
8,46,0.3478034210770975,-0.29055736200132254,-0.20794951296918623,-0.2749516172647149,-0.20774950072301068,36,neutral,-0.5,-0.11455850646691589,11,-0.8126289766298865,-0.12404394304580711,0.4690287167274126,0
8,46,0.3478034210770975,-0.29055736200132254,-0.20794951296918623,-0.2749516172647149,-0.20774950072301068,37,neutral,-0.5,0.022093603635536613,30,0.8126289766298865,-0.00497125078540718,0.4987571898631457,0
8,46,0.3478034210770975,-0.29055736200132254,-0.20794951296918623,-0.2749516172647149,-0.20774950072301068,38,neutral,-0.5,-0.03248467960018497,22,0.12830983841524524,-0.05214767387710662,0.48696603508870157,1
8,46,0.3478034210770975,-0.29055736200132254,-0.20794951296918623,-0.2749516172647149,-0.20774950072301068,39,neutral,-0.5,-0.021721780340038743,26,0.4704694075225659,-0.045085704688971454,0.4887304827449,0
8,46,0.3478034210770975,-0.29055736200132254,-0.20794951296918623,-0.2749516172647149,-0.20774950072301068,40,neutral,-0.5,-0.04668537349067967,40,1.668027899398188,-0.0830025530916512,0.47926126685367426,0
9,20,-1.3812384427861033,-0.14827130686101866,-0.10612248143888986,-0.14045041601412597,-0.10606395712005086,1,fear,0.5,-0.08121017626445963,1,-1.668027899398188,-0.056967706727226924,0.4857619237022872,0
9,20,-1.3812384427861033,-0.14827130686101866,-0.10612248143888986,-0.14045041601412597,-0.10606395712005086,2,fear,0.5,0.053067844990018875,5,-1.3258683302908676,0.08078562921997817,0.5201854304542575,1
9,20,-1.3812384427861033,-0.14827130686101866,-0.10612248143888986,-0.14045041601412597,-0.10606395712005086,3,fear,0.5,-0.11676296957720594,17,-0.2993896229689056,-0.07861924126906664,0.4803553072699196,0
9,20,-1.3812384427861033,-0.14827130686101866,-0.10612248143888986,-0.14045041601412597,-0.10606395712005086,4,fear,0.5,-0.11848507274328071,26,0.4704694075225659,-0.07252188637650639,0.48187747054858154,1
9,20,-1.3812384427861033,-0.14827130686101866,-0.10612248143888986,-0.14045041601412597,-0.10606395712005086,5,fear,0.5,-0.027683151933853067,21,0.04276994613841508,0.013935891067012894,0.5034839163829253,1
9,20,-1.3812384427861033,-0.14827130686101866,-0.10612248143888986,-0.14045041601412597,-0.10606395712005086,6,fear,0.5,0.06278918644554837,14,-0.5560092997993961,0.09832642873414256,0.5245618215533413,1
9,20,-1.3812384427861033,-0.14827130686101866,-0.10612248143888986,-0.14045041601412597,-0.10606395712005086,7,fear,0.5,-0.04999597070532241,12,-0.7270890843530564,-0.016196385763091486,0.49595099207113597,1
9,20,-1.3812384427861033,-0.14827130686101866,-0.10612248143888986,-0.14045041601412597,-0.10606395712005086,8,fear,0.5,0.01022656605323173,27,0.5560092997993961,0.057058581093187614,0.5142607764375088,1
9,20,-1.3812384427861033,-0.14827130686101866,-0.10612248143888986,-0.14045041601412597,-0.10606395712005086,9,fear,0.5,0.07192665896287707,10,-0.8981688689067168,0.10398858655874484,0.5259737449929992,1
9,20,-1.3812384427861033,-0.14827130686101866,-0.10612248143888986,-0.14045041601412597,-0.10606395712005086,10,fear,0.5,-0.12515440144751105,19,-0.12830983841524524,-0.0852730157930084,0.4786946546163154,1
9,20,-1.3812384427861033,-0.14827130686101866,-0.10612248143888986,-0.14045041601412597,-0.10606395712005086,11,fear,0.5,0.1274762977942073,4,-1.4114082225676976,0.15432525335098493,0.5385049233062006,1
9,20,-1.3812384427861033,-0.14827130686101866,-0.10612248143888986,-0.14045041601412597,-0.10606395712005086,12,fear,0.5,0.19901381146458244,20,-0.04276994613841508,0.23976402579226655,0.5596554963140336,1
9,20,-1.3812384427861033,-0.14827130686101866,-0.10612248143888986,-0.14045041601412597,-0.10606395712005086,13,fear,0.5,-0.07533295985117497,30,0.8126289766298865,-0.025894458791674055,0.4935267470034555,1
9,20,-1.3812384427861033,-0.14827130686101866,-0.10612248143888986,-0.14045041601412597,-0.10606395712005086,14,fear,0.5,0.01703070109921553,37,1.4114082225676976,0.07255100287098795,0.5181297990085865,0
9,20,-1.3812384427861033,-0.14827130686101866,-0.10612248143888986,-0.14045041601412597,-0.10606395712005086,15,fear,0.5,0.02684780492684079,15,-0.4704694075225659,0.06325387588861692,0.515808198537161,1
9,20,-1.3812384427861033,-0.14827130686101866,-0.10612248143888986,-0.14045041601412597,-0.10606395712005086,16,fear,0.5,0.20218327567498928,34,1.1547885457372071,0.25509709142721687,0.5634306686235846,1
9,20,-1.3812384427861033,-0.14827130686101866,-0.10612248143888986,-0.14045041601412597,-0.10606395712005086,17,fear,0.5,-0.1334771970566687,29,0.7270890843530564,-0.08490752467034943,0.4787858622032854,1
9,20,-1.3812384427861033,-0.14827130686101866,-0.10612248143888986,-0.14045041601412597,-0.10606395712005086,18,fear,0.5,-0.019829893319496802,9,-0.9837087611835469,0.011363205603189236,0.5028407708335909,1
9,20,-1.3812384427861033,-0.14827130686101866,-0.10612248143888986,-0.14045041601412597,-0.10606395712005086,19,fear,0.5,0.03493782098342581,35,1.2403284380140374,0.08872046540883505,0.5221655788937323,1
9,20,-1.3812384427861033,-0.14827130686101866,-0.10612248143888986,-0.14045041601412597,-0.10606395712005086,20,fear,0.5,0.050130844365563365,18,-0.2138497306920754,0.08914340134688421,0.5222711040935358,0
9,20,-1.3812384427861033,-0.14827130686101866,-0.10612248143888986,-0.14045041601412597,-0.10606395712005086,21,neutral,-0.5,-0.034648782698473574,36,1.3258683302908676,1.638689791266934,0.8373565782472097,1
9,20,-1.3812384427861033,-0.14827130686101866,-0.10612248143888986,-0.14045041601412597,-0.10606395712005086,22,neutral,-0.5,0.20511447081031445,39,1.582488007121358,1.8399532334003583,0.8629431763274242,1
9,20,-1.3812384427861033,-0.14827130686101866,-0.10612248143888986,-0.14045041601412597,-0.10606395712005086,23,neutral,-0.5,0.06768230030033125,7,-1.1547885457372071,2.1131857175609197,0.89217817051812,1
9,20,-1.3812384427861033,-0.14827130686101866,-0.10612248143888986,-0.14045041601412597,-0.10606395712005086,24,neutral,-0.5,-0.08847636608881047,16,-0.3849295152457357,1.8415276170456878,0.8631292758468112,1
9,20,-1.3812384427861033,-0.14827130686101866,-0.10612248143888986,-0.14045041601412597,-0.10606395712005086,25,neutral,-0.5,-0.06387461728079331,38,1.4969481148445278,1.583797415767705,0.8297416525200595,1
9,20,-1.3812384427861033,-0.14827130686101866,-0.10612248143888986,-0.14045041601412597,-0.10606395712005086,26,neutral,-0.5,0.020253570607942934,40,1.668027899398188,1.6422590627395324,0.8378420941198426,1
9,20,-1.3812384427861033,-0.14827130686101866,-0.10612248143888986,-0.14045041601412597,-0.10606395712005086,27,neutral,-0.5,-0.1657771424201549,8,-1.0692486534603771,1.8668930043819796,0.866098362686016,1
9,20,-1.3812384427861033,-0.14827130686101866,-0.10612248143888986,-0.14045041601412597,-0.10606395712005086,28,neutral,-0.5,0.03240578810212312,2,-1.582488007121358,2.1420755576549846,0.894925942470029,1
9,20,-1.3812384427861033,-0.14827130686101866,-0.10612248143888986,-0.14045041601412597,-0.10606395712005086,29,neutral,-0.5,-0.06427368638861679,31,0.8981688689067168,1.6732312398690634,0.8420061539688943,1
9,20,-1.3812384427861033,-0.14827130686101866,-0.10612248143888986,-0.14045041601412597,-0.10606395712005086,30,neutral,-0.5,0.03388482847826553,28,0.6415491920762262,1.809889566111309,0.8593485268020378,1
9,20,-1.3812384427861033,-0.14827130686101866,-0.10612248143888986,-0.14045041601412597,-0.10606395712005086,31,neutral,-0.5,0.10063449276941816,24,0.2993896229689056,1.92797231223628,0.8730248156091637,0
9,20,-1.3812384427861033,-0.14827130686101866,-0.10612248143888986,-0.14045041601412597,-0.10606395712005086,32,neutral,-0.5,-0.16523159438711074,6,-1.2403284380140374,1.8931050933319327,0.8691091661077985,1
9,20,-1.3812384427861033,-0.14827130686101866,-0.10612248143888986,-0.14045041601412597,-0.10606395712005086,33,neutral,-0.5,-0.17814514840944695,3,-1.4969481148445278,1.9186913506849603,0.8719924312057594,1
9,20,-1.3812384427861033,-0.14827130686101866,-0.10612248143888986,-0.14045041601412597,-0.10606395712005086,34,neutral,-0.5,0.20327413635404867,33,1.0692486534603771,1.9151125216948195,0.8715924243752893,1
9,20,-1.3812384427861033,-0.14827130686101866,-0.10612248143888986,-0.14045041601412597,-0.10606395712005086,35,neutral,-0.5,0.10974661130988755,23,0.2138497306920754,1.949917701235204,0.8754376676928695,1
9,20,-1.3812384427861033,-0.14827130686101866,-0.10612248143888986,-0.14045041601412597,-0.10606395712005086,36,neutral,-0.5,-0.11455850646691589,13,-0.6415491920762262,1.853945288042946,0.864589659889117,1
9,20,-1.3812384427861033,-0.14827130686101866,-0.10612248143888986,-0.14045041601412597,-0.10606395712005086,37,neutral,-0.5,0.022093603635536613,25,0.3849295152457357,1.836598152643944,0.8625458799583278,1
9,20,-1.3812384427861033,-0.14827130686101866,-0.10612248143888986,-0.14045041601412597,-0.10606395712005086,38,neutral,-0.5,-0.03248467960018497,22,0.12830983841524524,1.8205196807835862,0.860628472926558,1
9,20,-1.3812384427861033,-0.14827130686101866,-0.10612248143888986,-0.14045041601412597,-0.10606395712005086,39,neutral,-0.5,-0.021721780340038743,32,0.9837087611835469,1.7029498754591872,0.8459196130249114,1
9,20,-1.3812384427861033,-0.14827130686101866,-0.10612248143888986,-0.14045041601412597,-0.10606395712005086,40,neutral,-0.5,-0.04668537349067967,11,-0.8126289766298865,1.9474849619360912,0.8751721434631046,0
10,20,-1.3812384427861033,0.9059153304444582,0.6481261892730579,0.857513027150361,0.6476718196220649,1,fear,0.5,-0.08121017626445963,34,1.1547885457372071,2.8310724446982265,0.9443320063621844,1
10,20,-1.3812384427861033,0.9059153304444582,0.6481261892730579,0.857513027150361,0.6476718196220649,2,fear,0.5,0.053067844990018875,9,-0.9837087611835469,0.5247400337106852,0.6282554750545528,1
10,20,-1.3812384427861033,0.9059153304444582,0.6481261892730579,0.857513027150361,0.6476718196220649,3,fear,0.5,-0.11676296957720594,19,-0.12830983841524524,1.3311533920402683,0.7910313553551175,1
10,20,-1.3812384427861033,0.9059153304444582,0.6481261892730579,0.857513027150361,0.6476718196220649,4,fear,0.5,-0.11848507274328071,7,-1.1547885457372071,0.15793828139802446,0.5394026976629434,1
10,20,-1.3812384427861033,0.9059153304444582,0.6481261892730579,0.857513027150361,0.6476718196220649,5,fear,0.5,-0.027683151933853067,25,0.3849295152457357,2.0059797134217057,0.8814234813068557,0
10,20,-1.3812384427861033,0.9059153304444582,0.6481261892730579,0.857513027150361,0.6476718196220649,6,fear,0.5,0.06278918644554837,24,0.2993896229689056,1.9988276345114262,0.8806739321595378,1
10,20,-1.3812384427861033,0.9059153304444582,0.6481261892730579,0.857513027150361,0.6476718196220649,7,fear,0.5,-0.04999597070532241,15,-0.4704694075225659,1.0074227217534286,0.732515468926137,1
10,20,-1.3812384427861033,0.9059153304444582,0.6481261892730579,0.857513027150361,0.6476718196220649,8,fear,0.5,0.01022656605323173,11,-0.8126289766298865,0.6771475893532597,0.6631017718576754,0
10,20,-1.3812384427861033,0.9059153304444582,0.6481261892730579,0.857513027150361,0.6476718196220649,9,fear,0.5,0.07192665896287707,16,-0.3849295152457357,1.226969768711309,0.7732877729041479,1
10,20,-1.3812384427861033,0.9059153304444582,0.6481261892730579,0.857513027150361,0.6476718196220649,10,fear,0.5,-0.12515440144751105,8,-1.0692486534603771,0.24889336998347464,0.5619041028068233,1
10,20,-1.3812384427861033,0.9059153304444582,0.6481261892730579,0.857513027150361,0.6476718196220649,11,fear,0.5,0.1274762977942073,12,-0.7270890843530564,0.8920217383839162,0.7093072121303283,1
10,20,-1.3812384427861033,0.9059153304444582,0.6481261892730579,0.857513027150361,0.6476718196220649,12,fear,0.5,0.19901381146458244,20,-0.04276994613841508,1.7445545903717372,0.8512646595278123,1
10,20,-1.3812384427861033,0.9059153304444582,0.6481261892730579,0.857513027150361,0.6476718196220649,13,fear,0.5,-0.07533295985117497,10,-0.8981688689067168,0.4939636461591725,0.6210397205643585,1
10,20,-1.3812384427861033,0.9059153304444582,0.6481261892730579,0.857513027150361,0.6476718196220649,14,fear,0.5,0.01703070109921553,21,0.04276994613841508,1.6601958972960515,0.8402642981846988,0
10,20,-1.3812384427861033,0.9059153304444582,0.6481261892730579,0.857513027150361,0.6476718196220649,15,fear,0.5,0.02684780492684079,31,0.8981688689067168,2.6462571740204845,0.9337799283762527,1
10,20,-1.3812384427861033,0.9059153304444582,0.6481261892730579,0.857513027150361,0.6476718196220649,16,fear,0.5,0.20218327567498928,36,1.3258683302908676,3.3097147312170367,0.9647605836258617,1
10,20,-1.3812384427861033,0.9059153304444582,0.6481261892730579,0.857513027150361,0.6476718196220649,17,fear,0.5,-0.1334771970566687,17,-0.2993896229689056,1.1191903299814439,0.7538385000909209,0
10,20,-1.3812384427861033,0.9059153304444582,0.6481261892730579,0.857513027150361,0.6476718196220649,18,fear,0.5,-0.019829893319496802,33,1.0692486534603771,2.7948283103535085,0.9423957150903338,1
10,20,-1.3812384427861033,0.9059153304444582,0.6481261892730579,0.857513027150361,0.6476718196220649,19,fear,0.5,0.03493782098342581,4,-1.4114082225676976,0.018487923255688682,0.5046218491677282,0
10,20,-1.3812384427861033,0.9059153304444582,0.6481261892730579,0.857513027150361,0.6476718196220649,20,fear,0.5,0.050130844365563365,29,0.7270890843530564,2.4742913788798453,0.9223197827651763,0
10,20,-1.3812384427861033,0.9059153304444582,0.6481261892730579,0.857513027150361,0.6476718196220649,21,neutral,-0.5,-0.034648782698473574,30,0.8126289766298865,2.577564888694358,0.9294036623503915,1
10,20,-1.3812384427861033,0.9059153304444582,0.6481261892730579,0.857513027150361,0.6476718196220649,22,neutral,-0.5,0.20511447081031445,28,0.6415491920762262,2.7784324601824832,0.9414991664655572,1
10,20,-1.3812384427861033,0.9059153304444582,0.6481261892730579,0.857513027150361,0.6476718196220649,23,neutral,-0.5,0.06768230030033125,6,-1.2403284380140374,2.213147787445217,0.9014239890317807,1
10,20,-1.3812384427861033,0.9059153304444582,0.6481261892730579,0.857513027150361,0.6476718196220649,24,neutral,-0.5,-0.08847636608881047,27,0.5560092997993961,2.4653937822730274,0.9216799053472022,1
10,20,-1.3812384427861033,0.9059153304444582,0.6481261892730579,0.857513027150361,0.6476718196220649,25,neutral,-0.5,-0.06387461728079331,23,0.2138497306920754,2.41220416703972,0.9177532106425509,1
10,20,-1.3812384427861033,0.9059153304444582,0.6481261892730579,0.857513027150361,0.6476718196220649,26,neutral,-0.5,0.020253570607942934,3,-1.4969481148445278,2.107375534721835,0.8916179776333157,1
10,20,-1.3812384427861033,0.9059153304444582,0.6481261892730579,0.857513027150361,0.6476718196220649,27,neutral,-0.5,-0.1657771424201549,39,1.582488007121358,2.621467098065656,0.9322304518331387,1
10,20,-1.3812384427861033,0.9059153304444582,0.6481261892730579,0.857513027150361,0.6476718196220649,28,neutral,-0.5,0.03240578810212312,18,-0.2138497306920754,2.4112453673709817,0.9176808092872524,1
10,20,-1.3812384427861033,0.9059153304444582,0.6481261892730579,0.857513027150361,0.6476718196220649,29,neutral,-0.5,-0.06427368638861679,37,1.4114082225676976,2.684074872076532,0.9360803728035899,1
10,20,-1.3812384427861033,0.9059153304444582,0.6481261892730579,0.857513027150361,0.6476718196220649,30,neutral,-0.5,0.03388482847826553,5,-1.3258683302908676,2.15990247461282,0.8965905067306044,1
10,20,-1.3812384427861033,0.9059153304444582,0.6481261892730579,0.857513027150361,0.6476718196220649,31,neutral,-0.5,0.10063449276941816,22,0.12830983841524524,2.557265436079601,0.928060099377664,1
10,20,-1.3812384427861033,0.9059153304444582,0.6481261892730579,0.857513027150361,0.6476718196220649,32,neutral,-0.5,-0.16523159438711074,40,1.668027899398188,2.6414604871090313,0.9334827075075356,1
10,20,-1.3812384427861033,0.9059153304444582,0.6481261892730579,0.857513027150361,0.6476718196220649,33,neutral,-0.5,-0.17814514840944695,1,-1.668027899398188,1.8700811336837833,0.8664676650307988,1
10,20,-1.3812384427861033,0.9059153304444582,0.6481261892730579,0.857513027150361,0.6476718196220649,34,neutral,-0.5,0.20327413635404867,14,-0.5560092997993961,2.5043223515815822,0.9244442779247972,1
10,20,-1.3812384427861033,0.9059153304444582,0.6481261892730579,0.857513027150361,0.6476718196220649,35,neutral,-0.5,0.10974661130988755,2,-1.582488007121358,2.1774207344134484,0.8982034816648389,0
10,20,-1.3812384427861033,0.9059153304444582,0.6481261892730579,0.857513027150361,0.6476718196220649,36,neutral,-0.5,-0.11455850646691589,13,-0.6415491920762262,2.167041867750287,0.8972505707710959,1
10,20,-1.3812384427861033,0.9059153304444582,0.6481261892730579,0.857513027150361,0.6476718196220649,37,neutral,-0.5,0.022093603635536613,32,0.9837087611835469,2.6732029570490297,0.9354267713295961,1
10,20,-1.3812384427861033,0.9059153304444582,0.6481261892730579,0.857513027150361,0.6476718196220649,38,neutral,-0.5,-0.03248467960018497,38,1.4969481148445278,2.735311719875295,0.9390784310484855,1
10,20,-1.3812384427861033,0.9059153304444582,0.6481261892730579,0.857513027150361,0.6476718196220649,39,neutral,-0.5,-0.021721780340038743,35,1.2403284380140374,2.687731096104448,0.9362987904872511,1
10,20,-1.3812384427861033,0.9059153304444582,0.6481261892730579,0.857513027150361,0.6476718196220649,40,neutral,-0.5,-0.04668537349067967,26,0.4704694075225659,2.487736933860827,0.923277649503924,1
11,18,-1.5142416630832727,-0.03475931691647708,-0.024879658264061345,-0.03297866129919754,-0.024861836830696517,1,fear,0.5,-0.08121017626445963,1,-1.668027899398188,-0.039773842404624254,0.4900578500367077,0
11,18,-1.5142416630832727,-0.03475931691647708,-0.024879658264061345,-0.03297866129919754,-0.024861836830696517,2,fear,0.5,0.053067844990018875,13,-0.6415491920762262,0.24228752240055507,0.5602772959653214,1
11,18,-1.5142416630832727,-0.03475931691647708,-0.024879658264061345,-0.03297866129919754,-0.024861836830696517,3,fear,0.5,-0.11676296957720594,34,1.1547885457372071,0.3310775590470567,0.5820215404349007,0
11,18,-1.5142416630832727,-0.03475931691647708,-0.024879658264061345,-0.03297866129919754,-0.024861836830696517,4,fear,0.5,-0.11848507274328071,29,0.7270890843530564,0.26777906273485663,0.5665475870715635,1
11,18,-1.5142416630832727,-0.03475931691647708,-0.024879658264061345,-0.03297866129919754,-0.024861836830696517,5,fear,0.5,-0.027683151933853067,40,1.668027899398188,0.4940490484657598,0.6210598197370019,1
11,18,-1.5142416630832727,-0.03475931691647708,-0.024879658264061345,-0.03297866129919754,-0.024861836830696517,6,fear,0.5,0.06278918644554837,9,-0.9837087611835469,0.20274774933918444,0.5505140172676921,1
11,18,-1.5142416630832727,-0.03475931691647708,-0.024879658264061345,-0.03297866129919754,-0.024861836830696517,7,fear,0.5,-0.04999597070532241,11,-0.8126289766298865,0.11459314944676376,0.5286169786775804,0
11,18,-1.5142416630832727,-0.03475931691647708,-0.024879658264061345,-0.03297866129919754,-0.024861836830696517,8,fear,0.5,0.01022656605323173,30,0.8126289766298865,0.408805980160594,0.6008015407625418,0
11,18,-1.5142416630832727,-0.03475931691647708,-0.024879658264061345,-0.03297866129919754,-0.024861836830696517,9,fear,0.5,0.07192665896287707,17,-0.2993896229689056,0.3104074508903136,0.576984712155627,0
11,18,-1.5142416630832727,-0.03475931691647708,-0.024879658264061345,-0.03297866129919754,-0.024861836830696517,10,fear,0.5,-0.12515440144751105,5,-1.3258683302908676,-0.03445695307077537,0.49138661392502053,1
11,18,-1.5142416630832727,-0.03475931691647708,-0.024879658264061345,-0.03297866129919754,-0.024861836830696517,11,fear,0.5,0.1274762977942073,22,0.12830983841524524,0.427533482867769,0.6052845333679899,1
11,18,-1.5142416630832727,-0.03475931691647708,-0.024879658264061345,-0.03297866129919754,-0.024861836830696517,12,fear,0.5,0.19901381146458244,32,0.9837087611835469,0.6222237828303947,0.6507241441558621,1
11,18,-1.5142416630832727,-0.03475931691647708,-0.024879658264061345,-0.03297866129919754,-0.024861836830696517,13,fear,0.5,-0.07533295985117497,35,1.2403284380140374,0.3848228474023128,0.595035786442459,1
11,18,-1.5142416630832727,-0.03475931691647708,-0.024879658264061345,-0.03297866129919754,-0.024861836830696517,14,fear,0.5,0.01703070109921553,6,-1.2403284380140374,0.12004342810517615,0.5299748697851059,1
11,18,-1.5142416630832727,-0.03475931691647708,-0.024879658264061345,-0.03297866129919754,-0.024861836830696517,15,fear,0.5,0.02684780492684079,10,-0.8981688689067168,0.17912164644970172,0.5446610645183815,0
11,18,-1.5142416630832727,-0.03475931691647708,-0.024879658264061345,-0.03297866129919754,-0.024861836830696517,16,fear,0.5,0.20218327567498928,16,-0.3849295152457357,0.42834878897320067,0.6054793056324831,1
11,18,-1.5142416630832727,-0.03475931691647708,-0.024879658264061345,-0.03297866129919754,-0.024861836830696517,17,fear,0.5,-0.1334771970566687,24,0.2993896229689056,0.1912105452753434,0.5476575222890858,1
11,18,-1.5142416630832727,-0.03475931691647708,-0.024879658264061345,-0.03297866129919754,-0.024861836830696517,18,fear,0.5,-0.019829893319496802,7,-1.1547885457372071,0.09549811231568894,0.5238564001897696,0
11,18,-1.5142416630832727,-0.03475931691647708,-0.024879658264061345,-0.03297866129919754,-0.024861836830696517,19,fear,0.5,0.03493782098342581,18,-0.2138497306920754,0.2857338915400872,0.570951399648888,1
11,18,-1.5142416630832727,-0.03475931691647708,-0.024879658264061345,-0.03297866129919754,-0.024861836830696517,20,fear,0.5,0.050130844365563365,38,1.4969481148445278,0.547232487506726,0.6334932689255712,1
11,18,-1.5142416630832727,-0.03475931691647708,-0.024879658264061345,-0.03297866129919754,-0.024861836830696517,21,neutral,-0.5,-0.034648782698473574,25,0.3849295152457357,1.989297819188305,0.8796688303974806,0
11,18,-1.5142416630832727,-0.03475931691647708,-0.024879658264061345,-0.03297866129919754,-0.024861836830696517,22,neutral,-0.5,0.20511447081031445,2,-1.582488007121358,2.473050991791966,0.9222308674245198,1
11,18,-1.5142416630832727,-0.03475931691647708,-0.024879658264061345,-0.03297866129919754,-0.024861836830696517,23,neutral,-0.5,0.06768230030033125,26,0.4704694075225659,2.081020644835159,0.8890447539459078,1
11,18,-1.5142416630832727,-0.03475931691647708,-0.024879658264061345,-0.03297866129919754,-0.024861836830696517,24,neutral,-0.5,-0.08847636608881047,14,-0.5560092997993961,2.052161066669429,0.8861658004209021,1
11,18,-1.5142416630832727,-0.03475931691647708,-0.024879658264061345,-0.03297866129919754,-0.024861836830696517,25,neutral,-0.5,-0.06387461728079331,27,0.5560092997993961,1.9388554699020835,0.8742263509841313,1
11,18,-1.5142416630832727,-0.03475931691647708,-0.024879658264061345,-0.03297866129919754,-0.024861836830696517,26,neutral,-0.5,0.020253570607942934,33,1.0692486534603771,1.9593341136791136,0.8764608701918833,0
11,18,-1.5142416630832727,-0.03475931691647708,-0.024879658264061345,-0.03297866129919754,-0.024861836830696517,27,neutral,-0.5,-0.1657771424201549,4,-1.4114082225676976,2.0809428638575946,0.8890370810730214,1
11,18,-1.5142416630832727,-0.03475931691647708,-0.024879658264061345,-0.03297866129919754,-0.024861836830696517,28,neutral,-0.5,0.03240578810212312,3,-1.4969481148445278,2.2897340517318234,0.9080232412683608,1
11,18,-1.5142416630832727,-0.03475931691647708,-0.024879658264061345,-0.03297866129919754,-0.024861836830696517,29,neutral,-0.5,-0.06427368638861679,31,0.8981688689067168,1.896023371386456,0.8694407873730353,1
11,18,-1.5142416630832727,-0.03475931691647708,-0.024879658264061345,-0.03297866129919754,-0.024861836830696517,30,neutral,-0.5,0.03388482847826553,12,-0.7270890843530564,2.195738775940407,0.8998661983779371,1
11,18,-1.5142416630832727,-0.03475931691647708,-0.024879658264061345,-0.03297866129919754,-0.024861836830696517,31,neutral,-0.5,0.10063449276941816,20,-0.04276994613841508,2.1776223814159517,0.8982219175738805,1
11,18,-1.5142416630832727,-0.03475931691647708,-0.024879658264061345,-0.03297866129919754,-0.024861836830696517,32,neutral,-0.5,-0.16523159438711074,28,0.6415491920762262,1.826890235443815,0.8613908484497366,1
11,18,-1.5142416630832727,-0.03475931691647708,-0.024879658264061345,-0.03297866129919754,-0.024861836830696517,33,neutral,-0.5,-0.17814514840944695,39,1.582488007121358,1.6972858505500181,0.8451799188598131,1
11,18,-1.5142416630832727,-0.03475931691647708,-0.024879658264061345,-0.03297866129919754,-0.024861836830696517,34,neutral,-0.5,0.20327413635404867,19,-0.12830983841524524,2.290870282352533,0.9081180918966448,1
11,18,-1.5142416630832727,-0.03475931691647708,-0.024879658264061345,-0.03297866129919754,-0.024861836830696517,35,neutral,-0.5,0.10974661130988755,8,-1.0692486534603771,2.3140335881798326,0.9100326448357977,1
11,18,-1.5142416630832727,-0.03475931691647708,-0.024879658264061345,-0.03297866129919754,-0.024861836830696517,36,neutral,-0.5,-0.11455850646691589,36,1.3258683302908676,1.7926972645484018,0.8572576507670139,1
11,18,-1.5142416630832727,-0.03475931691647708,-0.024879658264061345,-0.03297866129919754,-0.024861836830696517,37,neutral,-0.5,0.022093603635536613,23,0.2138497306920754,2.0672567202262173,0.8876797350674055,1
11,18,-1.5142416630832727,-0.03475931691647708,-0.024879658264061345,-0.03297866129919754,-0.024861836830696517,38,neutral,-0.5,-0.03248467960018497,21,0.04276994613841508,2.0338949516943976,0.8843101505775075,1
11,18,-1.5142416630832727,-0.03475931691647708,-0.024879658264061345,-0.03297866129919754,-0.024861836830696517,39,neutral,-0.5,-0.021721780340038743,15,-0.4704694075225659,2.10830739506625,0.8917079954357856,1
11,18,-1.5142416630832727,-0.03475931691647708,-0.024879658264061345,-0.03297866129919754,-0.024861836830696517,40,neutral,-0.5,-0.04668537349067967,37,1.4114082225676976,1.8499621401726873,0.8641226577522949,1
12,22,-1.2482352224889341,-0.26277290298870604,-0.1880495298132282,-0.24889455881261,-0.187848543584469,1,fear,0.5,-0.08121017626445963,24,0.2993896229689056,-0.31921470286935216,0.4208671426924813,0
12,22,-1.2482352224889341,-0.26277290298870604,-0.1880495298132282,-0.24889455881261,-0.187848543584469,2,fear,0.5,0.053067844990018875,11,-0.8126289766298865,-0.04634287717934796,0.48841635377761694,0
12,22,-1.2482352224889341,-0.26277290298870604,-0.1880495298132282,-0.24889455881261,-0.187848543584469,3,fear,0.5,-0.11676296957720594,21,0.04276994613841508,-0.32278431054313095,0.41999734030929564,1
12,22,-1.2482352224889341,-0.26277290298870604,-0.1880495298132282,-0.24889455881261,-0.187848543584469,4,fear,0.5,-0.11848507274328071,39,1.582488007121358,-0.5164055275430106,0.37369312497270346,1
12,22,-1.2482352224889341,-0.26277290298870604,-0.1880495298132282,-0.24889455881261,-0.187848543584469,5,fear,0.5,-0.027683151933853067,36,1.3258683302908676,-0.39362042109461565,0.4028460626810851,0
12,22,-1.2482352224889341,-0.26277290298870604,-0.1880495298132282,-0.24889455881261,-0.187848543584469,6,fear,0.5,0.06278918644554837,3,-1.4969481148445278,0.048666959313428154,0.5121643390141555,0
12,22,-1.2482352224889341,-0.26277290298870604,-0.1880495298132282,-0.24889455881261,-0.187848543584469,7,fear,0.5,-0.04999597070532241,28,0.6415491920762262,-0.33064474482883816,0.4180837550840333,0
12,22,-1.2482352224889341,-0.26277290298870604,-0.1880495298132282,-0.24889455881261,-0.187848543584469,8,fear,0.5,0.01022656605323173,18,-0.2138497306920754,-0.16381158927372583,0.45913843591559,1
12,22,-1.2482352224889341,-0.26277290298870604,-0.1880495298132282,-0.24889455881261,-0.187848543584469,9,fear,0.5,0.07192665896287707,17,-0.2993896229689056,-0.09145043448442464,0.4771533117442141,0
12,22,-1.2482352224889341,-0.26277290298870604,-0.1880495298132282,-0.24889455881261,-0.187848543584469,10,fear,0.5,-0.12515440144751105,16,-0.3849295152457357,-0.2778704330151569,0.43097594491637764,0
12,22,-1.2482352224889341,-0.26277290298870604,-0.1880495298132282,-0.24889455881261,-0.187848543584469,11,fear,0.5,0.1274762977942073,38,1.4969481148445278,-0.2597830951258669,0.4354170289667726,1
12,22,-1.2482352224889341,-0.26277290298870604,-0.1880495298132282,-0.24889455881261,-0.187848543584469,12,fear,0.5,0.19901381146458244,13,-0.6415491920762262,0.07828096553590397,0.519560253781796,0
12,22,-1.2482352224889341,-0.26277290298870604,-0.1880495298132282,-0.24889455881261,-0.187848543584469,13,fear,0.5,-0.07533295985117497,4,-1.4114082225676976,-0.10011624886295087,0.4749918229241531,0
12,22,-1.2482352224889341,-0.26277290298870604,-0.1880495298132282,-0.24889455881261,-0.187848543584469,14,fear,0.5,0.01703070109921553,25,0.3849295152457357,-0.23163488738533283,0.4423488194377408,0
12,22,-1.2482352224889341,-0.26277290298870604,-0.1880495298132282,-0.24889455881261,-0.187848543584469,15,fear,0.5,0.02684780492684079,5,-1.3258683302908676,-0.008596545964590863,0.4978508767439613,0
12,22,-1.2482352224889341,-0.26277290298870604,-0.1880495298132282,-0.24889455881261,-0.187848543584469,16,fear,0.5,0.20218327567498928,22,0.12830983841524524,-0.014499127170591573,0.4963752817075692,0
12,22,-1.2482352224889341,-0.26277290298870604,-0.1880495298132282,-0.24889455881261,-0.187848543584469,17,fear,0.5,-0.1334771970566687,40,1.668027899398188,-0.5420587137360546,0.3677088030719758,1
12,22,-1.2482352224889341,-0.26277290298870604,-0.1880495298132282,-0.24889455881261,-0.187848543584469,18,fear,0.5,-0.019829893319496802,23,0.2138497306920754,-0.24717335804473356,0.43851935387273644,0
12,22,-1.2482352224889341,-0.26277290298870604,-0.1880495298132282,-0.24889455881261,-0.187848543584469,19,fear,0.5,0.03493782098342581,9,-0.9837087611835469,-0.0431507774266293,0.4892139792129446,0
12,22,-1.2482352224889341,-0.26277290298870604,-0.1880495298132282,-0.24889455881261,-0.187848543584469,20,fear,0.5,0.050130844365563365,12,-0.7270890843530564,-0.05994093968345919,0.4850192501921835,1
12,22,-1.2482352224889341,-0.26277290298870604,-0.1880495298132282,-0.24889455881261,-0.187848543584469,21,neutral,-0.5,-0.034648782698473574,7,-1.1547885457372071,1.8414132282489177,0.8631157617214344,1
12,22,-1.2482352224889341,-0.26277290298870604,-0.1880495298132282,-0.24889455881261,-0.187848543584469,22,neutral,-0.5,0.20511447081031445,6,-1.2403284380140374,2.0962683818255883,0.8905399558651732,1
12,22,-1.2482352224889341,-0.26277290298870604,-0.1880495298132282,-0.24889455881261,-0.187848543584469,23,neutral,-0.5,0.06768230030033125,30,0.8126289766298865,1.5966306096864291,0.8315469394071026,1
12,22,-1.2482352224889341,-0.26277290298870604,-0.1880495298132282,-0.24889455881261,-0.187848543584469,24,neutral,-0.5,-0.08847636608881047,29,0.7270890843530564,1.4555638433651696,0.8108532383237765,1
12,22,-1.2482352224889341,-0.26277290298870604,-0.1880495298132282,-0.24889455881261,-0.187848543584469,25,neutral,-0.5,-0.06387461728079331,37,1.4114082225676976,1.359430391630128,0.7956671058351859,0
12,22,-1.2482352224889341,-0.26277290298870604,-0.1880495298132282,-0.24889455881261,-0.187848543584469,26,neutral,-0.5,0.020253570607942934,32,0.9837087611835469,1.519018079858276,0.8203938423489542,0
12,22,-1.2482352224889341,-0.26277290298870604,-0.1880495298132282,-0.24889455881261,-0.187848543584469,27,neutral,-0.5,-0.1657771424201549,10,-0.8981688689067168,1.6650091683235895,0.8409092788357992,1
12,22,-1.2482352224889341,-0.26277290298870604,-0.1880495298132282,-0.24889455881261,-0.187848543584469,28,neutral,-0.5,0.03240578810212312,19,-0.12830983841524524,1.7273649982349264,0.8490750642379965,1
12,22,-1.2482352224889341,-0.26277290298870604,-0.1880495298132282,-0.24889455881261,-0.187848543584469,29,neutral,-0.5,-0.06427368638861679,15,-0.4704694075225659,1.6910531240157156,0.844362605727952,0
12,22,-1.2482352224889341,-0.26277290298870604,-0.1880495298132282,-0.24889455881261,-0.187848543584469,30,neutral,-0.5,0.03388482847826553,2,-1.582488007121358,1.9854063397650688,0.8792563021761172,1
12,22,-1.2482352224889341,-0.26277290298870604,-0.1880495298132282,-0.24889455881261,-0.187848543584469,31,neutral,-0.5,0.10063449276941816,31,0.8981688689067168,1.6144909020876335,0.834033955881652,1
12,22,-1.2482352224889341,-0.26277290298870604,-0.1880495298132282,-0.24889455881261,-0.187848543584469,32,neutral,-0.5,-0.16523159438711074,26,0.4704694075225659,1.4240843152705165,0.8059779097885507,1
12,22,-1.2482352224889341,-0.26277290298870604,-0.1880495298132282,-0.24889455881261,-0.187848543584469,33,neutral,-0.5,-0.17814514840944695,8,-1.0692486534603771,1.682824962470062,0.843278240450209,1
12,22,-1.2482352224889341,-0.26277290298870604,-0.1880495298132282,-0.24889455881261,-0.187848543584469,34,neutral,-0.5,0.20327413635404867,35,1.2403284380140374,1.6567629454007347,0.8398029882612507,1
12,22,-1.2482352224889341,-0.26277290298870604,-0.1880495298132282,-0.24889455881261,-0.187848543584469,35,neutral,-0.5,0.10974661130988755,33,1.0692486534603771,1.593419220492338,0.8310966197607678,1
12,22,-1.2482352224889341,-0.26277290298870604,-0.1880495298132282,-0.24889455881261,-0.187848543584469,36,neutral,-0.5,-0.11455850646691589,14,-0.5560092997993961,1.6558602040052992,0.8396815016560206,1
12,22,-1.2482352224889341,-0.26277290298870604,-0.1880495298132282,-0.24889455881261,-0.187848543584469,37,neutral,-0.5,0.022093603635536613,20,-0.04276994613841508,1.7019609137004574,0.8457906680220342,1
12,22,-1.2482352224889341,-0.26277290298870604,-0.1880495298132282,-0.24889455881261,-0.187848543584469,38,neutral,-0.5,-0.03248467960018497,1,-1.668027899398188,1.9341287317545004,0.8737057042140335,1
12,22,-1.2482352224889341,-0.26277290298870604,-0.1880495298132282,-0.24889455881261,-0.187848543584469,39,neutral,-0.5,-0.021721780340038743,27,0.5560092997993961,1.552502229249706,0.82527483770543,0
12,22,-1.2482352224889341,-0.26277290298870604,-0.1880495298132282,-0.24889455881261,-0.187848543584469,40,neutral,-0.5,-0.04668537349067967,34,1.1547885457372071,1.4218953356238888,0.8056353732957625,0
13,42,0.08179698048275891,-0.2825252874225705,-0.20221090470225384,-0.2675431835540459,-0.20203925532020425,1,fear,0.5,-0.08121017626445963,8,-1.0692486534603771,-0.7585112277073166,0.31896958202280257,0
13,42,0.08179698048275891,-0.2825252874225705,-0.20221090470225384,-0.2675431835540459,-0.20203925532020425,2,fear,0.5,0.053067844990018875,27,0.5560092997993961,-1.0558891403266641,0.25809582875365006,0
13,42,0.08179698048275891,-0.2825252874225705,-0.20221090470225384,-0.2675431835540459,-0.20203925532020425,3,fear,0.5,-0.11676296957720594,3,-1.4969481148445278,-0.6804703542111615,0.3361563324952961,0
13,42,0.08179698048275891,-0.2825252874225705,-0.20221090470225384,-0.2675431835540459,-0.20203925532020425,4,fear,0.5,-0.11848507274328071,28,0.6415491920762262,-1.2501607914217439,0.22267230630153856,0
13,42,0.08179698048275891,-0.2825252874225705,-0.20221090470225384,-0.2675431835540459,-0.20203925532020425,5,fear,0.5,-0.027683151933853067,33,1.0692486534603771,-1.2729525374212176,0.21875224533890453,0
13,42,0.08179698048275891,-0.2825252874225705,-0.20221090470225384,-0.2675431835540459,-0.20203925532020425,6,fear,0.5,0.06278918644554837,15,-0.4704694075225659,-0.7735429985297708,0.31571318334795756,0
13,42,0.08179698048275891,-0.2825252874225705,-0.20221090470225384,-0.2675431835540459,-0.20203925532020425,7,fear,0.5,-0.04999597070532241,5,-1.3258683302908676,-0.6591408220628385,0.3409326403550962,1
13,42,0.08179698048275891,-0.2825252874225705,-0.20221090470225384,-0.2675431835540459,-0.20203925532020425,8,fear,0.5,0.01022656605323173,19,-0.12830983841524524,-0.9169805523692086,0.2855735268337909,1
13,42,0.08179698048275891,-0.2825252874225705,-0.20221090470225384,-0.2675431835540459,-0.20203925532020425,9,fear,0.5,0.07192665896287707,31,0.8981688689067168,-1.127905259800927,0.2445478849310908,0
13,42,0.08179698048275891,-0.2825252874225705,-0.20221090470225384,-0.2675431835540459,-0.20203925532020425,10,fear,0.5,-0.12515440144751105,21,0.04276994613841508,-1.097798986593512,0.2501525251428334,0
13,42,0.08179698048275891,-0.2825252874225705,-0.20221090470225384,-0.2675431835540459,-0.20203925532020425,11,fear,0.5,0.1274762977942073,1,-1.668027899398188,-0.3907936201161877,0.40352626742414416,1
13,42,0.08179698048275891,-0.2825252874225705,-0.20221090470225384,-0.2675431835540459,-0.20203925532020425,12,fear,0.5,0.19901381146458244,39,1.582488007121358,-1.182567974193464,0.23459078183244347,0
13,42,0.08179698048275891,-0.2825252874225705,-0.20221090470225384,-0.2675431835540459,-0.20203925532020425,13,fear,0.5,-0.07533295985117497,32,0.9837087611835469,-1.2978836119767592,0.21452141706294517,0
13,42,0.08179698048275891,-0.2825252874225705,-0.20221090470225384,-0.2675431835540459,-0.20203925532020425,14,fear,0.5,0.01703070109921553,40,1.668027899398188,-1.3872698179206113,0.19984397258365788,1
13,42,0.08179698048275891,-0.2825252874225705,-0.20221090470225384,-0.2675431835540459,-0.20203925532020425,15,fear,0.5,0.02684780492684079,18,-0.2138497306920754,-0.8776405801338194,0.29366694714858077,0
13,42,0.08179698048275891,-0.2825252874225705,-0.20221090470225384,-0.2675431835540459,-0.20203925532020425,16,fear,0.5,0.20218327567498928,22,0.12830983841524524,-0.793180042832792,0.31148626074170016,0
13,42,0.08179698048275891,-0.2825252874225705,-0.20221090470225384,-0.2675431835540459,-0.20203925532020425,17,fear,0.5,-0.1334771970566687,12,-0.7270890843530564,-0.9016531819466469,0.28871088648940435,1
13,42,0.08179698048275891,-0.2825252874225705,-0.20221090470225384,-0.2675431835540459,-0.20203925532020425,18,fear,0.5,-0.019829893319496802,35,1.2403284380140374,-1.310536745530422,0.21239704103375112,0
13,42,0.08179698048275891,-0.2825252874225705,-0.20221090470225384,-0.2675431835540459,-0.20203925532020425,19,fear,0.5,0.03493782098342581,34,1.1547885457372071,-1.2330502978657192,0.22564799820981724,0
13,42,0.08179698048275891,-0.2825252874225705,-0.20221090470225384,-0.2675431835540459,-0.20203925532020425,20,fear,0.5,0.050130844365563365,7,-1.1547885457372071,-0.6044514737155136,0.3533259283259978,0
13,42,0.08179698048275891,-0.2825252874225705,-0.20221090470225384,-0.2675431835540459,-0.20203925532020425,21,neutral,-0.5,-0.034648782698473574,20,-0.04276994613841508,0.2323014608107908,0.5578156021315097,1
13,42,0.08179698048275891,-0.2825252874225705,-0.20221090470225384,-0.2675431835540459,-0.20203925532020425,22,neutral,-0.5,0.20511447081031445,9,-0.9837087611835469,0.5070616248771737,0.6241173985386034,0
13,42,0.08179698048275891,-0.2825252874225705,-0.20221090470225384,-0.2675431835540459,-0.20203925532020425,23,neutral,-0.5,0.06768230030033125,26,0.4704694075225659,0.3155433198690894,0.5782377427416985,0
13,42,0.08179698048275891,-0.2825252874225705,-0.20221090470225384,-0.2675431835540459,-0.20203925532020425,24,neutral,-0.5,-0.08847636608881047,10,-0.8981688689067168,0.21028925065463103,0.5523794297316272,1
13,42,0.08179698048275891,-0.2825252874225705,-0.20221090470225384,-0.2675431835540459,-0.20203925532020425,25,neutral,-0.5,-0.06387461728079331,14,-0.5560092997993961,0.22216485016897733,0.5553138878310581,1
13,42,0.08179698048275891,-0.2825252874225705,-0.20221090470225384,-0.2675431835540459,-0.20203925532020425,26,neutral,-0.5,0.020253570607942934,4,-1.4114082225676976,0.33810841129189073,0.5837309603725872,1
13,42,0.08179698048275891,-0.2825252874225705,-0.20221090470225384,-0.2675431835540459,-0.20203925532020425,27,neutral,-0.5,-0.1657771424201549,23,0.2138497306920754,0.09162848911885633,0.5228911087941907,1
13,42,0.08179698048275891,-0.2825252874225705,-0.20221090470225384,-0.2675431835540459,-0.20203925532020425,28,neutral,-0.5,0.03240578810212312,16,-0.3849295152457357,0.31208218090505835,0.5773934163383416,1
13,42,0.08179698048275891,-0.2825252874225705,-0.20221090470225384,-0.2675431835540459,-0.20203925532020425,29,neutral,-0.5,-0.06427368638861679,24,0.2993896229689056,0.1899504078269768,0.5473453312935278,1
13,42,0.08179698048275891,-0.2825252874225705,-0.20221090470225384,-0.2675431835540459,-0.20203925532020425,30,neutral,-0.5,0.03388482847826553,25,0.3849295152457357,0.28492738537044143,0.570753821844848,1
13,42,0.08179698048275891,-0.2825252874225705,-0.20221090470225384,-0.2675431835540459,-0.20203925532020425,31,neutral,-0.5,0.10063449276941816,2,-1.582488007121358,0.4248524081002014,0.604643803463387,1
13,42,0.08179698048275891,-0.2825252874225705,-0.20221090470225384,-0.2675431835540459,-0.20203925532020425,32,neutral,-0.5,-0.16523159438711074,29,0.7270890843530564,0.07308481321139432,0.5182630748427828,1
13,42,0.08179698048275891,-0.2825252874225705,-0.20221090470225384,-0.2675431835540459,-0.20203925532020425,33,neutral,-0.5,-0.17814514840944695,36,1.3258683302908676,0.0379004979251342,0.5094739904340853,1
13,42,0.08179698048275891,-0.2825252874225705,-0.20221090470225384,-0.2675431835540459,-0.20203925532020425,34,neutral,-0.5,0.20327413635404867,13,-0.6415491920762262,0.492495141127237,0.6206940474262931,1
13,42,0.08179698048275891,-0.2825252874225705,-0.20221090470225384,-0.2675431835540459,-0.20203925532020425,35,neutral,-0.5,0.10974661130988755,6,-1.2403284380140374,0.4212383773469999,0.6037795446787567,0
13,42,0.08179698048275891,-0.2825252874225705,-0.20221090470225384,-0.2675431835540459,-0.20203925532020425,36,neutral,-0.5,-0.11455850646691589,37,1.4114082225676976,0.09830560254424756,0.5245566275672989,1
13,42,0.08179698048275891,-0.2825252874225705,-0.20221090470225384,-0.2675431835540459,-0.20203925532020425,37,neutral,-0.5,0.022093603635536613,11,-0.8126289766298865,0.31767768305556043,0.5787581816885679,0
13,42,0.08179698048275891,-0.2825252874225705,-0.20221090470225384,-0.2675431835540459,-0.20203925532020425,38,neutral,-0.5,-0.03248467960018497,30,0.8126289766298865,0.20265019067490234,0.5504898764197935,1
13,42,0.08179698048275891,-0.2825252874225705,-0.20221090470225384,-0.2675431835540459,-0.20203925532020425,39,neutral,-0.5,-0.021721780340038743,17,-0.2993896229689056,0.25477307513947883,0.5633509665775083,1
13,42,0.08179698048275891,-0.2825252874225705,-0.20221090470225384,-0.2675431835540459,-0.20203925532020425,40,neutral,-0.5,-0.04668537349067967,38,1.4969481148445278,0.1629971981970661,0.5406593193585133,0
14,27,-0.9157271717460108,-0.5172870435016389,-0.37022422121575715,-0.48974713710805584,-0.36983696827374474,1,fear,0.5,-0.08121017626445963,15,-0.4704694075225659,-0.6384882533155395,0.34558835169861785,1
14,27,-0.9157271717460108,-0.5172870435016389,-0.37022422121575715,-0.48974713710805584,-0.36983696827374474,2,fear,0.5,0.053067844990018875,25,0.3849295152457357,-0.8700876694142993,0.29523606014784326,0
14,27,-0.9157271717460108,-0.5172870435016389,-0.37022422121575715,-0.48974713710805584,-0.36983696827374474,3,fear,0.5,-0.11676296957720594,4,-1.4114082225676976,-0.2715758655397238,0.4325202633215297,0
14,27,-0.9157271717460108,-0.5172870435016389,-0.37022422121575715,-0.48974713710805584,-0.36983696827374474,4,fear,0.5,-0.11848507274328071,17,-0.2993896229689056,-0.7489386372650083,0.3210526104183899,1
14,27,-0.9157271717460108,-0.5172870435016389,-0.37022422121575715,-0.48974713710805584,-0.36983696827374474,5,fear,0.5,-0.027683151933853067,32,0.9837087611835469,-1.206952872485438,0.2302406490731172,1
14,27,-0.9157271717460108,-0.5172870435016389,-0.37022422121575715,-0.48974713710805584,-0.36983696827374474,6,fear,0.5,0.06278918644554837,28,0.6415491920762262,-0.9701295591647412,0.2748546790736732,0
14,27,-0.9157271717460108,-0.5172870435016389,-0.37022422121575715,-0.48974713710805584,-0.36983696827374474,7,fear,0.5,-0.04999597070532241,24,0.2993896229689056,-0.9365637413743167,0.2815949731055145,0
14,27,-0.9157271717460108,-0.5172870435016389,-0.37022422121575715,-0.48974713710805584,-0.36983696827374474,8,fear,0.5,0.01022656605323173,37,1.4114082225676976,-1.3519818731749724,0.20554654866281344,1
14,27,-0.9157271717460108,-0.5172870435016389,-0.37022422121575715,-0.48974713710805584,-0.36983696827374474,9,fear,0.5,0.07192665896287707,38,1.4969481148445278,-1.326869524000651,0.2096776541117135,0
14,27,-0.9157271717460108,-0.5172870435016389,-0.37022422121575715,-0.48974713710805584,-0.36983696827374474,10,fear,0.5,-0.12515440144751105,39,1.582488007121358,-1.5605383281463627,0.17356941400561982,0
14,27,-0.9157271717460108,-0.5172870435016389,-0.37022422121575715,-0.48974713710805584,-0.36983696827374474,11,fear,0.5,0.1274762977942073,35,1.2403284380140374,-1.161556653963349,0.2383845480942636,0
14,27,-0.9157271717460108,-0.5172870435016389,-0.37022422121575715,-0.48974713710805584,-0.36983696827374474,12,fear,0.5,0.19901381146458244,30,0.8126289766298865,-0.9070804216163549,0.287597644623755,1
14,27,-0.9157271717460108,-0.5172870435016389,-0.37022422121575715,-0.48974713710805584,-0.36983696827374474,13,fear,0.5,-0.07533295985117497,33,1.0692486534603771,-1.2911904241380838,0.21565138734305447,0
14,27,-0.9157271717460108,-0.5172870435016389,-0.37022422121575715,-0.48974713710805584,-0.36983696827374474,14,fear,0.5,0.01703070109921553,9,-0.9837087611835469,-0.32072091353992127,0.42050006575134863,0
14,27,-0.9157271717460108,-0.5172870435016389,-0.37022422121575715,-0.48974713710805584,-0.36983696827374474,15,fear,0.5,0.02684780492684079,36,1.3258683302908676,-1.2987728905660396,0.21437160990246495,0
14,27,-0.9157271717460108,-0.5172870435016389,-0.37022422121575715,-0.48974713710805584,-0.36983696827374474,16,fear,0.5,0.20218327567498928,5,-1.3258683302908676,0.010782635977147709,0.5026956328769709,0
14,27,-0.9157271717460108,-0.5172870435016389,-0.37022422121575715,-0.48974713710805584,-0.36983696827374474,17,fear,0.5,-0.1334771970566687,22,0.12830983841524524,-0.9468694802550154,0.2795148303670559,1
14,27,-0.9157271717460108,-0.5172870435016389,-0.37022422121575715,-0.48974713710805584,-0.36983696827374474,18,fear,0.5,-0.019829893319496802,13,-0.6415491920762262,-0.503932482899929,0.37661696673535644,1
14,27,-0.9157271717460108,-0.5172870435016389,-0.37022422121575715,-0.48974713710805584,-0.36983696827374474,19,fear,0.5,0.03493782098342581,20,-0.04276994613841508,-0.7052789747442733,0.3306428521296202,1
14,27,-0.9157271717460108,-0.5172870435016389,-0.37022422121575715,-0.48974713710805584,-0.36983696827374474,20,fear,0.5,0.050130844365563365,2,-1.582488007121358,-0.031506564126306674,0.49212401047497645,1
14,27,-0.9157271717460108,-0.5172870435016389,-0.37022422121575715,-0.48974713710805584,-0.36983696827374474,21,neutral,-0.5,-0.034648782698473574,21,0.04276994613841508,1.1445698871313996,0.7585176874649678,1
14,27,-0.9157271717460108,-0.5172870435016389,-0.37022422121575715,-0.48974713710805584,-0.36983696827374474,22,neutral,-0.5,0.20511447081031445,29,0.7270890843530564,1.226230971746956,0.773158225455658,1
14,27,-0.9157271717460108,-0.5172870435016389,-0.37022422121575715,-0.48974713710805584,-0.36983696827374474,23,neutral,-0.5,0.06768230030033125,8,-1.0692486534603771,1.5038169945817064,0.8181430774556175,1
14,27,-0.9157271717460108,-0.5172870435016389,-0.37022422121575715,-0.48974713710805584,-0.36983696827374474,24,neutral,-0.5,-0.08847636608881047,12,-0.7270890843530564,1.268607243745949,0.7805042377883022,1
14,27,-0.9157271717460108,-0.5172870435016389,-0.37022422121575715,-0.48974713710805584,-0.36983696827374474,25,neutral,-0.5,-0.06387461728079331,19,-0.12830983841524524,1.1548695947723882,0.760399243975816,1
14,27,-0.9157271717460108,-0.5172870435016389,-0.37022422121575715,-0.48974713710805584,-0.36983696827374474,26,neutral,-0.5,0.020253570607942934,3,-1.4969481148445278,1.5552021204475877,0.8256638101379828,1
14,27,-0.9157271717460108,-0.5172870435016389,-0.37022422121575715,-0.48974713710805584,-0.36983696827374474,27,neutral,-0.5,-0.1657771424201549,11,-0.8126289766298865,1.211069238526258,0.7704880838035898,1
14,27,-0.9157271717460108,-0.5172870435016389,-0.37022422121575715,-0.48974713710805584,-0.36983696827374474,28,neutral,-0.5,0.03240578810212312,18,-0.2138497306920754,1.2709127712669586,0.7808989592603572,0
14,27,-0.9157271717460108,-0.5172870435016389,-0.37022422121575715,-0.48974713710805584,-0.36983696827374474,29,neutral,-0.5,-0.06427368638861679,27,0.5560092997993961,0.9963683567713328,0.7303439553630583,1
14,27,-0.9157271717460108,-0.5172870435016389,-0.37022422121575715,-0.48974713710805584,-0.36983696827374474,30,neutral,-0.5,0.03388482847826553,26,0.4704694075225659,1.1142896427498692,0.7529279682224045,1
14,27,-0.9157271717460108,-0.5172870435016389,-0.37022422121575715,-0.48974713710805584,-0.36983696827374474,31,neutral,-0.5,0.10063449276941816,23,0.2138497306920754,1.2403276203759837,0.7756210361890328,1
14,27,-0.9157271717460108,-0.5172870435016389,-0.37022422121575715,-0.48974713710805584,-0.36983696827374474,32,neutral,-0.5,-0.16523159438711074,34,1.1547885457372071,0.757071050991261,0.6807174897558977,1
14,27,-0.9157271717460108,-0.5172870435016389,-0.37022422121575715,-0.48974713710805584,-0.36983696827374474,33,neutral,-0.5,-0.17814514840944695,31,0.8981688689067168,0.8034458103038868,0.6907110904388736,0
14,27,-0.9157271717460108,-0.5172870435016389,-0.37022422121575715,-0.48974713710805584,-0.36983696827374474,34,neutral,-0.5,0.20327413635404867,6,-1.2403284380140374,1.6789343728587316,0.8427633729497824,1
14,27,-0.9157271717460108,-0.5172870435016389,-0.37022422121575715,-0.48974713710805584,-0.36983696827374474,35,neutral,-0.5,0.10974661130988755,10,-0.8981688689067168,1.5063557633679547,0.8185205030781916,1
14,27,-0.9157271717460108,-0.5172870435016389,-0.37022422121575715,-0.48974713710805584,-0.36983696827374474,36,neutral,-0.5,-0.11455850646691589,16,-0.3849295152457357,1.1634740189212276,0.7619633889805707,1
14,27,-0.9157271717460108,-0.5172870435016389,-0.37022422121575715,-0.48974713710805584,-0.36983696827374474,37,neutral,-0.5,0.022093603635536613,7,-1.1547885457372071,1.4779910690285654,0.8142689517760328,1
14,27,-0.9157271717460108,-0.5172870435016389,-0.37022422121575715,-0.48974713710805584,-0.36983696827374474,38,neutral,-0.5,-0.03248467960018497,1,-1.668027899398188,1.541989412462768,0.8237537411691618,1
14,27,-0.9157271717460108,-0.5172870435016389,-0.37022422121575715,-0.48974713710805584,-0.36983696827374474,39,neutral,-0.5,-0.021721780340038743,14,-0.5560092997993961,1.2958362872714124,0.785133403047387,0
14,27,-0.9157271717460108,-0.5172870435016389,-0.37022422121575715,-0.48974713710805584,-0.36983696827374474,40,neutral,-0.5,-0.04668537349067967,40,1.668027899398188,0.7570406452177683,0.6807108812926255,1
15,60,1.2788259631572827,0.029103599073012795,0.020655132255562963,0.027486751768102103,0.02073522177387835,1,fear,0.5,-0.08121017626445963,37,1.4114082225676976,-1.2968634494374138,0.214693366532119,0
15,60,1.2788259631572827,0.029103599073012795,0.020655132255562963,0.027486751768102103,0.02073522177387835,2,fear,0.5,0.053067844990018875,15,-0.4704694075225659,-1.0890574703249183,0.25179580442336685,1
15,60,1.2788259631572827,0.029103599073012795,0.020655132255562963,0.027486751768102103,0.02073522177387835,3,fear,0.5,-0.11676296957720594,19,-0.12830983841524524,-1.2722570045026922,0.21887113495841343,0
15,60,1.2788259631572827,0.029103599073012795,0.020655132255562963,0.027486751768102103,0.02073522177387835,4,fear,0.5,-0.11848507274328071,8,-1.0692486534603771,-1.237215128739758,0.22492110485399427,0
15,60,1.2788259631572827,0.029103599073012795,0.020655132255562963,0.027486751768102103,0.02073522177387835,5,fear,0.5,-0.027683151933853067,14,-0.5560092997993961,-1.1664662873461535,0.23749431327949727,1
15,60,1.2788259631572827,0.029103599073012795,0.020655132255562963,0.027486751768102103,0.02073522177387835,6,fear,0.5,0.06278918644554837,40,1.668027899398188,-1.162890626435317,0.23814244010881602,0
15,60,1.2788259631572827,0.029103599073012795,0.020655132255562963,0.027486751768102103,0.02073522177387835,7,fear,0.5,-0.04999597070532241,21,0.04276994613841508,-1.2121743654360828,0.22931654817701175,0
15,60,1.2788259631572827,0.029103599073012795,0.020655132255562963,0.027486751768102103,0.02073522177387835,8,fear,0.5,0.01022656605323173,34,1.1547885457372071,-1.1954001674118109,0.2322945116697776,0
15,60,1.2788259631572827,0.029103599073012795,0.020655132255562963,0.027486751768102103,0.02073522177387835,9,fear,0.5,0.07192665896287707,30,0.8126289766298865,-1.1203313548916172,0.2459498257939086,0
15,60,1.2788259631572827,0.029103599073012795,0.020655132255562963,0.027486751768102103,0.02073522177387835,10,fear,0.5,-0.12515440144751105,16,-0.3849295152457357,-1.2706218966650855,0.2191508122212832,0
15,60,1.2788259631572827,0.029103599073012795,0.020655132255562963,0.027486751768102103,0.02073522177387835,11,fear,0.5,0.1274762977942073,35,1.2403284380140374,-1.0814926155734725,0.25322365696065297,0
15,60,1.2788259631572827,0.029103599073012795,0.020655132255562963,0.027486751768102103,0.02073522177387835,12,fear,0.5,0.19901381146458244,9,-0.9837087611835469,-0.9230584244345325,0.2843351293112077,0
15,60,1.2788259631572827,0.029103599073012795,0.020655132255562963,0.027486751768102103,0.02073522177387835,13,fear,0.5,-0.07533295985117497,11,-0.8126289766298865,-1.204089555555564,0.23074850635033728,0
15,60,1.2788259631572827,0.029103599073012795,0.020655132255562963,0.027486751768102103,0.02073522177387835,14,fear,0.5,0.01703070109921553,5,-1.3258683302908676,-1.0916728151893509,0.2513034072867409,0
15,60,1.2788259631572827,0.029103599073012795,0.020655132255562963,0.027486751768102103,0.02073522177387835,15,fear,0.5,0.02684780492684079,27,0.5560092997993961,-1.1553836692197421,0.23950710819050547,0
15,60,1.2788259631572827,0.029103599073012795,0.020655132255562963,0.027486751768102103,0.02073522177387835,16,fear,0.5,0.20218327567498928,24,0.2993896229689056,-0.9700216587636821,0.27487618518020474,0
15,60,1.2788259631572827,0.029103599073012795,0.020655132255562963,0.027486751768102103,0.02073522177387835,17,fear,0.5,-0.1334771970566687,36,1.3258683302908676,-1.3457882903269855,0.20655978781039833,0
15,60,1.2788259631572827,0.029103599073012795,0.020655132255562963,0.027486751768102103,0.02073522177387835,18,fear,0.5,-0.019829893319496802,7,-1.1547885457372071,-1.1352177694133374,0.24319946591914565,0
15,60,1.2788259631572827,0.029103599073012795,0.020655132255562963,0.027486751768102103,0.02073522177387835,19,fear,0.5,0.03493782098342581,32,0.9837087611835469,-1.1640045526763423,0.2379403987364762,0
15,60,1.2788259631572827,0.029103599073012795,0.020655132255562963,0.027486751768102103,0.02073522177387835,20,fear,0.5,0.050130844365563365,29,0.7270890843530564,-1.138784989586294,0.2425435082069359,1
15,60,1.2788259631572827,0.029103599073012795,0.020655132255562963,0.027486751768102103,0.02073522177387835,21,neutral,-0.5,-0.034648782698473574,23,0.2138497306920754,-0.8180116773018711,0.3061858885407683,0
15,60,1.2788259631572827,0.029103599073012795,0.020655132255562963,0.027486751768102103,0.02073522177387835,22,neutral,-0.5,0.20511447081031445,28,0.6415491920762262,-0.49016013674750836,0.37985584425713775,0
15,60,1.2788259631572827,0.029103599073012795,0.020655132255562963,0.027486751768102103,0.02073522177387835,23,neutral,-0.5,0.06768230030033125,3,-1.4969481148445278,-1.0680337424853654,0.25577719178534525,0
15,60,1.2788259631572827,0.029103599073012795,0.020655132255562963,0.027486751768102103,0.02073522177387835,24,neutral,-0.5,-0.08847636608881047,10,-0.8981688689067168,-1.1008688070107024,0.2495771415371618,0
15,60,1.2788259631572827,0.029103599073012795,0.020655132255562963,0.027486751768102103,0.02073522177387835,25,neutral,-0.5,-0.06387461728079331,33,1.0692486534603771,-0.6710609377930413,0.3382593197964241,1
15,60,1.2788259631572827,0.029103599073012795,0.020655132255562963,0.027486751768102103,0.02073522177387835,26,neutral,-0.5,0.020253570607942934,31,0.8981688689067168,-0.622168064722535,0.34928851968642405,0
15,60,1.2788259631572827,0.029103599073012795,0.020655132255562963,0.027486751768102103,0.02073522177387835,27,neutral,-0.5,-0.1657771424201549,13,-0.6415491920762262,-1.125316611114702,0.24502643899445023,0
15,60,1.2788259631572827,0.029103599073012795,0.020655132255562963,0.027486751768102103,0.02073522177387835,28,neutral,-0.5,0.03240578810212312,6,-1.2403284380140374,-1.050457282456229,0.25913729970341637,0
15,60,1.2788259631572827,0.029103599073012795,0.020655132255562963,0.027486751768102103,0.02073522177387835,29,neutral,-0.5,-0.06427368638861679,39,1.582488007121358,-0.5657540624461751,0.3622171288856704,1
15,60,1.2788259631572827,0.029103599073012795,0.020655132255562963,0.027486751768102103,0.02073522177387835,30,neutral,-0.5,0.03388482847826553,25,0.3849295152457357,-0.7142427513069023,0.3286620259408534,0
15,60,1.2788259631572827,0.029103599073012795,0.020655132255562963,0.027486751768102103,0.02073522177387835,31,neutral,-0.5,0.10063449276941816,38,1.4969481148445278,-0.4184635406972551,0.39688446974596453,0
15,60,1.2788259631572827,0.029103599073012795,0.020655132255562963,0.027486751768102103,0.02073522177387835,32,neutral,-0.5,-0.16523159438711074,18,-0.2138497306920754,-1.036682776036083,0.2617905614637837,0
15,60,1.2788259631572827,0.029103599073012795,0.020655132255562963,0.027486751768102103,0.02073522177387835,33,neutral,-0.5,-0.17814514840944695,26,0.4704694075225659,-0.9086550707854997,0.28727513018627393,0
15,60,1.2788259631572827,0.029103599073012795,0.020655132255562963,0.027486751768102103,0.02073522177387835,34,neutral,-0.5,0.20327413635404867,1,-1.668027899398188,-0.967677221249878,0.2753437232965251,0
15,60,1.2788259631572827,0.029103599073012795,0.020655132255562963,0.027486751768102103,0.02073522177387835,35,neutral,-0.5,0.10974661130988755,17,-0.2993896229689056,-0.7793222277481998,0.3144659798799432,1
15,60,1.2788259631572827,0.029103599073012795,0.020655132255562963,0.027486751768102103,0.02073522177387835,36,neutral,-0.5,-0.11455850646691589,2,-1.582488007121358,-1.2678922066617275,0.2196182850555667,1
15,60,1.2788259631572827,0.029103599073012795,0.020655132255562963,0.027486751768102103,0.02073522177387835,37,neutral,-0.5,0.022093603635536613,12,-0.7270890843530564,-0.9550635224681254,0.2778676477290507,0
15,60,1.2788259631572827,0.029103599073012795,0.020655132255562963,0.027486751768102103,0.02073522177387835,38,neutral,-0.5,-0.03248467960018497,20,-0.04276994613841508,-0.8687005464309274,0.2955247631800704,0
15,60,1.2788259631572827,0.029103599073012795,0.020655132255562963,0.027486751768102103,0.02073522177387835,39,neutral,-0.5,-0.021721780340038743,22,0.12830983841524524,-0.8227023323525515,0.3051903310231155,1
15,60,1.2788259631572827,0.029103599073012795,0.020655132255562963,0.027486751768102103,0.02073522177387835,40,neutral,-0.5,-0.04668537349067967,4,-1.4114082225676976,-1.1647837588672616,0.23779913820905071,0
16,25,-1.04873039204318,0.3965915217510234,0.28374380684085776,0.375428186105334,0.2835797409945077,1,fear,0.5,-0.08121017626445963,25,0.3849295152457357,0.7973513098164713,0.6894076157083339,1
16,25,-1.04873039204318,0.3965915217510234,0.28374380684085776,0.375428186105334,0.2835797409945077,2,fear,0.5,0.053067844990018875,18,-0.2138497306920754,0.5933673111655186,0.6441373897024744,0
16,25,-1.04873039204318,0.3965915217510234,0.28374380684085776,0.375428186105334,0.2835797409945077,3,fear,0.5,-0.11676296957720594,38,1.4969481148445278,1.389999410613811,0.8005921490591673,1
16,25,-1.04873039204318,0.3965915217510234,0.28374380684085776,0.375428186105334,0.2835797409945077,4,fear,0.5,-0.11848507274328071,13,-0.6415491920762262,0.18019866492833989,0.5449281580322489,1
16,25,-1.04873039204318,0.3965915217510234,0.28374380684085776,0.375428186105334,0.2835797409945077,5,fear,0.5,-0.027683151933853067,29,0.7270890843530564,1.0441709169501814,0.7396539852149872,1
16,25,-1.04873039204318,0.3965915217510234,0.28374380684085776,0.375428186105334,0.2835797409945077,6,fear,0.5,0.06278918644554837,39,1.582488007121358,1.6178747123373414,0.8345018180760037,1
16,25,-1.04873039204318,0.3965915217510234,0.28374380684085776,0.375428186105334,0.2835797409945077,7,fear,0.5,-0.04999597070532241,32,0.9837087611835469,1.1668275352810396,0.7625710991814321,1
16,25,-1.04873039204318,0.3965915217510234,0.28374380684085776,0.375428186105334,0.2835797409945077,8,fear,0.5,0.01022656605323173,7,-1.1547885457372071,0.01897142952019716,0.5047427151329882,1
16,25,-1.04873039204318,0.3965915217510234,0.28374380684085776,0.375428186105334,0.2835797409945077,9,fear,0.5,0.07192665896287707,27,0.5560092997993961,1.0471344364453596,0.7402242527810284,1
16,25,-1.04873039204318,0.3965915217510234,0.28374380684085776,0.375428186105334,0.2835797409945077,10,fear,0.5,-0.12515440144751105,36,1.3258683302908676,1.2849616873419545,0.783293181678513,1
16,25,-1.04873039204318,0.3965915217510234,0.28374380684085776,0.375428186105334,0.2835797409945077,11,fear,0.5,0.1274762977942073,9,-0.9837087611835469,0.23286745266272457,0.5579552036133818,1
16,25,-1.04873039204318,0.3965915217510234,0.28374380684085776,0.375428186105334,0.2835797409945077,12,fear,0.5,0.19901381146458244,10,-0.8981688689067168,0.3527281120338752,0.5872789822774207,1
16,25,-1.04873039204318,0.3965915217510234,0.28374380684085776,0.375428186105334,0.2835797409945077,13,fear,0.5,-0.07533295985117497,34,1.1547885457372071,1.2381368375367388,0.7752395373756222,1
16,25,-1.04873039204318,0.3965915217510234,0.28374380684085776,0.375428186105334,0.2835797409945077,14,fear,0.5,0.01703070109921553,14,-0.5560092997993961,0.3640375844716119,0.590017466825143,1
16,25,-1.04873039204318,0.3965915217510234,0.28374380684085776,0.375428186105334,0.2835797409945077,15,fear,0.5,0.02684780492684079,21,0.04276994613841508,0.7121167082046683,0.6708687061316394,1
16,25,-1.04873039204318,0.3965915217510234,0.28374380684085776,0.375428186105334,0.2835797409945077,16,fear,0.5,0.20218327567498928,2,-1.582488007121358,-0.03068758936192481,0.49232870467296047,1
16,25,-1.04873039204318,0.3965915217510234,0.28374380684085776,0.375428186105334,0.2835797409945077,17,fear,0.5,-0.1334771970566687,6,-1.2403284380140374,-0.17305547929047904,0.45684378070984555,1
16,25,-1.04873039204318,0.3965915217510234,0.28374380684085776,0.375428186105334,0.2835797409945077,18,fear,0.5,-0.019829893319496802,4,-1.4114082225676976,-0.15605446695485908,0.46106536579389146,1
16,25,-1.04873039204318,0.3965915217510234,0.28374380684085776,0.375428186105334,0.2835797409945077,19,fear,0.5,0.03493782098342581,17,-0.2993896229689056,0.5269141414581496,0.628763097332064,1
16,25,-1.04873039204318,0.3965915217510234,0.28374380684085776,0.375428186105334,0.2835797409945077,20,fear,0.5,0.050130844365563365,11,-0.8126289766298865,0.25216829063563206,0.5627101189628002,1
16,25,-1.04873039204318,0.3965915217510234,0.28374380684085776,0.375428186105334,0.2835797409945077,21,neutral,-0.5,-0.034648782698473574,24,0.2993896229689056,1.7998238327556928,0.8581274890240169,1
16,25,-1.04873039204318,0.3965915217510234,0.28374380684085776,0.375428186105334,0.2835797409945077,22,neutral,-0.5,0.20511447081031445,22,0.12830983841524524,2.0256280719156408,0.8834617108876293,1
16,25,-1.04873039204318,0.3965915217510234,0.28374380684085776,0.375428186105334,0.2835797409945077,23,neutral,-0.5,0.06768230030033125,37,1.4114082225676976,1.9928885090219615,0.8800483927319831,1
16,25,-1.04873039204318,0.3965915217510234,0.28374380684085776,0.375428186105334,0.2835797409945077,24,neutral,-0.5,-0.08847636608881047,15,-0.4704694075225659,1.683180684795573,0.8433252469898584,1
16,25,-1.04873039204318,0.3965915217510234,0.28374380684085776,0.375428186105334,0.2835797409945077,25,neutral,-0.5,-0.06387461728079331,8,-1.0692486534603771,1.6589258833826488,0.8400937629816375,0
16,25,-1.04873039204318,0.3965915217510234,0.28374380684085776,0.375428186105334,0.2835797409945077,26,neutral,-0.5,0.020253570607942934,5,-1.3258683302908676,1.7221155497481244,0.8484011318641971,0
16,25,-1.04873039204318,0.3965915217510234,0.28374380684085776,0.375428186105334,0.2835797409945077,27,neutral,-0.5,-0.1657771424201549,26,0.4704694075225659,1.6826544873828524,0.8432557091357354,1
16,25,-1.04873039204318,0.3965915217510234,0.28374380684085776,0.375428186105334,0.2835797409945077,28,neutral,-0.5,0.03240578810212312,19,-0.12830983841524524,1.8319808676841882,0.861997535472247,1
16,25,-1.04873039204318,0.3965915217510234,0.28374380684085776,0.375428186105334,0.2835797409945077,29,neutral,-0.5,-0.06427368638861679,33,1.0692486534603771,1.833014493635332,0.8621204473243259,1
16,25,-1.04873039204318,0.3965915217510234,0.28374380684085776,0.375428186105334,0.2835797409945077,30,neutral,-0.5,0.03388482847826553,30,0.8126289766298865,1.9102344869789534,0.87104548895284994,0
16,25,-1.04873039204318,0.3965915217510234,0.28374380684085776,0.375428186105334,0.2835797409945077,31,neutral,-0.5,0.10063449276941816,31,0.8981688689067168,1.9839636584445266,0.8791030565870581,1
16,25,-1.04873039204318,0.3965915217510234,0.28374380684085776,0.375428186105334,0.2835797409945077,32,neutral,-0.5,-0.16523159438711074,35,1.2403284380140374,1.746015599985679,0.8514495476234425,0
16,25,-1.04873039204318,0.3965915217510234,0.28374380684085776,0.375428186105334,0.2835797409945077,33,neutral,-0.5,-0.17814514840944695,23,0.2138497306920754,1.6493479598702994,0.8388029058634662,1
16,25,-1.04873039204318,0.3965915217510234,0.28374380684085776,0.375428186105334,0.2835797409945077,34,neutral,-0.5,0.20327413635404867,3,-1.4969481148445278,1.8911771011453893,0.8688896846324268,0
16,25,-1.04873039204318,0.3965915217510234,0.28374380684085776,0.375428186105334,0.2835797409945077,35,neutral,-0.5,0.10974661130988755,40,1.668027899398188,2.055891341554778,0.8865415538252146,1
16,25,-1.04873039204318,0.3965915217510234,0.28374380684085776,0.375428186105334,0.2835797409945077,36,neutral,-0.5,-0.11455850646691589,1,-1.668027899398188,1.559385443975584,0.826265150505541,1
16,25,-1.04873039204318,0.3965915217510234,0.28374380684085776,0.375428186105334,0.2835797409945077,37,neutral,-0.5,0.022093603635536613,20,-0.04276994613841508,1.8286481903920218,0.8616006090727932,1
16,25,-1.04873039204318,0.3965915217510234,0.28374380684085776,0.375428186105334,0.2835797409945077,38,neutral,-0.5,-0.03248467960018497,12,-0.7270890843530564,1.7182338497609382,0.8479012051429238,1
16,25,-1.04873039204318,0.3965915217510234,0.28374380684085776,0.375428186105334,0.2835797409945077,39,neutral,-0.5,-0.021721780340038743,28,0.6415491920762262,1.840668863811809,0.8630277935653818,0
16,25,-1.04873039204318,0.3965915217510234,0.28374380684085776,0.375428186105334,0.2835797409945077,40,neutral,-0.5,-0.04668537349067967,16,-0.3849295152457357,1.7319511845681246,0.8496618280291207,1
17,55,0.9463179124143594,-0.20226441040196066,-0.14473821835581813,-0.19138549146361905,-0.14467053244574432,1,fear,0.5,-0.08121017626445963,11,-0.8126289766298865,-1.190599802441945,0.23315167874524115,0
17,55,0.9463179124143594,-0.20226441040196066,-0.14473821835581813,-0.19138549146361905,-0.14467053244574432,2,fear,0.5,0.053067844990018875,14,-0.5560092997993961,-1.1223351649087872,0.24557839138559379,0
17,55,0.9463179124143594,-0.20226441040196066,-0.14473821835581813,-0.19138549146361905,-0.14467053244574432,3,fear,0.5,-0.11676296957720594,29,0.7270890843530564,-1.6222328980826164,0.1648971564200539,0
17,55,0.9463179124143594,-0.20226441040196066,-0.14473821835581813,-0.19138549146361905,-0.14467053244574432,4,fear,0.5,-0.11848507274328071,4,-1.4114082225676976,-1.0738434702376836,0.2546728498029758,1
17,55,0.9463179124143594,-0.20226441040196066,-0.14473821835581813,-0.19138549146361905,-0.14467053244574432,5,fear,0.5,-0.027683151933853067,38,1.4969481148445278,-1.731193231603226,0.15043501597179754,0
17,55,0.9463179124143594,-0.20226441040196066,-0.14473821835581813,-0.19138549146361905,-0.14467053244574432,6,fear,0.5,0.06278918644554837,17,-0.2993896229689056,-1.1786272071745787,0.23529911781078588,1
17,55,0.9463179124143594,-0.20226441040196066,-0.14473821835581813,-0.19138549146361905,-0.14467053244574432,7,fear,0.5,-0.04999597070532241,28,0.6415491920762262,-1.5334614379702924,0.17748780047110402,0
17,55,0.9463179124143594,-0.20226441040196066,-0.14473821835581813,-0.19138549146361905,-0.14467053244574432,8,fear,0.5,0.01022656605323173,8,-1.0692486534603771,-1.0331496764029326,0.26247392952085596,0
17,55,0.9463179124143594,-0.20226441040196066,-0.14473821835581813,-0.19138549146361905,-0.14467053244574432,9,fear,0.5,0.07192665896287707,2,-1.582488007121358,-0.8394228160506456,0.301656359531525,0
17,55,0.9463179124143594,-0.20226441040196066,-0.14473821835581813,-0.19138549146361905,-0.14467053244574432,10,fear,0.5,-0.12515440144751105,35,1.2403284380140374,-1.7626510973955634,0.1464586193951153,0
17,55,0.9463179124143594,-0.20226441040196066,-0.14473821835581813,-0.19138549146361905,-0.14467053244574432,11,fear,0.5,0.1274762977942073,12,-0.7270890843530564,-1.003917789623718,0.26817183482209395,0
17,55,0.9463179124143594,-0.20226441040196066,-0.14473821835581813,-0.19138549146361905,-0.14467053244574432,12,fear,0.5,0.19901381146458244,25,0.3849295152457357,-1.2184382720790667,0.22821140244652788,0
17,55,0.9463179124143594,-0.20226441040196066,-0.14473821835581813,-0.19138549146361905,-0.14467053244574432,13,fear,0.5,-0.07533295985117497,26,0.4704694075225659,-1.5147895046352644,0.18023007320419912,0
17,55,0.9463179124143594,-0.20226441040196066,-0.14473821835581813,-0.19138549146361905,-0.14467053244574432,14,fear,0.5,0.01703070109921553,32,0.9837087611835469,-1.5544526111275156,0.17444410287933781,0
17,55,0.9463179124143594,-0.20226441040196066,-0.14473821835581813,-0.19138549146361905,-0.14467053244574432,15,fear,0.5,0.02684780492684079,19,-0.12830983841524524,-1.2585775111741668,0.22121886294036022,0
17,55,0.9463179124143594,-0.20226441040196066,-0.14473821835581813,-0.19138549146361905,-0.14467053244574432,16,fear,0.5,0.20218327567498928,9,-0.9837087611835469,-0.8631974280216151,0.2966717444754515,0
17,55,0.9463179124143594,-0.20226441040196066,-0.14473821835581813,-0.19138549146361905,-0.14467053244574432,17,fear,0.5,-0.1334771970566687,27,0.5560092997993961,-1.5949382030811983,0.16869026024062653,0
17,55,0.9463179124143594,-0.20226441040196066,-0.14473821835581813,-0.19138549146361905,-0.14467053244574432,18,fear,0.5,-0.019829893319496802,23,0.2138497306920754,-1.3932730543822653,0.1988857464104348,1
17,55,0.9463179124143594,-0.20226441040196066,-0.14473821835581813,-0.19138549146361905,-0.14467053244574432,19,fear,0.5,0.03493782098342581,16,-0.3849295152457357,-1.184474111396261,0.2342486929183207,0
17,55,0.9463179124143594,-0.20226441040196066,-0.14473821835581813,-0.19138549146361905,-0.14467053244574432,20,fear,0.5,0.050130844365563365,39,1.582488007121358,-1.6753836965442497,0.15770771161461988,0
17,55,0.9463179124143594,-0.20226441040196066,-0.14473821835581813,-0.19138549146361905,-0.14467053244574432,21,neutral,-0.5,-0.034648782698473574,30,0.8126289766298865,-0.5644058093453377,0.3625286545865492,0
17,55,0.9463179124143594,-0.20226441040196066,-0.14473821835581813,-0.19138549146361905,-0.14467053244574432,22,neutral,-0.5,0.20511447081031445,20,-0.04276994613841508,-0.3987988148453544,0.40160097170890985,0
17,55,0.9463179124143594,-0.20226441040196066,-0.14473821835581813,-0.19138549146361905,-0.14467053244574432,23,neutral,-0.5,0.06768230030033125,33,1.0692486534603771,-0.4398278486438912,0.39178199023996985,1
17,55,0.9463179124143594,-0.20226441040196066,-0.14473821835581813,-0.19138549146361905,-0.14467053244574432,24,neutral,-0.5,-0.08847636608881047,1,-1.668027899398188,-0.8332865438612084,0.30295059654803236,0
17,55,0.9463179124143594,-0.20226441040196066,-0.14473821835581813,-0.19138549146361905,-0.14467053244574432,25,neutral,-0.5,-0.06387461728079331,22,0.12830983841524524,-0.652956651134701,0.3423235723932171,1
17,55,0.9463179124143594,-0.20226441040196066,-0.14473821835581813,-0.19138549146361905,-0.14467053244574432,26,neutral,-0.5,0.020253570607942934,3,-1.4969481148445278,-0.7097253553626939,0.32965952945613064,0
17,55,0.9463179124143594,-0.20226441040196066,-0.14473821835581813,-0.19138549146361905,-0.14467053244574432,27,neutral,-0.5,-0.1657771424201549,10,-0.8981688689067168,-0.8438466870846284,0.30072524626380664,0
17,55,0.9463179124143594,-0.20226441040196066,-0.14473821835581813,-0.19138549146361905,-0.14467053244574432,28,neutral,-0.5,0.03240578810212312,34,1.1547885457372071,-0.4676887349412189,0.38516343473398146,1
17,55,0.9463179124143594,-0.20226441040196066,-0.14473821835581813,-0.19138549146361905,-0.14467053244574432,29,neutral,-0.5,-0.06427368638861679,40,1.668027899398188,-0.5198744540266761,0.3728815910029072,1
17,55,0.9463179124143594,-0.20226441040196066,-0.14473821835581813,-0.19138549146361905,-0.14467053244574432,30,neutral,-0.5,0.03388482847826553,36,1.3258683302908676,-0.4513784427633157,0.3890330789604711,0
17,55,0.9463179124143594,-0.20226441040196066,-0.14473821835581813,-0.19138549146361905,-0.14467053244574432,31,neutral,-0.5,0.10063449276941816,21,0.04276994613841508,-0.49586316698537014,0.3785133312709952,0
17,55,0.9463179124143594,-0.20226441040196066,-0.14473821835581813,-0.19138549146361905,-0.14467053244574432,32,neutral,-0.5,-0.16523159438711074,13,-0.6415491920762262,-0.821054261348943,0.3055399153076903,1
17,55,0.9463179124143594,-0.20226441040196066,-0.14473821835581813,-0.19138549146361905,-0.14467053244574432,33,neutral,-0.5,-0.17814514840944695,15,-0.4704694075225659,-0.8191365635695181,0.30594697421316613,0
17,55,0.9463179124143594,-0.20226441040196066,-0.14473821835581813,-0.19138549146361905,-0.14467053244574432,34,neutral,-0.5,0.20327413635404867,5,-1.3258683302908676,-0.5118735378148271,0.3747544273346572,0
17,55,0.9463179124143594,-0.20226441040196066,-0.14473821835581813,-0.19138549146361905,-0.14467053244574432,35,neutral,-0.5,0.10974661130988755,37,1.4114082225676976,-0.3681010340308132,0.4089999582629812,0
17,55,0.9463179124143594,-0.20226441040196066,-0.14473821835581813,-0.19138549146361905,-0.14467053244574432,36,neutral,-0.5,-0.11455850646691589,7,-1.1547885457372071,-0.8148749288340308,0.3068526519307279,0
17,55,0.9463179124143594,-0.20226441040196066,-0.14473821835581813,-0.19138549146361905,-0.14467053244574432,37,neutral,-0.5,0.022093603635536613,18,-0.2138497306920754,-0.5966509338218932,0.355110280570188,0
17,55,0.9463179124143594,-0.20226441040196066,-0.14473821835581813,-0.19138549146361905,-0.14467053244574432,38,neutral,-0.5,-0.03248467960018497,24,0.2993896229689056,-0.6067354616523319,0.3528042424138456,1
17,55,0.9463179124143594,-0.20226441040196066,-0.14473821835581813,-0.19138549146361905,-0.14467053244574432,39,neutral,-0.5,-0.021721780340038743,6,-1.2403284380140374,-0.7294538286080343,0.3253145924111469,0
17,55,0.9463179124143594,-0.20226441040196066,-0.14473821835581813,-0.19138549146361905,-0.14467053244574432,40,neutral,-0.5,-0.04668537349067967,31,0.8981688689067168,-0.5690267742366631,0.36146142193063513,0
18,41,0.015295370334174262,0.08634243924271365,0.061861554647307256,0.08187382403338693,0.061740467562007566,1,fear,0.5,-0.08121017626445963,15,-0.4704694075225659,-0.5264942312440332,0.3713349234357494,1
18,41,0.015295370334174262,0.08634243924271365,0.061861554647307256,0.08187382403338693,0.061740467562007566,2,fear,0.5,0.053067844990018875,16,-0.3849295152457357,-0.3805524004340664,0.4059936717099093,1
18,41,0.015295370334174262,0.08634243924271365,0.061861554647307256,0.08187382403338693,0.061740467562007566,3,fear,0.5,-0.11676296957720594,22,0.12830983841524524,-0.4804003576683625,0.382157591055104,0
18,41,0.015295370334174262,0.08634243924271365,0.061861554647307256,0.08187382403338693,0.061740467562007566,4,fear,0.5,-0.11848507274328071,33,1.0692486534603771,-0.3538205557240677,0.41245625389261836,0
18,41,0.015295370334174262,0.08634243924271365,0.061861554647307256,0.08187382403338693,0.061740467562007566,5,fear,0.5,-0.027683151933853067,18,-0.2138497306920754,-0.4379757782469621,0.3922234063335616,1
18,41,0.015295370334174262,0.08634243924271365,0.061861554647307256,0.08187382403338693,0.061740467562007566,6,fear,0.5,0.06278918644554837,29,0.7270890843530564,-0.21920153475719117,0.4454179938134327,1
18,41,0.015295370334174262,0.08634243924271365,0.061861554647307256,0.08187382403338693,0.061740467562007566,7,fear,0.5,-0.04999597070532241,24,0.2993896229689056,-0.39030573968550264,0.40364370226535523,0
18,41,0.015295370334174262,0.08634243924271365,0.061861554647307256,0.08187382403338693,0.061740467562007566,8,fear,0.5,0.01022656605323173,35,1.2403284380140374,-0.201781297816579,0.44972514120847196,1
18,41,0.015295370334174262,0.08634243924271365,0.061861554647307256,0.08187382403338693,0.061740467562007566,9,fear,0.5,0.07192665896287707,10,-0.8981688689067168,-0.4316764437941371,0.3937260834042125,1
18,41,0.015295370334174262,0.08634243924271365,0.061861554647307256,0.08187382403338693,0.061740467562007566,10,fear,0.5,-0.12515440144751105,37,1.4114082225676976,-0.3138346462063456,0.4221790222486844,1
18,41,0.015295370334174262,0.08634243924271365,0.061861554647307256,0.08187382403338693,0.061740467562007566,11,fear,0.5,0.1274762977942073,26,0.4704694075225659,-0.18950585207499668,0.45276481345348185,0
18,41,0.015295370334174262,0.08634243924271365,0.061861554647307256,0.08187382403338693,0.061740467562007566,12,fear,0.5,0.19901381146458244,9,-0.9837087611835469,-0.31625310084791985,0.4215891663047452,1
18,41,0.015295370334174262,0.08634243924271365,0.061861554647307256,0.08187382403338693,0.061740467562007566,13,fear,0.5,-0.07533295985117497,23,0.2138497306920754,-0.42730653838684335,0.3947696884059062,1
18,41,0.015295370334174262,0.08634243924271365,0.061861554647307256,0.08187382403338693,0.061740467562007566,14,fear,0.5,0.01703070109921553,38,1.4969481148445278,-0.15998573410413086,0.4600886591920226,1
18,41,0.015295370334174262,0.08634243924271365,0.061861554647307256,0.08187382403338693,0.061740467562007566,15,fear,0.5,0.02684780492684079,20,-0.04276994613841508,-0.360117202275292,0.41093119487156726,0
18,41,0.015295370334174262,0.08634243924271365,0.061861554647307256,0.08187382403338693,0.061740467562007566,16,fear,0.5,0.20218327567498928,12,-0.7270890843530564,-0.27809220797104856,0.4309215586170605,1
18,41,0.015295370334174262,0.08634243924271365,0.061861554647307256,0.08187382403338693,0.061740467562007566,17,fear,0.5,-0.1334771970566687,11,-0.8126289766298865,-0.6254164902581947,0.348550559814323,0
18,41,0.015295370334174262,0.08634243924271365,0.061861554647307256,0.08187382403338693,0.061740467562007566,18,fear,0.5,-0.019829893319496802,6,-1.2403284380140374,-0.5700882342984637,0.3612164654965492,0
18,41,0.015295370334174262,0.08634243924271365,0.061861554647307256,0.08187382403338693,0.061740467562007566,19,fear,0.5,0.03493782098342581,34,1.1547885457372071,-0.18873385244187307,0.45295609787065333,1
18,41,0.015295370334174262,0.08634243924271365,0.061861554647307256,0.08187382403338693,0.061740467562007566,20,fear,0.5,0.050130844365563365,5,-1.3258683302908676,-0.5117913061688915,0.3747736955216882,1
18,41,0.015295370334174262,0.08634243924271365,0.061861554647307256,0.08187382403338693,0.061740467562007566,21,neutral,-0.5,-0.034648782698473574,4,-1.4114082225676976,0.3709530670762498,0.5916892529493697,0
18,41,0.015295370334174262,0.08634243924271365,0.061861554647307256,0.08187382403338693,0.061740467562007566,22,neutral,-0.5,0.20511447081031445,31,0.8981688689067168,0.8132057473857152,0.6927922086063725,1
18,41,0.015295370334174262,0.08634243924271365,0.061861554647307256,0.08187382403338693,0.061740467562007566,23,neutral,-0.5,0.06768230030033125,3,-1.4969481148445278,0.4657845416750296,0.6143855298855976,0
18,41,0.015295370334174262,0.08634243924271365,0.061861554647307256,0.08187382403338693,0.061740467562007566,24,neutral,-0.5,-0.08847636608881047,40,1.668027899398188,0.5871113860868157,0.6427020894017623,1
18,41,0.015295370334174262,0.08634243924271365,0.061861554647307256,0.08187382403338693,0.061740467562007566,25,neutral,-0.5,-0.06387461728079331,1,-1.668027899398188,0.3192284072938547,0.5791361975927908,0
18,41,0.015295370334174262,0.08634243924271365,0.061861554647307256,0.08187382403338693,0.061740467562007566,26,neutral,-0.5,0.020253570607942934,25,0.3849295152457357,0.583347196783193,0.6418372320553455,1
18,41,0.015295370334174262,0.08634243924271365,0.061861554647307256,0.08187382403338693,0.061740467562007566,27,neutral,-0.5,-0.1657771424201549,7,-1.1547885457372071,0.2623235325546437,0.5652073815449232,0
18,41,0.015295370334174262,0.08634243924271365,0.061861554647307256,0.08187382403338693,0.061740467562007566,28,neutral,-0.5,0.03240578810212312,8,-1.0692486534603771,0.4680060714769468,0.6149117118053574,1
18,41,0.015295370334174262,0.08634243924271365,0.061861554647307256,0.08187382403338693,0.061740467562007566,29,neutral,-0.5,-0.06427368638861679,14,-0.5560092997993961,0.4163242473863574,0.60260334084038,1
18,41,0.015295370334174262,0.08634243924271365,0.061861554647307256,0.08187382403338693,0.061740467562007566,30,neutral,-0.5,0.03388482847826553,32,0.9837087611835469,0.6494757134536912,0.6568923061747307,1
18,41,0.015295370334174262,0.08634243924271365,0.061861554647307256,0.08187382403338693,0.061740467562007566,31,neutral,-0.5,0.10063449276941816,39,1.582488007121358,0.7687226365450194,0.6832445096163678,0
18,41,0.015295370334174262,0.08634243924271365,0.061861554647307256,0.08187382403338693,0.061740467562007566,32,neutral,-0.5,-0.16523159438711074,17,-0.2993896229689056,0.3378651645879387,0.5836718528649568,1
18,41,0.015295370334174262,0.08634243924271365,0.061861554647307256,0.08187382403338693,0.061740467562007566,33,neutral,-0.5,-0.17814514840944695,13,-0.6415491920762262,0.2949531769655021,0.5732083179065555,0
18,41,0.015295370334174262,0.08634243924271365,0.061861554647307256,0.08187382403338693,0.061740467562007566,34,neutral,-0.5,0.20327413635404867,2,-1.582488007121358,0.593876769328722,0.6442541613735271,0
18,41,0.015295370334174262,0.08634243924271365,0.061861554647307256,0.08187382403338693,0.061740467562007566,35,neutral,-0.5,0.10974661130988755,19,-0.12830983841524524,0.6278425870849872,0.6520001145672257,1
18,41,0.015295370334174262,0.08634243924271365,0.061861554647307256,0.08187382403338693,0.061740467562007566,36,neutral,-0.5,-0.11455850646691589,30,0.8126289766298865,0.4860331617084596,0.6191715023998677,0
18,41,0.015295370334174262,0.08634243924271365,0.061861554647307256,0.08187382403338693,0.061740467562007566,37,neutral,-0.5,0.022093603635536613,21,0.04276994613841508,0.5551887962106864,0.6353385914007477,1
18,41,0.015295370334174262,0.08634243924271365,0.061861554647307256,0.08187382403338693,0.061740467562007566,38,neutral,-0.5,-0.03248467960018497,28,0.6415491920762262,0.5531077717751404,0.6348563167921809,0
18,41,0.015295370334174262,0.08634243924271365,0.061861554647307256,0.08187382403338693,0.061740467562007566,39,neutral,-0.5,-0.021721780340038743,36,1.3258683302908676,0.6238675382354874,0.6510976479327856,0
18,41,0.015295370334174262,0.08634243924271365,0.061861554647307256,0.08187382403338693,0.061740467562007566,40,neutral,-0.5,-0.04668537349067967,27,0.5560092997993961,0.5314074694846206,0.6298113220109586,1
19,34,-0.45021590070591827,0.0040197720908339285,0.0028918488384583937,0.0038025264721434156,0.0028499941412300058,1,fear,0.5,-0.08121017626445963,15,-0.4704694075225659,-0.3699356155506341,0.40855657921168387,0
19,34,-0.45021590070591827,0.0040197720908339285,0.0028918488384583937,0.0038025264721434156,0.0028499941412300058,2,fear,0.5,0.053067844990018875,20,-0.04276994613841508,-0.19723466702221454,0.45085056232987,0
19,34,-0.45021590070591827,0.0040197720908339285,0.0028918488384583937,0.0038025264721434156,0.0028499941412300058,3,fear,0.5,-0.11676296957720594,32,0.9837087611835469,-0.27485045613198095,0.43171670484955627,0
19,34,-0.45021590070591827,0.0040197720908339285,0.0028918488384583937,0.0038025264721434156,0.0028499941412300058,4,fear,0.5,-0.11848507274328071,33,1.0692486534603771,-0.2688879738432675,0.4331801161765216,1
19,34,-0.45021590070591827,0.0040197720908339285,0.0028918488384583937,0.0038025264721434156,0.0028499941412300058,5,fear,0.5,-0.027683151933853067,31,0.8981688689067168,-0.19345522394341624,0.4517864659598705,0
19,34,-0.45021590070591827,0.0040197720908339285,0.0028918488384583937,0.0038025264721434156,0.0028499941412300058,6,fear,0.5,0.06278918644554837,38,1.4969481148445278,-0.04919078738049744,0.48770478231746983,1
19,34,-0.45021590070591827,0.0040197720908339285,0.0028918488384583937,0.0038025264721434156,0.0028499941412300058,7,fear,0.5,-0.04999597070532241,12,-0.7270890843530564,-0.3617751663558614,0.41052991624825186,0
19,34,-0.45021590070591827,0.0040197720908339285,0.0028918488384583937,0.0038025264721434156,0.0028499941412300058,8,fear,0.5,0.01022656605323173,39,1.582488007121358,-0.09406882231802585,0.4765001209567935,1
19,34,-0.45021590070591827,0.0040197720908339285,0.0028918488384583937,0.0038025264721434156,0.0028499941412300058,9,fear,0.5,0.07192665896287707,22,0.12830983841524524,-0.16300668213977987,0.4593383253353832,0
19,34,-0.45021590070591827,0.0040197720908339285,0.0028918488384583937,0.0038025264721434156,0.0028499941412300058,10,fear,0.5,-0.12515440144751105,7,-1.1547885457372071,-0.47535652437199105,0.3833492122533124,0
19,34,-0.45021590070591827,0.0040197720908339285,0.0028918488384583937,0.0038025264721434156,0.0028499941412300058,11,fear,0.5,0.1274762977942073,37,1.4114082225676976,0.007811738513373245,0.501952924697201,0
19,34,-0.45021590070591827,0.0040197720908339285,0.0028918488384583937,0.0038025264721434156,0.0028499941412300058,12,fear,0.5,0.19901381146458244,25,0.3849295152457357,-0.012865773273709906,0.4967836010484899,1
19,34,-0.45021590070591827,0.0040197720908339285,0.0028918488384583937,0.0038025264721434156,0.0028499941412300058,13,fear,0.5,-0.07533295985117497,6,-1.2403284380140374,-0.43321966823044317,0.3933577671748427,0
19,34,-0.45021590070591827,0.0040197720908339285,0.0028918488384583937,0.0038025264721434156,0.0028499941412300058,14,fear,0.5,0.01703070109921553,9,-0.9837087611835469,-0.31780225091568803,0.4212114493202803,1
19,34,-0.45021590070591827,0.0040197720908339285,0.0028918488384583937,0.0038025264721434156,0.0028499941412300058,15,fear,0.5,0.02684780492684079,24,0.2993896229689056,-0.19271636526623975,0.4519694696298331,0
19,34,-0.45021590070591827,0.0040197720908339285,0.0028918488384583937,0.0038025264721434156,0.0028499941412300058,16,fear,0.5,0.20218327567498928,40,1.668027899398188,0.10557247275851996,0.5263686316692199,1
19,34,-0.45021590070591827,0.0040197720908339285,0.0028918488384583937,0.0038025264721434156,0.0028499941412300058,17,fear,0.5,-0.1334771970566687,3,-1.4969481148445278,-0.5144176618003015,0.37415849483034014,0
19,34,-0.45021590070591827,0.0040197720908339285,0.0028918488384583937,0.0038025264721434156,0.0028499941412300058,18,fear,0.5,-0.019829893319496802,2,-1.582488007121358,-0.4084549435179178,0.3992826545105232,1
19,34,-0.45021590070591827,0.0040197720908339285,0.0028918488384583937,0.0038025264721434156,0.0028499941412300058,19,fear,0.5,0.03493782098342581,26,0.4704694075225659,-0.16925717830007841,0.4577864351634784,1
19,34,-0.45021590070591827,0.0040197720908339285,0.0028918488384583937,0.0038025264721434156,0.0028499941412300058,20,fear,0.5,0.050130844365563365,23,0.2138497306920754,-0.17711791128230545,0.4558359169099593,1
19,34,-0.45021590070591827,0.0040197720908339285,0.0028918488384583937,0.0038025264721434156,0.0028499941412300058,21,neutral,-0.5,-0.034648782698473574,8,-1.0692486534603771,0.9327725186951776,0.7176374307446409,1
19,34,-0.45021590070591827,0.0040197720908339285,0.0028918488384583937,0.0038025264721434156,0.0028499941412300058,22,neutral,-0.5,0.20511447081031445,36,1.3258683302908676,1.189165315377174,0.76659174831189,1
19,34,-0.45021590070591827,0.0040197720908339285,0.0028918488384583937,0.0038025264721434156,0.0028499941412300058,23,neutral,-0.5,0.06768230030033125,4,-1.4114082225676976,1.0327279526692383,0.7374444244454629,0
19,34,-0.45021590070591827,0.0040197720908339285,0.0028918488384583937,0.0038025264721434156,0.0028499941412300058,24,neutral,-0.5,-0.08847636608881047,30,0.8126289766298865,0.8920110049409332,0.709304998991478,0
19,34,-0.45021590070591827,0.0040197720908339285,0.0028918488384583937,0.0038025264721434156,0.0028499941412300058,25,neutral,-0.5,-0.06387461728079331,19,-0.12830983841524524,0.9100797189309041,0.713016475434304,1
19,34,-0.45021590070591827,0.0040197720908339285,0.0028918488384583937,0.0038025264721434156,0.0028499941412300058,26,neutral,-0.5,0.020253570607942934,17,-0.2993896229689056,0.9930200823072681,0.7296840322721998,1
19,34,-0.45021590070591827,0.0040197720908339285,0.0028918488384583937,0.0038025264721434156,0.0028499941412300058,27,neutral,-0.5,-0.1657771424201549,13,-0.6415491920762262,0.8046137202544263,0.6909605346127954,1
19,34,-0.45021590070591827,0.0040197720908339285,0.0028918488384583937,0.0038025264721434156,0.0028499941412300058,28,neutral,-0.5,0.03240578810212312,10,-0.8981688689067168,1.0010149140081464,0.7312580760350392,1
19,34,-0.45021590070591827,0.0040197720908339285,0.0028918488384583937,0.0038025264721434156,0.0028499941412300058,29,neutral,-0.5,-0.06427368638861679,14,-0.5560092997993961,0.9067110885421505,0.7123266785451307,1
19,34,-0.45021590070591827,0.0040197720908339285,0.0028918488384583937,0.0038025264721434156,0.0028499941412300058,30,neutral,-0.5,0.03388482847826553,1,-1.668027899398188,0.9971487440786144,0.7304976185066349,0
19,34,-0.45021590070591827,0.0040197720908339285,0.0028918488384583937,0.0038025264721434156,0.0028499941412300058,31,neutral,-0.5,0.10063449276941816,34,1.1547885457372071,1.083497512823906,0.7471552843770627,1
19,34,-0.45021590070591827,0.0040197720908339285,0.0028918488384583937,0.0038025264721434156,0.0028499941412300058,32,neutral,-0.5,-0.16523159438711074,28,0.6415491920762262,0.814067952130261,0.6929756821365172,1
19,34,-0.45021590070591827,0.0040197720908339285,0.0028918488384583937,0.0038025264721434156,0.0028499941412300058,33,neutral,-0.5,-0.17814514840944695,18,-0.2138497306920754,0.7952152755460645,0.688950052945975,0
19,34,-0.45021590070591827,0.0040197720908339285,0.0028918488384583937,0.0038025264721434156,0.0028499941412300058,34,neutral,-0.5,0.20327413635404867,11,-0.8126289766298865,1.1724771745162579,0.7635924847508732,1
19,34,-0.45021590070591827,0.0040197720908339285,0.0028918488384583937,0.0038025264721434156,0.0028499941412300058,35,neutral,-0.5,0.10974661130988755,35,1.2403284380140374,1.0932035436205614,0.7489844896200883,1
19,34,-0.45021590070591827,0.0040197720908339285,0.0028918488384583937,0.0038025264721434156,0.0028499941412300058,36,neutral,-0.5,-0.11455850646691589,16,-0.3849295152457357,0.8576140929762234,0.7021619290775408,0
19,34,-0.45021590070591827,0.0040197720908339285,0.0028918488384583937,0.0038025264721434156,0.0028499941412300058,37,neutral,-0.5,0.022093603635536613,29,0.7270890843530564,1.0019870624090943,0.7314490793934774,1
19,34,-0.45021590070591827,0.0040197720908339285,0.0028918488384583937,0.0038025264721434156,0.0028499941412300058,38,neutral,-0.5,-0.03248467960018497,27,0.5560092997993961,0.9462209546610006,0.7203545467963964,0
19,34,-0.45021590070591827,0.0040197720908339285,0.0028918488384583937,0.0038025264721434156,0.0028499941412300058,39,neutral,-0.5,-0.021721780340038743,5,-1.3258683302908676,0.9439177842850542,0.7198903518537957,1
19,34,-0.45021590070591827,0.0040197720908339285,0.0028918488384583937,0.0038025264721434156,0.0028499941412300058,40,neutral,-0.5,-0.04668537349067967,21,0.04276994613841508,0.9284567872333899,0.7167620962246518,0
20,29,-0.7827239514488415,0.25226951915295953,0.1804020614189579,0.23872945657096287,0.18024233052643843,1,fear,0.5,-0.08121017626445963,14,-0.5560092997993961,0.006320234476524987,0.5015800533594843,0
20,29,-0.7827239514488415,0.25226951915295953,0.1804020614189579,0.23872945657096287,0.18024233052643843,2,fear,0.5,0.053067844990018875,35,1.2403284380140374,0.833927826481881,0.6971848069709854,1
20,29,-0.7827239514488415,0.25226951915295953,0.1804020614189579,0.23872945657096287,0.18024233052643843,3,fear,0.5,-0.11676296957720594,28,0.6415491920762262,0.43298715499769713,0.6065867474134633,0
20,29,-0.7827239514488415,0.25226951915295953,0.1804020614189579,0.23872945657096287,0.18024233052643843,4,fear,0.5,-0.11848507274328071,18,-0.2138497306920754,0.10110811337882342,0.5252555167284294,1
20,29,-0.7827239514488415,0.25226951915295953,0.1804020614189579,0.23872945657096287,0.18024233052643843,5,fear,0.5,-0.027683151933853067,1,-1.668027899398188,-0.36935676118150695,0.40869645988239345,0
20,29,-0.7827239514488415,0.25226951915295953,0.1804020614189579,0.23872945657096287,0.18024233052643843,6,fear,0.5,0.06278918644554837,39,1.582488007121358,0.97571194331853,0.7262565440683697,1
20,29,-0.7827239514488415,0.25226951915295953,0.1804020614189579,0.23872945657096287,0.18024233052643843,7,fear,0.5,-0.04999597070532241,4,-1.4114082225676976,-0.2926224984171366,0.4273619576023286,1
20,29,-0.7827239514488415,0.25226951915295953,0.1804020614189579,0.23872945657096287,0.18024233052643843,8,fear,0.5,0.01022656605323173,11,-0.8126289766298865,-0.001290104741623263,0.4996774738593277,0
20,29,-0.7827239514488415,0.25226951915295953,0.1804020614189579,0.23872945657096287,0.18024233052643843,9,fear,0.5,0.07192665896287707,23,0.2138497306920754,0.45659831431138076,0.612206892168018,1
20,29,-0.7827239514488415,0.25226951915295953,0.1804020614189579,0.23872945657096287,0.18024233052643843,10,fear,0.5,-0.12515440144751105,5,-1.3258683302908676,-0.3347652353140454,0.4170816217443595,1
20,29,-0.7827239514488415,0.25226951915295953,0.1804020614189579,0.23872945657096287,0.18024233052643843,11,fear,0.5,0.1274762977942073,3,-1.4969481148445278,-0.14816592376288684,0.4630261353618534,1
20,29,-0.7827239514488415,0.25226951915295953,0.1804020614189579,0.23872945657096287,0.18024233052643843,12,fear,0.5,0.19901381146458244,21,0.04276994613841508,0.517654079122526,0.6265990481322531,0
20,29,-0.7827239514488415,0.25226951915295953,0.1804020614189579,0.23872945657096287,0.18024233052643843,13,fear,0.5,-0.07533295985117497,6,-1.2403284380140374,-0.2519280998724295,0.43734898505361164,1
20,29,-0.7827239514488415,0.25226951915295953,0.1804020614189579,0.23872945657096287,0.18024233052643843,14,fear,0.5,0.01703070109921553,12,-0.7270890843530564,0.03852972414964026,0.5096312395704766,1
20,29,-0.7827239514488415,0.25226951915295953,0.1804020614189579,0.23872945657096287,0.18024233052643843,15,fear,0.5,0.02684780492684079,29,0.7270890843530564,0.6096136233470236,0.6478526593054282,0
20,29,-0.7827239514488415,0.25226951915295953,0.1804020614189579,0.23872945657096287,0.18024233052643843,16,fear,0.5,0.20218327567498928,9,-0.9837087611835469,0.12463521718957453,0.531118531945532,1
20,29,-0.7827239514488415,0.25226951915295953,0.1804020614189579,0.23872945657096287,0.18024233052643843,17,fear,0.5,-0.1334771970566687,40,1.668027899398188,0.8124612536615927,0.6926337344013598,0
20,29,-0.7827239514488415,0.25226951915295953,0.1804020614189579,0.23872945657096287,0.18024233052643843,18,fear,0.5,-0.019829893319496802,36,1.3258683302908676,0.7940457820176453,0.6886993776004644,1
20,29,-0.7827239514488415,0.25226951915295953,0.1804020614189579,0.23872945657096287,0.18024233052643843,19,fear,0.5,0.03493782098342581,17,-0.2993896229689056,0.22151531326024995,0.5551534851866389,1
20,29,-0.7827239514488415,0.25226951915295953,0.1804020614189579,0.23872945657096287,0.18024233052643843,20,fear,0.5,0.050130844365563365,24,0.2993896229689056,0.4678181935593468,0.6148672222374086,1
20,29,-0.7827239514488415,0.25226951915295953,0.1804020614189579,0.23872945657096287,0.18024233052643843,21,neutral,-0.5,-0.034648782698473574,22,0.12830983841524524,1.4277096952900974,0.8065442089123745,1
20,29,-0.7827239514488415,0.25226951915295953,0.1804020614189579,0.23872945657096287,0.18024233052643843,22,neutral,-0.5,0.20511447081031445,26,0.4704694075225659,1.6877223837317097,0.8439243962926488,1
20,29,-0.7827239514488415,0.25226951915295953,0.1804020614189579,0.23872945657096287,0.18024233052643843,23,neutral,-0.5,0.06768230030033125,2,-1.582488007121358,1.4287936036247806,0.8067132756405405,1
20,29,-0.7827239514488415,0.25226951915295953,0.1804020614189579,0.23872945657096287,0.18024233052643843,24,neutral,-0.5,-0.08847636608881047,8,-1.0692486534603771,1.303009089634875,0.7863409723159007,1
20,29,-0.7827239514488415,0.25226951915295953,0.1804020614189579,0.23872945657096287,0.18024233052643843,25,neutral,-0.5,-0.06387461728079331,34,1.1547885457372071,1.4592321655062506,0.8114152084096228,1
20,29,-0.7827239514488415,0.25226951915295953,0.1804020614189579,0.23872945657096287,0.18024233052643843,26,neutral,-0.5,0.020253570607942934,20,-0.04276994613841508,1.4724873311301014,0.8134351537548288,1
20,29,-0.7827239514488415,0.25226951915295953,0.1804020614189579,0.23872945657096287,0.18024233052643843,27,neutral,-0.5,-0.1657771424201549,27,0.5560092997993961,1.3218931292344462,0.7894965014619441,1
20,29,-0.7827239514488415,0.25226951915295953,0.1804020614189579,0.23872945657096287,0.18024233052643843,28,neutral,-0.5,0.03240578810212312,16,-0.3849295152457357,1.4643901136914572,0.8122032130803079,1
20,29,-0.7827239514488415,0.25226951915295953,0.1804020614189579,0.23872945657096287,0.18024233052643843,29,neutral,-0.5,-0.06427368638861679,15,-0.4704694075225659,1.3626482804675115,0.7961897755681957,1
20,29,-0.7827239514488415,0.25226951915295953,0.1804020614189579,0.23872945657096287,0.18024233052643843,30,neutral,-0.5,0.03388482847826553,25,0.3849295152457357,1.5114303826664546,0.8192730927456614,1
20,29,-0.7827239514488415,0.25226951915295953,0.1804020614189579,0.23872945657096287,0.18024233052643843,31,neutral,-0.5,0.10063449276941816,32,0.9837087611835469,1.6136165580900497,0.833912892684516,1
20,29,-0.7827239514488415,0.25226951915295953,0.1804020614189579,0.23872945657096287,0.18024233052643843,32,neutral,-0.5,-0.16523159438711074,10,-0.8981688689067168,1.236378578802987,0.7749330244969964,1
20,29,-0.7827239514488415,0.25226951915295953,0.1804020614189579,0.23872945657096287,0.18024233052643843,33,neutral,-0.5,-0.17814514840944695,31,0.8981688689067168,1.3297745581779785,0.7908033416211667,0
20,29,-0.7827239514488415,0.25226951915295953,0.1804020614189579,0.23872945657096287,0.18024233052643843,34,neutral,-0.5,0.20327413635404867,13,-0.6415491920762262,1.6200713857437647,0.8348049745405705,0
20,29,-0.7827239514488415,0.25226951915295953,0.1804020614189579,0.23872945657096287,0.18024233052643843,35,neutral,-0.5,0.10974661130988755,38,1.4969481148445278,1.6531028290297556,0.8393099657938901,1
20,29,-0.7827239514488415,0.25226951915295953,0.1804020614189579,0.23872945657096287,0.18024233052643843,36,neutral,-0.5,-0.11455850646691589,19,-0.12830983841524524,1.3326128953220366,0.7912725098666215,1
20,29,-0.7827239514488415,0.25226951915295953,0.1804020614189579,0.23872945657096287,0.18024233052643843,37,neutral,-0.5,0.022093603635536613,30,0.8126289766298865,1.5249509514897561,0.8212663767260382,1
20,29,-0.7827239514488415,0.25226951915295953,0.1804020614189579,0.23872945657096287,0.18024233052643843,38,neutral,-0.5,-0.03248467960018497,37,1.4114082225676976,1.505809179386477,0.8184392967947391,1
20,29,-0.7827239514488415,0.25226951915295953,0.1804020614189579,0.23872945657096287,0.18024233052643843,39,neutral,-0.5,-0.021721780340038743,7,-1.1547885457372071,1.3647013166504407,0.7965227224909653,1
20,29,-0.7827239514488415,0.25226951915295953,0.1804020614189579,0.23872945657096287,0.18024233052643843,40,neutral,-0.5,-0.04668537349067967,33,1.0692486534603771,1.471359050563158,0.8132638671401784,1
21,61,1.3453275733058672,-0.03091286233680488,-0.02212752854378422,-0.029260553756415997,-0.02214546150468338,1,fear,0.5,-0.08121017626445963,22,0.12830983841524524,-1.3807051466938243,0.20089577397807673,0
21,61,1.3453275733058672,-0.03091286233680488,-0.02212752854378422,-0.029260553756415997,-0.02214546150468338,2,fear,0.5,0.053067844990018875,4,-1.4114082225676976,-1.0781671346858501,0.2538530260853825,1
21,61,1.3453275733058672,-0.03091286233680488,-0.02212752854378422,-0.029260553756415997,-0.02214546150468338,3,fear,0.5,-0.11676296957720594,28,0.6415491920762262,-1.472344603591069,0.1865865073177467,0
21,61,1.3453275733058672,-0.03091286233680488,-0.02212752854378422,-0.029260553756415997,-0.02214546150468338,4,fear,0.5,-0.11848507274328071,8,-1.0692486534603771,-1.2871111614754824,0.2163421780735441,0
21,61,1.3453275733058672,-0.03091286233680488,-0.02212752854378422,-0.029260553756415997,-0.02214546150468338,5,fear,0.5,-0.027683151933853067,32,0.9837087611835469,-1.4206558950040482,0.19455878053951622,0
21,61,1.3453275733058672,-0.03091286233680488,-0.02212752854378422,-0.029260553756415997,-0.02214546150468338,6,fear,0.5,0.06278918644554837,7,-1.1547885457372071,-1.0964891250225701,0.25039830445029704,0
21,61,1.3453275733058672,-0.03091286233680488,-0.02212752854378422,-0.029260553756415997,-0.02214546150468338,7,fear,0.5,-0.04999597070532241,26,0.4704694075225659,-1.3868820501910193,0.19990598632656778,0
21,61,1.3453275733058672,-0.03091286233680488,-0.02212752854378422,-0.029260553756415997,-0.02214546150468338,8,fear,0.5,0.01022656605323173,21,0.04276994613841508,-1.2799206271120496,0.21756373490134776,0
21,61,1.3453275733058672,-0.03091286233680488,-0.02212752854378422,-0.029260553756415997,-0.02214546150468338,9,fear,0.5,0.07192665896287707,20,-0.04276994613841508,-1.2088727569383213,0.2299005643943759,1
21,61,1.3453275733058672,-0.03091286233680488,-0.02212752854378422,-0.029260553756415997,-0.02214546150468338,10,fear,0.5,-0.12515440144751105,35,1.2403284380140374,-1.5461704763099555,0.17564005874152644,1
21,61,1.3453275733058672,-0.03091286233680488,-0.02212752854378422,-0.029260553756415997,-0.02214546150468338,11,fear,0.5,0.1274762977942073,3,-1.4969481148445278,-0.9944109046175788,0.2700417222918314,0
21,61,1.3453275733058672,-0.03091286233680488,-0.02212752854378422,-0.029260553756415997,-0.02214546150468338,12,fear,0.5,0.19901381146458244,38,1.4969481148445278,-1.250045595190111,0.22269224617942915,0
21,61,1.3453275733058672,-0.03091286233680488,-0.02212752854378422,-0.029260553756415997,-0.02214546150468338,13,fear,0.5,-0.07533295985117497,12,-0.7270890843530564,-1.2813501576397086,0.2173204845222777,0
21,61,1.3453275733058672,-0.03091286233680488,-0.02212752854378422,-0.029260553756415997,-0.02214546150468338,14,fear,0.5,0.01703070109921553,13,-0.6415491920762262,-1.1983342739534015,0.2317716724371642,0
21,61,1.3453275733058672,-0.03091286233680488,-0.02212752854378422,-0.029260553756415997,-0.02214546150468338,15,fear,0.5,0.02684780492684079,15,-0.4704694075225659,-1.2072127246539424,0.23019459872948003,1
21,61,1.3453275733058672,-0.03091286233680488,-0.02212752854378422,-0.029260553756415997,-0.02214546150468338,16,fear,0.5,0.20218327567498928,18,-0.2138497306920754,-1.0599205856980431,0.2573246311660845,0
21,61,1.3453275733058672,-0.03091286233680488,-0.02212752854378422,-0.029260553756415997,-0.02214546150468338,17,fear,0.5,-0.1334771970566687,9,-0.9837087611835469,-1.3114510630529534,0.21224413006959933,0
21,61,1.3453275733058672,-0.03091286233680488,-0.02212752854378422,-0.029260553756415997,-0.02214546150468338,18,fear,0.5,-0.019829893319496802,16,-0.3849295152457357,-1.2632382001643625,0.22041695779538076,1
21,61,1.3453275733058672,-0.03091286233680488,-0.02212752854378422,-0.029260553756415997,-0.02214546150468338,19,fear,0.5,0.03493782098342581,27,0.5560092997993961,-1.3112960357663541,0.21227005125481202,0
21,61,1.3453275733058672,-0.03091286233680488,-0.02212752854378422,-0.029260553756415997,-0.02214546150468338,20,fear,0.5,0.050130844365563365,2,-1.582488007121358,-1.0624085807821395,0.2568494408993236,0
21,61,1.3453275733058672,-0.03091286233680488,-0.02212752854378422,-0.029260553756415997,-0.02214546150468338,21,neutral,-0.5,-0.034648782698473574,37,1.4114082225676976,-0.6926319964974689,0.3334478285090329,0
21,61,1.3453275733058672,-0.03091286233680488,-0.02212752854378422,-0.029260553756415997,-0.02214546150468338,22,neutral,-0.5,0.20511447081031445,14,-0.5560092997993961,-0.8304776183527737,0.3035440897591494,1
21,61,1.3453275733058672,-0.03091286233680488,-0.02212752854378422,-0.029260553756415997,-0.02214546150468338,23,neutral,-0.5,0.06768230030033125,36,1.3258683302908676,-0.6067186906884069,0.35280807179466306,0
21,61,1.3453275733058672,-0.03091286233680488,-0.02212752854378422,-0.029260553756415997,-0.02214546150468338,24,neutral,-0.5,-0.08847636608881047,23,0.2138497306920754,-0.9763084605442103,0.2736248795564712,1
21,61,1.3453275733058672,-0.03091286233680488,-0.02212752854378422,-0.029260553756415997,-0.02214546150468338,25,neutral,-0.5,-0.06387461728079331,30,0.8126289766298865,-0.8367822714079907,0.30221290729889283,0
21,61,1.3453275733058672,-0.03091286233680488,-0.02212752854378422,-0.029260553756415997,-0.02214546150468338,26,neutral,-0.5,0.020253570607942934,1,-1.668027899398188,-1.2287696220218065,0.22639684320032813,0
21,61,1.3453275733058672,-0.03091286233680488,-0.02212752854378422,-0.029260553756415997,-0.02214546150468338,27,neutral,-0.5,-0.1657771424201549,39,1.582488007121358,-0.7909248018396635,0.3119701310307288,0
21,61,1.3453275733058672,-0.03091286233680488,-0.02212752854378422,-0.029260553756415997,-0.02214546150468338,28,neutral,-0.5,0.03240578810212312,25,0.3849295152457357,-0.8225907519737902,0.30521399206666633,1
21,61,1.3453275733058672,-0.03091286233680488,-0.02212752854378422,-0.029260553756415997,-0.02214546150468338,29,neutral,-0.5,-0.06427368638861679,29,0.7270890843530564,-0.8535991177055575,0.2986784058769882,1
21,61,1.3453275733058672,-0.03091286233680488,-0.02212752854378422,-0.029260553756415997,-0.02214546150468338,30,neutral,-0.5,0.03388482847826553,34,1.1547885457372071,-0.6733517168899591,0.3377467420529309,1
21,61,1.3453275733058672,-0.03091286233680488,-0.02212752854378422,-0.029260553756415997,-0.02214546150468338,31,neutral,-0.5,0.10063449276941816,33,1.0692486534603771,-0.6230198297885495,0.3490949502296596,1
21,61,1.3453275733058672,-0.03091286233680488,-0.02212752854378422,-0.029260553756415997,-0.02214546150468338,32,neutral,-0.5,-0.16523159438711074,24,0.2993896229689056,-1.036645911652767,0.2617976857993168,1
21,61,1.3453275733058672,-0.03091286233680488,-0.02212752854378422,-0.029260553756415997,-0.02214546150468338,33,neutral,-0.5,-0.17814514840944695,31,0.8981688689067168,-0.9346350253469011,0.2819853152073904,0
21,61,1.3453275733058672,-0.03091286233680488,-0.02212752854378422,-0.029260553756415997,-0.02214546150468338,34,neutral,-0.5,0.20327413635404867,10,-0.8981688689067168,-0.8979890615680122,0.28946392107850305,0
21,61,1.3453275733058672,-0.03091286233680488,-0.02212752854378422,-0.029260553756415997,-0.02214546150468338,35,neutral,-0.5,0.10974661130988755,5,-1.3258683302908676,-1.0736054725608892,0.2547180278718808,1
21,61,1.3453275733058672,-0.03091286233680488,-0.02212752854378422,-0.029260553756415997,-0.02214546150468338,36,neutral,-0.5,-0.11455850646691589,19,-0.12830983841524524,-1.0680617096812883,0.2557718681199762,0
21,61,1.3453275733058672,-0.03091286233680488,-0.02212752854378422,-0.029260553756415997,-0.02214546150468338,37,neutral,-0.5,0.022093603635536613,40,1.668027899398188,-0.586636278594229,0.3574070198318419,0
21,61,1.3453275733058672,-0.03091286233680488,-0.02212752854378422,-0.029260553756415997,-0.02214546150468338,38,neutral,-0.5,-0.03248467960018497,17,-0.2993896229689056,-1.018823437194044,0.2652566440554225,0
21,61,1.3453275733058672,-0.03091286233680488,-0.02212752854378422,-0.029260553756415997,-0.02214546150468338,39,neutral,-0.5,-0.021721780340038743,6,-1.2403284380140374,-1.1886560870210723,0.23349937969623757,0
21,61,1.3453275733058672,-0.03091286233680488,-0.02212752854378422,-0.029260553756415997,-0.02214546150468338,40,neutral,-0.5,-0.04668537349067967,11,-0.8126289766298865,-1.1315307942229975,0.24387870890408464,0
22,61,1.3453275733058672,0.2053299471870941,0.1469341593718811,0.19440458082119544,0.146749180148193,1,fear,0.5,-0.08121017626445963,17,-0.2993896229689056,-1.0617888501072235,0.2569677515548131,0
22,61,1.3453275733058672,0.2053299471870941,0.1469341593718811,0.19440458082119544,0.146749180148193,2,fear,0.5,0.053067844990018875,8,-1.0692486534603771,-1.0385470331670474,0.26143044212405814,0
22,61,1.3453275733058672,0.2053299471870941,0.1469341593718811,0.19440458082119544,0.146749180148193,3,fear,0.5,-0.11676296957720594,9,-0.9837087611835469,-1.1960404916993492,0.23218033979963826,0
22,61,1.3453275733058672,0.2053299471870941,0.1469341593718811,0.19440458082119544,0.146749180148193,4,fear,0.5,-0.11848507274328071,21,0.04276994613841508,-1.0497143224463545,0.2592799625226352,0
22,61,1.3453275733058672,0.2053299471870941,0.1469341593718811,0.19440458082119544,0.146749180148193,5,fear,0.5,-0.027683151933853067,3,-1.4969481148445278,-1.1809848102655316,0.2348751709339725,0
22,61,1.3453275733058672,0.2053299471870941,0.1469341593718811,0.19440458082119544,0.146749180148193,6,fear,0.5,0.06278918644554837,30,0.8126289766298865,-0.7574038589432236,0.31921018171895876,0
22,61,1.3453275733058672,0.2053299471870941,0.1469341593718811,0.19440458082119544,0.146749180148193,7,fear,0.5,-0.04999597070532241,38,1.4969481148445278,-0.7714901678147147,0.31615684123215027,0
22,61,1.3453275733058672,0.2053299471870941,0.1469341593718811,0.19440458082119544,0.146749180148193,8,fear,0.5,0.01022656605323173,19,-0.12830983841524524,-0.9456773957196871,0.27975496293623625,0
22,61,1.3453275733058672,0.2053299471870941,0.1469341593718811,0.19440458082119544,0.146749180148193,9,fear,0.5,0.07192665896287707,20,-0.04276994613841508,-0.8716399467751196,0.29491317780671306,0
22,61,1.3453275733058672,0.2053299471870941,0.1469341593718811,0.19440458082119544,0.146749180148193,10,fear,0.5,-0.12515440144751105,4,-1.4114082225676976,-1.2661187037442667,0.21992238993196442,0
22,61,1.3453275733058672,0.2053299471870941,0.1469341593718811,0.19440458082119544,0.146749180148193,11,fear,0.5,0.1274762977942073,37,1.4114082225676976,-0.6063552553501075,0.35289106107267537,0
22,61,1.3453275733058672,0.2053299471870941,0.1469341593718811,0.19440458082119544,0.146749180148193,12,fear,0.5,0.19901381146458244,40,1.668027899398188,-0.49780567357496497,0.37805648205398174,0
22,61,1.3453275733058672,0.2053299471870941,0.1469341593718811,0.19440458082119544,0.146749180148193,13,fear,0.5,-0.07533295985117497,11,-0.8126289766298865,-1.1299357699034736,0.24417295453677668,0
22,61,1.3453275733058672,0.2053299471870941,0.1469341593718811,0.19440458082119544,0.146749180148193,14,fear,0.5,0.01703070109921553,26,0.4704694075225659,-0.8525117684292463,0.29890622236022363,0
22,61,1.3453275733058672,0.2053299471870941,0.1469341593718811,0.19440458082119544,0.146749180148193,15,fear,0.5,0.02684780492684079,28,0.6415491920762262,-0.8180199525317763,0.3061841305861013,0
22,61,1.3453275733058672,0.2053299471870941,0.1469341593718811,0.19440458082119544,0.146749180148193,16,fear,0.5,0.20218327567498928,31,0.8981688689067168,-0.60567241367886,0.3530470097459403,1
22,61,1.3453275733058672,0.2053299471870941,0.1469341593718811,0.19440458082119544,0.146749180148193,17,fear,0.5,-0.1334771970566687,15,-0.4704694075225659,-1.1387305829692773,0.24255350372141976,1
22,61,1.3453275733058672,0.2053299471870941,0.1469341593718811,0.19440458082119544,0.146749180148193,18,fear,0.5,-0.019829893319496802,29,0.7270890843530564,-0.8523602947431912,0.29893796634854175,0
22,61,1.3453275733058672,0.2053299471870941,0.1469341593718811,0.19440458082119544,0.146749180148193,19,fear,0.5,0.03493782098342581,27,0.5560092997993961,-0.8222672925101137,0.3052825886879511,0
22,61,1.3453275733058672,0.2053299471870941,0.1469341593718811,0.19440458082119544,0.146749180148193,20,fear,0.5,0.050130844365563365,13,-0.6415491920762262,-0.9797972536168905,0.2729320148252452,0
22,61,1.3453275733058672,0.2053299471870941,0.1469341593718811,0.19440458082119544,0.146749180148193,21,neutral,-0.5,-0.034648782698473574,22,0.12830983841524524,-0.8036315563396961,0.3092492301749465,1
22,61,1.3453275733058672,0.2053299471870941,0.1469341593718811,0.19440458082119544,0.146749180148193,22,neutral,-0.5,0.20511447081031445,25,0.3849295152457357,-0.4929012597240246,0.3792103435633625,1
22,61,1.3453275733058672,0.2053299471870941,0.1469341593718811,0.19440458082119544,0.146749180148193,23,neutral,-0.5,0.06768230030033125,7,-1.1547885457372071,-1.0561356888753086,0.2580486218684696,1
22,61,1.3453275733058672,0.2053299471870941,0.1469341593718811,0.19440458082119544,0.146749180148193,24,neutral,-0.5,-0.08847636608881047,2,-1.582488007121358,-1.3305727604425897,0.20906463970230865,0
22,61,1.3453275733058672,0.2053299471870941,0.1469341593718811,0.19440458082119544,0.146749180148193,25,neutral,-0.5,-0.06387461728079331,18,-0.2138497306920754,-0.927480115064527,0.2834362240578921,1
22,61,1.3453275733058672,0.2053299471870941,0.1469341593718811,0.19440458082119544,0.146749180148193,26,neutral,-0.5,0.020253570607942934,36,1.3258683302908676,-0.4175496685344898,0.3971032413558158,0
22,61,1.3453275733058672,0.2053299471870941,0.1469341593718811,0.19440458082119544,0.146749180148193,27,neutral,-0.5,-0.1657771424201549,34,1.1547885457372071,-0.6508917436338435,0.34278861308193276,1
22,61,1.3453275733058672,0.2053299471870941,0.1469341593718811,0.19440458082119544,0.146749180148193,28,neutral,-0.5,0.03240578810212312,33,1.0692486534603771,-0.4763644941471932,0.38311096369731157,0
22,61,1.3453275733058672,0.2053299471870941,0.1469341593718811,0.19440458082119544,0.146749180148193,29,neutral,-0.5,-0.06427368638861679,16,-0.3849295152457357,-0.9751905462436062,0.2738471260564912,0
22,61,1.3453275733058672,0.2053299471870941,0.1469341593718811,0.19440458082119544,0.146749180148193,30,neutral,-0.5,0.03388482847826553,23,0.2138497306920754,-0.7114422641273291,0.32928023089909525,0
22,61,1.3453275733058672,0.2053299471870941,0.1469341593718811,0.19440458082119544,0.146749180148193,31,neutral,-0.5,0.10063449276941816,6,-1.2403284380140374,-1.0468391774418497,0.25983252728123013,0
22,61,1.3453275733058672,0.2053299471870941,0.1469341593718811,0.19440458082119544,0.146749180148193,32,neutral,-0.5,-0.16523159438711074,35,1.2403284380140374,-0.6266905145651713,0.34826133179340796,1
22,61,1.3453275733058672,0.2053299471870941,0.1469341593718811,0.19440458082119544,0.146749180148193,33,neutral,-0.5,-0.17814514840944695,10,-0.8981688689067168,-1.2309960944782032,0.22600713345230478,0
22,61,1.3453275733058672,0.2053299471870941,0.1469341593718811,0.19440458082119544,0.146749180148193,34,neutral,-0.5,0.20327413635404867,1,-1.668027899398188,-1.0624779390353583,0.2568362021714181,0
22,61,1.3453275733058672,0.2053299471870941,0.1469341593718811,0.19440458082119544,0.146749180148193,35,neutral,-0.5,0.10974661130988755,32,0.9837087611835469,-0.42267935197505657,0.3958757828436037,0
22,61,1.3453275733058672,0.2053299471870941,0.1469341593718811,0.19440458082119544,0.146749180148193,36,neutral,-0.5,-0.11455850646691589,5,-1.3258683302908676,-1.2856878577138113,0.21658357990907962,0
22,61,1.3453275733058672,0.2053299471870941,0.1469341593718811,0.19440458082119544,0.146749180148193,37,neutral,-0.5,0.022093603635536613,24,0.2993896229689056,-0.6995778079344301,0.3319058398935449,0
22,61,1.3453275733058672,0.2053299471870941,0.1469341593718811,0.19440458082119544,0.146749180148193,38,neutral,-0.5,-0.03248467960018497,12,-0.7270890843530564,-1.0380242635976857,0.2615313934475426,0
22,61,1.3453275733058672,0.2053299471870941,0.1469341593718811,0.19440458082119544,0.146749180148193,39,neutral,-0.5,-0.021721780340038743,39,1.582488007121358,-0.3885579763755881,0.40406448667761447,0
22,61,1.3453275733058672,0.2053299471870941,0.1469341593718811,0.19440458082119544,0.146749180148193,40,neutral,-0.5,-0.04668537349067967,14,-0.5560092997993961,-1.0049135954169248,0.26797644737973764,0
23,53,0.8133146921171901,-0.1733461287815991,-0.12393800540090734,-0.16411859653193933,-0.12383843654149292,1,fear,0.5,-0.08121017626445963,26,0.4704694075225659,-1.3846452698622393,0.2002639851420755,0
23,53,0.8133146921171901,-0.1733461287815991,-0.12393800540090734,-0.16411859653193933,-0.12383843654149292,2,fear,0.5,0.053067844990018875,27,0.5560092997993961,-1.2686775369506254,0.21948372000200997,0
23,53,0.8133146921171901,-0.1733461287815991,-0.12393800540090734,-0.16411859653193933,-0.12383843654149292,3,fear,0.5,-0.11676296957720594,10,-0.8981688689067168,-1.1272334496891496,0.2446720192627847,0
23,53,0.8133146921171901,-0.1733461287815991,-0.12393800540090734,-0.16411859653193933,-0.12383843654149292,4,fear,0.5,-0.11848507274328071,7,-1.1547885457372071,-1.0740246878266302,0.25463845359000914,0
23,53,0.8133146921171901,-0.1733461287815991,-0.12393800540090734,-0.16411859653193933,-0.12383843654149292,5,fear,0.5,-0.027683151933853067,11,-0.8126289766298865,-1.0564639203886614,0.25798578380790405,0
23,53,0.8133146921171901,-0.1733461287815991,-0.12393800540090734,-0.16411859653193933,-0.12383843654149292,6,fear,0.5,0.06278918644554837,4,-1.4114082225676976,-0.8378195636092071,0.3019942077322919,0
23,53,0.8133146921171901,-0.1733461287815991,-0.12393800540090734,-0.16411859653193933,-0.12383843654149292,7,fear,0.5,-0.04999597070532241,31,0.8981688689067168,-1.4449825060174255,0.19077496454419807,0
23,53,0.8133146921171901,-0.1733461287815991,-0.12393800540090734,-0.16411859653193933,-0.12383843654149292,8,fear,0.5,0.01022656605323173,32,0.9837087611835469,-1.4030702576017362,0.19732935991045875,1
23,53,0.8133146921171901,-0.1733461287815991,-0.12393800540090734,-0.16411859653193933,-0.12383843654149292,9,fear,0.5,0.07192665896287707,6,-1.2403284380140374,-0.8653026677776078,0.29623265827246803,1
23,53,0.8133146921171901,-0.1733461287815991,-0.12393800540090734,-0.16411859653193933,-0.12383843654149292,10,fear,0.5,-0.12515440144751105,28,0.6415491920762262,-1.46521007173102,0.1876717514290961,1
23,53,0.8133146921171901,-0.1733461287815991,-0.12393800540090734,-0.16411859653193933,-0.12383843654149292,11,fear,0.5,0.1274762977942073,30,0.8126289766298865,-1.2491999491750312,0.22283866217751674,0
23,53,0.8133146921171901,-0.1733461287815991,-0.12393800540090734,-0.16411859653193933,-0.12383843654149292,12,fear,0.5,0.19901381146458244,22,0.12830983841524524,-1.0311801287617381,0.2628553755676991,1
23,53,0.8133146921171901,-0.1733461287815991,-0.12393800540090734,-0.16411859653193933,-0.12383843654149292,13,fear,0.5,-0.07533295985117497,29,0.7270890843530564,-1.4336989184775488,0.19252300406233064,0
23,53,0.8133146921171901,-0.1733461287815991,-0.12393800540090734,-0.16411859653193933,-0.12383843654149292,14,fear,0.5,0.01703070109921553,35,1.2403284380140374,-1.4511969875843462,0.1898174168170706,1
23,53,0.8133146921171901,-0.1733461287815991,-0.12393800540090734,-0.16411859653193933,-0.12383843654149292,15,fear,0.5,0.02684780492684079,5,-1.3258683302908676,-0.8920712334707792,0.2906825825591376,0
23,53,0.8133146921171901,-0.1733461287815991,-0.12393800540090734,-0.16411859653193933,-0.12383843654149292,16,fear,0.5,0.20218327567498928,40,1.668027899398188,-1.3575958547228963,0.20463131672533044,0
23,53,0.8133146921171901,-0.1733461287815991,-0.12393800540090734,-0.16411859653193933,-0.12383843654149292,17,fear,0.5,-0.1334771970566687,17,-0.2993896229689056,-1.272119695568665,0.21889461110086914,0
23,53,0.8133146921171901,-0.1733461287815991,-0.12393800540090734,-0.16411859653193933,-0.12383843654149292,18,fear,0.5,-0.019829893319496802,9,-0.9837087611835469,-1.0119900850885757,0.26659056855545943,0
23,53,0.8133146921171901,-0.1733461287815991,-0.12393800540090734,-0.16411859653193933,-0.12383843654149292,19,fear,0.5,0.03493782098342581,3,-1.4969481148445278,-0.8473606407284645,0.2999868162938751,0
23,53,0.8133146921171901,-0.1733461287815991,-0.12393800540090734,-0.16411859653193933,-0.12383843654149292,20,fear,0.5,0.050130844365563365,8,-1.0692486534603771,-0.9237190590606508,0.2842007168094448,0
23,53,0.8133146921171901,-0.1733461287815991,-0.12393800540090734,-0.16411859653193933,-0.12383843654149292,21,neutral,-0.5,-0.034648782698473574,2,-1.582488007121358,-0.6103855755711511,0.3519712479369074,0
23,53,0.8133146921171901,-0.1733461287815991,-0.12393800540090734,-0.16411859653193933,-0.12383843654149292,22,neutral,-0.5,0.20511447081031445,34,1.1547885457372071,-0.14494528745220353,0.46382698628756885,0
23,53,0.8133146921171901,-0.1733461287815991,-0.12393800540090734,-0.16411859653193933,-0.12383843654149292,23,neutral,-0.5,0.06768230030033125,36,1.3258683302908676,-0.26827264329905187,0.4333312076327086,1
23,53,0.8133146921171901,-0.1733461287815991,-0.12393800540090734,-0.16411859653193933,-0.12383843654149292,24,neutral,-0.5,-0.08847636608881047,20,-0.04276994613841508,-0.5372698269932732,0.3688229183320982,0
23,53,0.8133146921171901,-0.1733461287815991,-0.12393800540090734,-0.16411859653193933,-0.12383843654149292,25,neutral,-0.5,-0.06387461728079331,25,0.3849295152457357,-0.4774060415274188,0.3828648375498574,1
23,53,0.8133146921171901,-0.1733461287815991,-0.12393800540090734,-0.16411859653193933,-0.12383843654149292,26,neutral,-0.5,0.020253570607942934,13,-0.6415491920762262,-0.47790674161749236,0.38274653939677755,1
23,53,0.8133146921171901,-0.1733461287815991,-0.12393800540090734,-0.16411859653193933,-0.12383843654149292,27,neutral,-0.5,-0.1657771424201549,19,-0.12830983841524524,-0.6216230106561854,0.34941241304630344,0
23,53,0.8133146921171901,-0.1733461287815991,-0.12393800540090734,-0.16411859653193933,-0.12383843654149292,28,neutral,-0.5,0.03240578810212312,16,-0.3849295152457357,-0.4445973021286097,0.39064607104249616,0
23,53,0.8133146921171901,-0.1733461287815991,-0.12393800540090734,-0.16411859653193933,-0.12383843654149292,29,neutral,-0.5,-0.06427368638861679,33,1.0692486534603771,-0.42138585198270234,0.39618517553275445,0
23,53,0.8133146921171901,-0.1733461287815991,-0.12393800540090734,-0.16411859653193933,-0.12383843654149292,30,neutral,-0.5,0.03388482847826553,15,-0.4704694075225659,-0.45017066908403475,0.389320188713177,1
23,53,0.8133146921171901,-0.1733461287815991,-0.12393800540090734,-0.16411859653193933,-0.12383843654149292,31,neutral,-0.5,0.10063449276941816,37,1.4114082225676976,-0.22826804349839735,0.44317950062239053,0
23,53,0.8133146921171901,-0.1733461287815991,-0.12393800540090734,-0.16411859653193933,-0.12383843654149292,32,neutral,-0.5,-0.16523159438711074,1,-1.668027899398188,-0.7480207945913558,0.32125271262614075,0
23,53,0.8133146921171901,-0.1733461287815991,-0.12393800540090734,-0.16411859653193933,-0.12383843654149292,33,neutral,-0.5,-0.17814514840944695,23,0.2138497306920754,-0.6057813873192074,0.3530221200399869,0
23,53,0.8133146921171901,-0.1733461287815991,-0.12393800540090734,-0.16411859653193933,-0.12383843654149292,34,neutral,-0.5,0.20327413635404867,38,1.4969481148445278,-0.11857599258219952,0.47039068662919437,0
23,53,0.8133146921171901,-0.1733461287815991,-0.12393800540090734,-0.16411859653193933,-0.12383843654149292,35,neutral,-0.5,0.10974661130988755,39,1.582488007121358,-0.205051110294793,0.4489160864616485,0
23,53,0.8133146921171901,-0.1733461287815991,-0.12393800540090734,-0.16411859653193933,-0.12383843654149292,36,neutral,-0.5,-0.11455850646691589,14,-0.5560092997993961,-0.6056664113607838,0.3530483807055212,1
23,53,0.8133146921171901,-0.1733461287815991,-0.12393800540090734,-0.16411859653193933,-0.12383843654149292,37,neutral,-0.5,0.022093603635536613,12,-0.7270890843530564,-0.48311911592146617,0.3815158624301222,0
23,53,0.8133146921171901,-0.1733461287815991,-0.12393800540090734,-0.16411859653193933,-0.12383843654149292,38,neutral,-0.5,-0.03248467960018497,18,-0.2138497306920754,-0.49538295516778286,0.37862630336259373,0
23,53,0.8133146921171901,-0.1733461287815991,-0.12393800540090734,-0.16411859653193933,-0.12383843654149292,39,neutral,-0.5,-0.021721780340038743,21,0.04276994613841508,-0.46346283391293414,0.38616466558390633,0
23,53,0.8133146921171901,-0.1733461287815991,-0.12393800540090734,-0.16411859653193933,-0.12383843654149292,40,neutral,-0.5,-0.04668537349067967,24,0.2993896229689056,-0.4672692050688726,0.38526278946361575,1
24,38,-0.18420946011157968,-0.4401855489178334,-0.3150499267347851,-0.4166938401895836,-0.3146726503593083,1,fear,0.5,-0.08121017626445963,6,-1.2403284380140374,-0.6188913408234901,0.35003364062116415,1
24,38,-0.18420946011157968,-0.4401855489178334,-0.3150499267347851,-0.4166938401895836,-0.3146726503593083,2,fear,0.5,0.053067844990018875,7,-1.1547885457372071,-0.5197537403546824,0.3729098192309529,0
24,38,-0.18420946011157968,-0.4401855489178334,-0.3150499267347851,-0.4166938401895836,-0.3146726503593083,3,fear,0.5,-0.11676296957720594,32,0.9837087611835469,-1.5680950745636761,0.17248812350350817,0
24,38,-0.18420946011157968,-0.4401855489178334,-0.3150499267347851,-0.4166938401895836,-0.3146726503593083,4,fear,0.5,-0.11848507274328071,22,0.12830983841524524,-1.2184129698730433,0.2282158589789671,1
24,38,-0.18420946011157968,-0.4401855489178334,-0.3150499267347851,-0.4166938401895836,-0.3146726503593083,5,fear,0.5,-0.027683151933853067,36,1.3258683302908676,-1.6195769400630062,0.16526322359037743,0
24,38,-0.18420946011157968,-0.4401855489178334,-0.3150499267347851,-0.4166938401895836,-0.3146726503593083,6,fear,0.5,0.06278918644554837,24,0.2993896229689056,-1.1074195522555559,0.24835227671153876,0
24,38,-0.18420946011157968,-0.4401855489178334,-0.3150499267347851,-0.4166938401895836,-0.3146726503593083,7,fear,0.5,-0.04999597070532241,39,1.582488007121358,-1.7473110211914877,0.14838667792240143,0
24,38,-0.18420946011157968,-0.4401855489178334,-0.3150499267347851,-0.4166938401895836,-0.3146726503593083,8,fear,0.5,0.01022656605323173,37,1.4114082225676976,-1.616807642861592,0.16564560593169952,0
24,38,-0.18420946011157968,-0.4401855489178334,-0.3150499267347851,-0.4166938401895836,-0.3146726503593083,9,fear,0.5,0.07192665896287707,3,-1.4969481148445278,-0.3603332432391411,0.4108788995445205,0
24,38,-0.18420946011157968,-0.4401855489178334,-0.3150499267347851,-0.4166938401895836,-0.3146726503593083,10,fear,0.5,-0.12515440144751105,12,-0.7270890843530564,-0.873678090720566,0.2944895446108619,0
24,38,-0.18420946011157968,-0.4401855489178334,-0.3150499267347851,-0.4166938401895836,-0.3146726503593083,11,fear,0.5,0.1274762977942073,8,-1.0692486534603771,-0.4804857083361648,0.3821374388413548,0
24,38,-0.18420946011157968,-0.4401855489178334,-0.3150499267347851,-0.4166938401895836,-0.3146726503593083,12,fear,0.5,0.19901381146458244,14,-0.5560092997993961,-0.6197907193798141,0.34982905053211383,1
24,38,-0.18420946011157968,-0.4401855489178334,-0.3150499267347851,-0.4166938401895836,-0.3146726503593083,13,fear,0.5,-0.07533295985117497,40,1.668027899398188,-1.8077884311230112,0.1409056263208602,0
24,38,-0.18420946011157968,-0.4401855489178334,-0.3150499267347851,-0.4166938401895836,-0.3146726503593083,14,fear,0.5,0.01703070109921553,19,-0.12830983841524524,-0.9774759336735347,0.27339290058157417,1
24,38,-0.18420946011157968,-0.4401855489178334,-0.3150499267347851,-0.4166938401895836,-0.3146726503593083,15,fear,0.5,0.02684780492684079,2,-1.582488007121358,-0.3702716764895067,0.4084753765808302,0
24,38,-0.18420946011157968,-0.4401855489178334,-0.3150499267347851,-0.4166938401895836,-0.3146726503593083,16,fear,0.5,0.20218327567498928,5,-1.3258683302908676,-0.30035746809837033,0.4254700994668135,1
24,38,-0.18420946011157968,-0.4401855489178334,-0.3150499267347851,-0.4166938401895836,-0.3146726503593083,17,fear,0.5,-0.1334771970566687,34,1.1547885457372071,-1.65509014361448,0.16042218827880067,0
24,38,-0.18420946011157968,-0.4401855489178334,-0.3150499267347851,-0.4166938401895836,-0.3146726503593083,18,fear,0.5,-0.019829893319496802,10,-0.8981688689067168,-0.6980727410212103,0.33223966437517505,1
24,38,-0.18420946011157968,-0.4401855489178334,-0.3150499267347851,-0.4166938401895836,-0.3146726503593083,19,fear,0.5,0.03493782098342581,18,-0.2138497306920754,-0.9244283930036538,0.28405643862186336,0
24,38,-0.18420946011157968,-0.4401855489178334,-0.3150499267347851,-0.4166938401895836,-0.3146726503593083,20,fear,0.5,0.050130844365563365,33,1.0692486534603771,-1.4363416814065777,0.19211249950552395,0
24,38,-0.18420946011157968,-0.4401855489178334,-0.3150499267347851,-0.4166938401895836,-0.3146726503593083,21,neutral,-0.5,-0.034648782698473574,27,0.5560092997993961,0.358556364892464,0.5886909258423002,1
24,38,-0.18420946011157968,-0.4401855489178334,-0.3150499267347851,-0.4166938401895836,-0.3146726503593083,22,neutral,-0.5,0.20511447081031445,11,-0.8126289766298865,0.7666301579783094,0.6827914788288475,1
24,38,-0.18420946011157968,-0.4401855489178334,-0.3150499267347851,-0.4166938401895836,-0.3146726503593083,23,neutral,-0.5,0.06768230030033125,26,0.4704694075225659,0.4714068566148348,0.6157166863853173,1
24,38,-0.18420946011157968,-0.4401855489178334,-0.3150499267347851,-0.4166938401895836,-0.3146726503593083,24,neutral,-0.5,-0.08847636608881047,29,0.7270890843530564,0.28368996405499497,0.5704506346688804,0
24,38,-0.18420946011157968,-0.4401855489178334,-0.3150499267347851,-0.4166938401895836,-0.3146726503593083,25,neutral,-0.5,-0.06387461728079331,16,-0.3849295152457357,0.4450440262693712,0.6094602627432575,1
24,38,-0.18420946011157968,-0.4401855489178334,-0.3150499267347851,-0.4166938401895836,-0.3146726503593083,26,neutral,-0.5,0.020253570607942934,21,0.04276994613841508,0.47657517054027704,0.6169388256932536,1
24,38,-0.18420946011157968,-0.4401855489178334,-0.3150499267347851,-0.4166938401895836,-0.3146726503593083,27,neutral,-0.5,-0.1657771424201549,13,-0.6415491920762262,0.37469972730070794,0.592594108234011,0
24,38,-0.18420946011157968,-0.4401855489178334,-0.3150499267347851,-0.4166938401895836,-0.3146726503593083,28,neutral,-0.5,0.03240578810212312,17,-0.2993896229689056,0.5308050229287214,0.6296708512052558,0
24,38,-0.18420946011157968,-0.4401855489178334,-0.3150499267347851,-0.4166938401895836,-0.3146726503593083,29,neutral,-0.5,-0.06427368638861679,15,-0.4704694075225659,0.45516436588511383,0.611866404300795,1
24,38,-0.18420946011157968,-0.4401855489178334,-0.3150499267347851,-0.4166938401895836,-0.3146726503593083,30,neutral,-0.5,0.03388482847826553,38,1.4969481148445278,0.31137648010997604,0.5772212087062335,1
24,38,-0.18420946011157968,-0.4401855489178334,-0.3150499267347851,-0.4166938401895836,-0.3146726503593083,31,neutral,-0.5,0.10063449276941816,9,-0.9837087611835469,0.6831889973845451,0.6644500765210768,1
24,38,-0.18420946011157968,-0.4401855489178334,-0.3150499267347851,-0.4166938401895836,-0.3146726503593083,32,neutral,-0.5,-0.16523159438711074,20,-0.04276994613841508,0.30160941426878946,0.5748359042904042,1
24,38,-0.18420946011157968,-0.4401855489178334,-0.3150499267347851,-0.4166938401895836,-0.3146726503593083,33,neutral,-0.5,-0.17814514840944695,1,-1.668027899398188,0.48856462599420875,0.6197682366623622,1
24,38,-0.18420946011157968,-0.4401855489178334,-0.3150499267347851,-0.4166938401895836,-0.3146726503593083,34,neutral,-0.5,0.20327413635404867,35,1.2403284380140374,0.5123240141564575,0.6253511194178268,1
24,38,-0.18420946011157968,-0.4401855489178334,-0.3150499267347851,-0.4166938401895836,-0.3146726503593083,35,neutral,-0.5,0.10974661130988755,30,0.8126289766298865,0.47139353273012674,0.6157135338207794,1
24,38,-0.18420946011157968,-0.4401855489178334,-0.3150499267347851,-0.4166938401895836,-0.3146726503593083,36,neutral,-0.5,-0.11455850646691589,23,0.2138497306920754,0.32072427601828607,0.5795007536163548,0
24,38,-0.18420946011157968,-0.4401855489178334,-0.3150499267347851,-0.4166938401895836,-0.3146726503593083,37,neutral,-0.5,0.022093603635536613,25,0.3849295152457357,0.43633756867360635,0.6073860015024138,1
24,38,-0.18420946011157968,-0.4401855489178334,-0.3150499267347851,-0.4166938401895836,-0.3146726503593083,38,neutral,-0.5,-0.03248467960018497,31,0.8981688689067168,0.3186428330964881,0.5789934646137928,1
24,38,-0.18420946011157968,-0.4401855489178334,-0.3150499267347851,-0.4166938401895836,-0.3146726503593083,39,neutral,-0.5,-0.021721780340038743,4,-1.4114082225676976,0.6134297678929188,0.6487227809596494,0
24,38,-0.18420946011157968,-0.4401855489178334,-0.3150499267347851,-0.4166938401895836,-0.3146726503593083,40,neutral,-0.5,-0.04668537349067967,28,0.6415491920762262,0.3360003653766917,0.5832186378978507,1
25,22,-1.2482352224889341,-0.13162805923478665,-0.09420854107745492,-0.12471234602747444,-0.09412998879237151,1,fear,0.5,-0.08121017626445963,3,-1.4969481148445278,-0.112717451394247,0.4718504347196091,0
25,22,-1.2482352224889341,-0.13162805923478665,-0.09420854107745492,-0.12471234602747444,-0.09412998879237151,2,fear,0.5,0.053067844990018875,24,0.2993896229689056,0.050423468160444344,0.5126031968234782,0
25,22,-1.2482352224889341,-0.13162805923478665,-0.09420854107745492,-0.12471234602747444,-0.09412998879237151,3,fear,0.5,-0.11676296957720594,14,-0.5560092997993961,-0.13315158369259603,0.4667611980853834,0
25,22,-1.2482352224889341,-0.13162805923478665,-0.09420854107745492,-0.12471234602747444,-0.09412998879237151,4,fear,0.5,-0.11848507274328071,23,0.2138497306920754,-0.1225038733014368,0.46941227511634087,1
25,22,-1.2482352224889341,-0.13162805923478665,-0.09420854107745492,-0.12471234602747444,-0.09412998879237151,5,fear,0.5,-0.027683151933853067,9,-0.9837087611835469,-0.05094388469215089,0.4872667825625819,1
25,22,-1.2482352224889341,-0.13162805923478665,-0.09420854107745492,-0.12471234602747444,-0.09412998879237151,6,fear,0.5,0.06278918644554837,13,-0.6415491920762262,0.04502614860157664,0.511254635787011,1
25,22,-1.2482352224889341,-0.13162805923478665,-0.09420854107745492,-0.12471234602747444,-0.09412998879237151,7,fear,0.5,-0.04999597070532241,39,1.582488007121358,-0.03202399160617353,0.4919946862315773,0
25,22,-1.2482352224889341,-0.13162805923478665,-0.09420854107745492,-0.12471234602747444,-0.09412998879237151,8,fear,0.5,0.01022656605323173,33,1.0692486534603771,0.01995200278089128,0.5049878352321961,1
25,22,-1.2482352224889341,-0.13162805923478665,-0.09420854107745492,-0.12471234602747444,-0.09412998879237151,9,fear,0.5,0.07192665896287707,27,0.5560092997993961,0.07340555331904713,0.5183431524203148,0
25,22,-1.2482352224889341,-0.13162805923478665,-0.09420854107745492,-0.12471234602747444,-0.09412998879237151,10,fear,0.5,-0.12515440144751105,20,-0.04276994613841508,-0.13329647319141177,0.46672513596093557,0
25,22,-1.2482352224889341,-0.13162805923478665,-0.09420854107745492,-0.12471234602747444,-0.09412998879237151,11,fear,0.5,0.1274762977942073,5,-1.3258683302908676,0.09871787012158312,0.5246594448103897,0
25,22,-1.2482352224889341,-0.13162805923478665,-0.09420854107745492,-0.12471234602747444,-0.09412998879237151,12,fear,0.5,0.19901381146458244,25,0.3849295152457357,0.19774385836358954,0.5492755023109634,0
25,22,-1.2482352224889341,-0.13162805923478665,-0.09420854107745492,-0.12471234602747444,-0.09412998879237151,13,fear,0.5,-0.07533295985117497,29,0.7270890843530564,-0.07110521803784176,0.4822311813843061,0
25,22,-1.2482352224889341,-0.13162805923478665,-0.09420854107745492,-0.12471234602747444,-0.09412998879237151,14,fear,0.5,0.01703070109921553,22,0.12830983841524524,0.011637476812477903,0.5029093363686982,1
25,22,-1.2482352224889341,-0.13162805923478665,-0.09420854107745492,-0.12471234602747444,-0.09412998879237151,15,fear,0.5,0.02684780492684079,4,-1.4114082225676976,-0.00328504647436495,0.49917873911996374,1
25,22,-1.2482352224889341,-0.13162805923478665,-0.09420854107745492,-0.12471234602747444,-0.09412998879237151,16,fear,0.5,0.20218327567498928,32,0.9837087611835469,0.21053428867406715,0.5524400161711073,1
25,22,-1.2482352224889341,-0.13162805923478665,-0.09420854107745492,-0.12471234602747444,-0.09412998879237151,17,fear,0.5,-0.1334771970566687,21,0.04276994613841508,-0.1402448450719879,0.4649961430533686,0
25,22,-1.2482352224889341,-0.13162805923478665,-0.09420854107745492,-0.12471234602747444,-0.09412998879237151,18,fear,0.5,-0.019829893319496802,37,1.4114082225676976,-0.004606761677510979,0.49884831161740667,1
25,22,-1.2482352224889341,-0.13162805923478665,-0.09420854107745492,-0.12471234602747444,-0.09412998879237151,19,fear,0.5,0.03493782098342581,30,0.8126289766298865,0.04053998652534075,0.5101336087951945,1
25,22,-1.2482352224889341,-0.13162805923478665,-0.09420854107745492,-0.12471234602747444,-0.09412998879237151,20,fear,0.5,0.050130844365563365,12,-0.7270890843530564,0.030993382793010185,0.5077477255093551,1
25,22,-1.2482352224889341,-0.13162805923478665,-0.09420854107745492,-0.12471234602747444,-0.09412998879237151,21,neutral,-0.5,-0.034648782698473574,38,1.4969481148445278,1.5129472477280876,0.8194975781441755,0
25,22,-1.2482352224889341,-0.13162805923478665,-0.09420854107745492,-0.12471234602747444,-0.09412998879237151,22,neutral,-0.5,0.20511447081031445,1,-1.668027899398188,2.1624148142502184,0.8968232087572544,1
25,22,-1.2482352224889341,-0.13162805923478665,-0.09420854107745492,-0.12471234602747444,-0.09412998879237151,23,neutral,-0.5,0.06768230030033125,7,-1.1547885457372071,1.9585441064948284,0.8763753049723224,1
25,22,-1.2482352224889341,-0.13162805923478665,-0.09420854107745492,-0.12471234602747444,-0.09412998879237151,24,neutral,-0.5,-0.08847636608881047,40,1.668027899398188,1.4369734852559481,0.8079855407177826,1
25,22,-1.2482352224889341,-0.13162805923478665,-0.09420854107745492,-0.12471234602747444,-0.09412998879237151,25,neutral,-0.5,-0.06387461728079331,34,1.1547885457372071,1.5280137713093724,0.8217155193630031,1
25,22,-1.2482352224889341,-0.13162805923478665,-0.09420854107745492,-0.12471234602747444,-0.09412998879237151,26,neutral,-0.5,0.020253570607942934,36,1.3258683302908676,1.5899957801163065,0.8306155093570885,1
25,22,-1.2482352224889341,-0.13162805923478665,-0.09420854107745492,-0.12471234602747444,-0.09412998879237151,27,neutral,-0.5,-0.1657771424201549,19,-0.12830983841524524,1.5922075892835283,0.83092646875729,1
25,22,-1.2482352224889341,-0.13162805923478665,-0.09420854107745492,-0.12471234602747444,-0.09412998879237151,28,neutral,-0.5,0.03240578810212312,16,-0.3849295152457357,1.8236097884285098,0.8609987095120539,1
25,22,-1.2482352224889341,-0.13162805923478665,-0.09420854107745492,-0.12471234602747444,-0.09412998879237151,29,neutral,-0.5,-0.06427368638861679,17,-0.2993896229689056,1.7158572243968686,0.8475944507539351,0
25,22,-1.2482352224889341,-0.13162805923478665,-0.09420854107745492,-0.12471234602747444,-0.09412998879237151,30,neutral,-0.5,0.03388482847826553,18,-0.2138497306920754,1.8029426497228498,0.8585067645318663,1
25,22,-1.2482352224889341,-0.13162805923478665,-0.09420854107745492,-0.12471234602747444,-0.09412998879237151,31,neutral,-0.5,0.10063449276941816,10,-0.8981688689067168,1.958277030341212,0.8763463665978184,1
25,22,-1.2482352224889341,-0.13162805923478665,-0.09420854107745492,-0.12471234602747444,-0.09412998879237151,32,neutral,-0.5,-0.16523159438711074,6,-1.2403284380140374,1.7367033013482878,0.8502678391889331,0
25,22,-1.2482352224889341,-0.13162805923478665,-0.09420854107745492,-0.12471234602747444,-0.09412998879237151,33,neutral,-0.5,-0.17814514840944695,28,0.6415491920762262,1.4801817774261259,0.8146000355431929,1
25,22,-1.2482352224889341,-0.13162805923478665,-0.09420854107745492,-0.12471234602747444,-0.09412998879237151,34,neutral,-0.5,0.20327413635404867,26,0.4704694075225659,1.8837472412714238,0.8680409497122319,0
25,22,-1.2482352224889341,-0.13162805923478665,-0.09420854107745492,-0.12471234602747444,-0.09412998879237151,35,neutral,-0.5,0.10974661130988755,35,1.2403284380140374,1.690561910359152,0.8442980422621033,1
25,22,-1.2482352224889341,-0.13162805923478665,-0.09420854107745492,-0.12471234602747444,-0.09412998879237151,36,neutral,-0.5,-0.11455850646691589,31,0.8981688689067168,1.5105491507459532,0.8191425766998343,1
25,22,-1.2482352224889341,-0.13162805923478665,-0.09420854107745492,-0.12471234602747444,-0.09412998879237151,37,neutral,-0.5,0.022093603635536613,8,-1.0692486534603771,1.9018823202891326,0.8701044188446649,0
25,22,-1.2482352224889341,-0.13162805923478665,-0.09420854107745492,-0.12471234602747444,-0.09412998879237151,38,neutral,-0.5,-0.03248467960018497,2,-1.582488007121358,1.9137425742988179,0.8714390230697832,1
25,22,-1.2482352224889341,-0.13162805923478665,-0.09420854107745492,-0.12471234602747444,-0.09412998879237151,39,neutral,-0.5,-0.021721780340038743,11,-0.8126289766298865,1.8248476676908536,0.861146792624435,1
25,22,-1.2482352224889341,-0.13162805923478665,-0.09420854107745492,-0.12471234602747444,-0.09412998879237151,40,neutral,-0.5,-0.04668537349067967,15,-0.4704694075225659,1.7555917163766082,0.8526566937150818,1
26,43,0.14829859063134357,-0.2565832381481682,-0.18364742512674478,-0.24292356038448812,-0.18367978027757575,1,fear,0.5,-0.08121017626445963,40,1.668027899398188,-1.4475416485677113,0.190380197045999,1
26,43,0.14829859063134357,-0.2565832381481682,-0.18364742512674478,-0.24292356038448812,-0.18367978027757575,2,fear,0.5,0.053067844990018875,3,-1.4969481148445278,-0.5415342695041447,0.36783074430942636,0
26,43,0.14829859063134357,-0.2565832381481682,-0.18364742512674478,-0.24292356038448812,-0.18367978027757575,3,fear,0.5,-0.11676296957720594,27,0.5560092997993961,-1.2119462891367239,0.2293568586967994,0
26,43,0.14829859063134357,-0.2565832381481682,-0.18364742512674478,-0.24292356038448812,-0.18367978027757575,4,fear,0.5,-0.11848507274328071,7,-1.1547885457372071,-0.79651738808167,0.3107709757772896,0
26,43,0.14829859063134357,-0.2565832381481682,-0.18364742512674478,-0.24292356038448812,-0.18367978027757575,5,fear,0.5,-0.027683151933853067,37,1.4114082225676976,-1.3314419736039356,0.20892094590228552,1
26,43,0.14829859063134357,-0.2565832381481682,-0.18364742512674478,-0.24292356038448812,-0.18367978027757575,6,fear,0.5,0.06278918644554837,2,-1.582488007121358,-0.5109553778375588,0.37496958938275654,0
26,43,0.14829859063134357,-0.2565832381481682,-0.18364742512674478,-0.24292356038448812,-0.18367978027757575,7,fear,0.5,-0.04999597070532241,14,-0.5560092997993961,-0.874031137521107,0.2944161990048524,0
26,43,0.14829859063134357,-0.2565832381481682,-0.18364742512674478,-0.24292356038448812,-0.18367978027757575,8,fear,0.5,0.01022656605323173,24,0.2993896229689056,-1.022384102873117,0.26456326642232303,0
26,43,0.14829859063134357,-0.2565832381481682,-0.18364742512674478,-0.24292356038448812,-0.18367978027757575,9,fear,0.5,0.07192665896287707,12,-0.7270890843530564,-0.7103934074307944,0.3295119173582126,0
26,43,0.14829859063134357,-0.2565832381481682,-0.18364742512674478,-0.24292356038448812,-0.18367978027757575,10,fear,0.5,-0.12515440144751105,19,-0.12830983841524524,-1.0534773193185778,0.25855791933426914,0
26,43,0.14829859063134357,-0.2565832381481682,-0.18364742512674478,-0.24292356038448812,-0.18367978027757575,11,fear,0.5,0.1274762977942073,33,1.0692486534603771,-1.0928523230316491,0.2510815479864188,0
26,43,0.14829859063134357,-0.2565832381481682,-0.18364742512674478,-0.24292356038448812,-0.18367978027757575,12,fear,0.5,0.19901381146458244,13,-0.6415491920762262,-0.6041638051401457,0.3533916595472593,0
26,43,0.14829859063134357,-0.2565832381481682,-0.18364742512674478,-0.24292356038448812,-0.18367978027757575,13,fear,0.5,-0.07533295985117497,26,0.4704694075225659,-1.1496587291996365,0.24055142307676558,1
26,43,0.14829859063134357,-0.2565832381481682,-0.18364742512674478,-0.24292356038448812,-0.18367978027757575,14,fear,0.5,0.01703070109921553,17,-0.2993896229689056,-0.8695771163497382,0.2953423029113144,0
26,43,0.14829859063134357,-0.2565832381481682,-0.18364742512674478,-0.24292356038448812,-0.18367978027757575,15,fear,0.5,0.02684780492684079,1,-1.668027899398188,-0.5260392091452101,0.37144115242263015,1
26,43,0.14829859063134357,-0.2565832381481682,-0.18364742512674478,-0.24292356038448812,-0.18367978027757575,16,fear,0.5,0.20218327567498928,23,0.2138497306920754,-0.8095698430403031,0.3079821671129245,1
26,43,0.14829859063134357,-0.2565832381481682,-0.18364742512674478,-0.24292356038448812,-0.18367978027757575,17,fear,0.5,-0.1334771970566687,29,0.7270890843530564,-1.2703756170382996,0.21919295942555983,0
26,43,0.14829859063134357,-0.2565832381481682,-0.18364742512674478,-0.24292356038448812,-0.18367978027757575,18,fear,0.5,-0.019829893319496802,16,-0.3849295152457357,-0.8855801605573941,0.2920227685366768,0
26,43,0.14829859063134357,-0.2565832381481682,-0.18364742512674478,-0.24292356038448812,-0.18367978027757575,19,fear,0.5,0.03493782098342581,39,1.582488007121358,-1.3105361011087697,0.21239714883554944,0
26,43,0.14829859063134357,-0.2565832381481682,-0.18364742512674478,-0.24292356038448812,-0.18367978027757575,20,fear,0.5,0.050130844365563365,4,-1.4114082225676976,-0.5653288203396568,0.3623153723200109,0
26,43,0.14829859063134357,-0.2565832381481682,-0.18364742512674478,-0.24292356038448812,-0.18367978027757575,21,neutral,-0.5,-0.034648782698473574,8,-1.0692486534603771,0.19643015888807017,0.5489502461950135,0
26,43,0.14829859063134357,-0.2565832381481682,-0.18364742512674478,-0.24292356038448812,-0.18367978027757575,22,neutral,-0.5,0.20511447081031445,35,1.2403284380140374,0.38885934583324033,0.5960080798974157,0
26,43,0.14829859063134357,-0.2565832381481682,-0.18364742512674478,-0.24292356038448812,-0.18367978027757575,23,neutral,-0.5,0.06768230030033125,31,0.8981688689067168,0.25843962962897826,0.5642526795919961,1
26,43,0.14829859063134357,-0.2565832381481682,-0.18364742512674478,-0.24292356038448812,-0.18367978027757575,24,neutral,-0.5,-0.08847636608881047,34,1.1547885457372071,0.09702162251054565,0.5242363967817781,1
26,43,0.14829859063134357,-0.2565832381481682,-0.18364742512674478,-0.24292356038448812,-0.18367978027757575,25,neutral,-0.5,-0.06387461728079331,21,0.04276994613841508,0.14441384781215666,0.5360408466465987,1
26,43,0.14829859063134357,-0.2565832381481682,-0.18364742512674478,-0.24292356038448812,-0.18367978027757575,26,neutral,-0.5,0.020253570607942934,15,-0.4704694075225659,0.23906071715947472,0.5594821648101034,1
26,43,0.14829859063134357,-0.2565832381481682,-0.18364742512674478,-0.24292356038448812,-0.18367978027757575,27,neutral,-0.5,-0.1657771424201549,18,-0.2138497306920754,0.04777066340208601,0.5119403952356182,1
26,43,0.14829859063134357,-0.2565832381481682,-0.18364742512674478,-0.24292356038448812,-0.18367978027757575,28,neutral,-0.5,0.03240578810212312,30,0.8126289766298865,0.22491623100720046,0.55599321102929955,0
26,43,0.14829859063134357,-0.2565832381481682,-0.18364742512674478,-0.24292356038448812,-0.18367978027757575,29,neutral,-0.5,-0.06427368638861679,10,-0.8981688689067168,0.16329902804506638,0.5407342769209067,0
26,43,0.14829859063134357,-0.2565832381481682,-0.18364742512674478,-0.24292356038448812,-0.18367978027757575,30,neutral,-0.5,0.03388482847826553,25,0.3849295152457357,0.2351608392654943,0.5585207718046071,1
26,43,0.14829859063134357,-0.2565832381481682,-0.18364742512674478,-0.24292356038448812,-0.18367978027757575,31,neutral,-0.5,0.10063449276941816,20,-0.04276994613841508,0.31067607143879844,0.577050273917684,1
26,43,0.14829859063134357,-0.2565832381481682,-0.18364742512674478,-0.24292356038448812,-0.18367978027757575,32,neutral,-0.5,-0.16523159438711074,6,-1.2403284380140374,0.06935357435229363,0.5173314472411749,0
26,43,0.14829859063134357,-0.2565832381481682,-0.18364742512674478,-0.24292356038448812,-0.18367978027757575,33,neutral,-0.5,-0.17814514840944695,22,0.12830983841524524,0.028390203107072718,0.5070970740942133,1
26,43,0.14829859063134357,-0.2565832381481682,-0.18364742512674478,-0.24292356038448812,-0.18367978027757575,34,neutral,-0.5,0.20327413635404867,36,1.3258683302908676,0.3852658978005442,0.595142543002318,1
26,43,0.14829859063134357,-0.2565832381481682,-0.18364742512674478,-0.24292356038448812,-0.18367978027757575,35,neutral,-0.5,0.10974661130988755,32,0.9837087611835469,0.29875082706210426,0.5741371177444231,1
26,43,0.14829859063134357,-0.2565832381481682,-0.18364742512674478,-0.24292356038448812,-0.18367978027757575,36,neutral,-0.5,-0.11455850646691589,38,1.4969481148445278,0.06392702782671907,0.5159763165062501,0
26,43,0.14829859063134357,-0.2565832381481682,-0.18364742512674478,-0.24292356038448812,-0.18367978027757575,37,neutral,-0.5,0.022093603635536613,28,0.6415491920762262,0.21811027369347455,0.5543124259702659,0
26,43,0.14829859063134357,-0.2565832381481682,-0.18364742512674478,-0.24292356038448812,-0.18367978027757575,38,neutral,-0.5,-0.03248467960018497,9,-0.9837087611835469,0.19684114840992847,0.5490520067438964,0
26,43,0.14829859063134357,-0.2565832381481682,-0.18364742512674478,-0.24292356038448812,-0.18367978027757575,39,neutral,-0.5,-0.021721780340038743,11,-0.8126289766298865,0.20409782051721415,0.5508480672994347,0
26,43,0.14829859063134357,-0.2565832381481682,-0.18364742512674478,-0.24292356038448812,-0.18367978027757575,40,neutral,-0.5,-0.04668537349067967,5,-1.3258683302908676,0.18965290882515498,0.547271622373342,1
27,20,-1.3812384427861033,0.19258468481502372,0.13778283609129327,0.18218792570631057,0.1377086807724668,1,fear,0.5,-0.08121017626445963,3,-1.4969481148445278,-0.1006259874939073,0.47486470868465924,0
27,20,-1.3812384427861033,0.19258468481502372,0.13778283609129327,0.18218792570631057,0.1377086807724668,2,fear,0.5,0.053067844990018875,35,1.2403284380140374,1.0627274210611124,0.7432114139151089,0
27,20,-1.3812384427861033,0.19258468481502372,0.13778283609129327,0.18218792570631057,0.1377086807724668,3,fear,0.5,-0.11676296957720594,37,1.4114082225676976,0.9572138182001716,0.7225636184699988,1
27,20,-1.3812384427861033,0.19258468481502372,0.13778283609129327,0.18218792570631057,0.1377086807724668,4,fear,0.5,-0.11848507274328071,10,-0.8981688689067168,0.08720935699926484,0.5217885316610799,1
27,20,-1.3812384427861033,0.19258468481502372,0.13778283609129327,0.18218792570631057,0.1377086807724668,5,fear,0.5,-0.027683151933853067,9,-0.9837087611835469,0.14585267195555066,0.5363986651155124,0
27,20,-1.3812384427861033,0.19258468481502372,0.13778283609129327,0.18218792570631057,0.1377086807724668,6,fear,0.5,0.06278918644554837,21,0.04276994613841508,0.622228280572655,0.6507251664120706,1
27,20,-1.3812384427861033,0.19258468481502372,0.13778283609129327,0.18218792570631057,0.1377086807724668,7,fear,0.5,-0.04999597070532241,5,-1.3258683302908676,-0.0050945702284864725,0.49872636019761646,1
27,20,-1.3812384427861033,0.19258468481502372,0.13778283609129327,0.18218792570631057,0.1377086807724668,8,fear,0.5,0.01022656605323173,15,-0.4704694075225659,0.3767140250614869,0.5930803219030483,1
27,20,-1.3812384427861033,0.19258468481502372,0.13778283609129327,0.18218792570631057,0.1377086807724668,9,fear,0.5,0.07192665896287707,29,0.7270890843530564,0.8886345999151193,0.7086083215744973,1
27,20,-1.3812384427861033,0.19258468481502372,0.13778283609129327,0.18218792570631057,0.1377086807724668,10,fear,0.5,-0.12515440144751105,31,0.8981688689067168,0.755870751211015,0.6804565586060315,1
27,20,-1.3812384427861033,0.19258468481502372,0.13778283609129327,0.18218792570631057,0.1377086807724668,11,fear,0.5,0.1274762977942073,40,1.668027899398188,1.2979289031310104,0.7854862144874885,1
27,20,-1.3812384427861033,0.19258468481502372,0.13778283609129327,0.18218792570631057,0.1377086807724668,12,fear,0.5,0.19901381146458244,7,-1.1547885457372071,0.30823242364770226,0.5764537572654649,1
27,20,-1.3812384427861033,0.19258468481502372,0.13778283609129327,0.18218792570631057,0.1377086807724668,13,fear,0.5,-0.07533295985117497,11,-0.8126289766298865,0.1625200757445125,0.5405408252183146,0
27,20,-1.3812384427861033,0.19258468481502372,0.13778283609129327,0.18218792570631057,0.1377086807724668,14,fear,0.5,0.01703070109921553,25,0.3849295152457357,0.7051042186388901,0.6693184700266868,1
27,20,-1.3812384427861033,0.19258468481502372,0.13778283609129327,0.18218792570631057,0.1377086807724668,15,fear,0.5,0.02684780492684079,34,1.1547885457372071,1.0043487751447926,0.7319127400922468,0
27,20,-1.3812384427861033,0.19258468481502372,0.13778283609129327,0.18218792570631057,0.1377086807724668,16,fear,0.5,0.20218327567498928,32,0.9837087611835469,1.115367034186657,0.7531283379757567,1
27,20,-1.3812384427861033,0.19258468481502372,0.13778283609129327,0.18218792570631057,0.1377086807724668,17,fear,0.5,-0.1334771970566687,23,0.2138497306920754,0.4902791087767218,0.6201721810337314,1
27,20,-1.3812384427861033,0.19258468481502372,0.13778283609129327,0.18218792570631057,0.1377086807724668,18,fear,0.5,-0.019829893319496802,6,-1.2403284380140374,0.05723011301048109,0.5143036244275111,1
27,20,-1.3812384427861033,0.19258468481502372,0.13778283609129327,0.18218792570631057,0.1377086807724668,19,fear,0.5,0.03493782098342581,27,0.5560092997993961,0.7873285502293841,0.6872574308831256,1
27,20,-1.3812384427861033,0.19258468481502372,0.13778283609129327,0.18218792570631057,0.1377086807724668,20,fear,0.5,0.050130844365563365,14,-0.5560092997993961,0.38445969752067677,0.5949482758501825,1
27,20,-1.3812384427861033,0.19258468481502372,0.13778283609129327,0.18218792570631057,0.1377086807724668,21,neutral,-0.5,-0.034648782698473574,1,-1.668027899398188,2.063859984234053,0.8873406192279785,1
27,20,-1.3812384427861033,0.19258468481502372,0.13778283609129327,0.18218792570631057,0.1377086807724668,22,neutral,-0.5,0.20511447081031445,4,-1.4114082225676976,2.296435902351264,0.9085814314918769,1
27,20,-1.3812384427861033,0.19258468481502372,0.13778283609129327,0.18218792570631057,0.1377086807724668,23,neutral,-0.5,0.06768230030033125,39,1.582488007121358,2.075151485606217,0.8884644722202535,1
27,20,-1.3812384427861033,0.19258468481502372,0.13778283609129327,0.18218792570631057,0.1377086807724668,24,neutral,-0.5,-0.08847636608881047,16,-0.3849295152457357,1.9740957238858319,0.8780503543133776,1
27,20,-1.3812384427861033,0.19258468481502372,0.13778283609129327,0.18218792570631057,0.1377086807724668,25,neutral,-0.5,-0.06387461728079331,19,-0.12830983841524524,1.9915101373022719,0.8799028111364514,1
27,20,-1.3812384427861033,0.19258468481502372,0.13778283609129327,0.18218792570631057,0.1377086807724668,26,neutral,-0.5,0.020253570607942934,28,0.6415491920762262,2.0540763190162776,0.8863588605207456,1
27,20,-1.3812384427861033,0.19258468481502372,0.13778283609129327,0.18218792570631057,0.1377086807724668,27,neutral,-0.5,-0.1657771424201549,2,-1.582488007121358,1.9303358460485127,0.8732865882946953,1
27,20,-1.3812384427861033,0.19258468481502372,0.13778283609129327,0.18218792570631057,0.1377086807724668,28,neutral,-0.5,0.03240578810212312,17,-0.2993896229689056,2.092582099612906,0.8901801047977866,0
27,20,-1.3812384427861033,0.19258468481502372,0.13778283609129327,0.18218792570631057,0.1377086807724668,29,neutral,-0.5,-0.06427368638861679,13,-0.6415491920762262,2.0054857389776024,0.881371843282424,1
27,20,-1.3812384427861033,0.19258468481502372,0.13778283609129327,0.18218792570631057,0.1377086807724668,30,neutral,-0.5,0.03388482847826553,26,0.4704694075225659,2.0724991338143184,0.8882013655447188,1
27,20,-1.3812384427861033,0.19258468481502372,0.13778283609129327,0.18218792570631057,0.1377086807724668,31,neutral,-0.5,0.10063449276941816,8,-1.0692486534603771,2.1823728104549325,0.8986553776895908,1
27,20,-1.3812384427861033,0.19258468481502372,0.13778283609129327,0.18218792570631057,0.1377086807724668,32,neutral,-0.5,-0.16523159438711074,33,1.0692486534603771,1.8566122617019287,0.864901590685339,1
27,20,-1.3812384427861033,0.19258468481502372,0.13778283609129327,0.18218792570631057,0.1377086807724668,33,neutral,-0.5,-0.17814514840944695,30,0.8126289766298865,1.8508860430711696,0.8642311010352632,1
27,20,-1.3812384427861033,0.19258468481502372,0.13778283609129327,0.18218792570631057,0.1377086807724668,34,neutral,-0.5,0.20327413635404867,20,-0.04276994613841508,2.256263112473255,0.905189410835653,1
27,20,-1.3812384427861033,0.19258468481502372,0.13778283609129327,0.18218792570631057,0.1377086807724668,35,neutral,-0.5,0.10974661130988755,22,0.12830983841524524,2.1579440305013753,0.896408786601173,1
27,20,-1.3812384427861033,0.19258468481502372,0.13778283609129327,0.18218792570631057,0.1377086807724668,36,neutral,-0.5,-0.11455850646691589,12,-0.7270890843530564,1.957596697363162,0.8762726245166431,1
27,20,-1.3812384427861033,0.19258468481502372,0.13778283609129327,0.18218792570631057,0.1377086807724668,37,neutral,-0.5,0.022093603635536613,24,0.2993896229689056,2.065499465899307,0.8875044096429843,1
27,20,-1.3812384427861033,0.19258468481502372,0.13778283609129327,0.18218792570631057,0.1377086807724668,38,neutral,-0.5,-0.03248467960018497,18,-0.2138497306920754,2.0252958534467393,0.8834275022744698,1
27,20,-1.3812384427861033,0.19258468481502372,0.13778283609129327,0.18218792570631057,0.1377086807724668,39,neutral,-0.5,-0.021721780340038743,38,1.4969481148445278,1.9881431834297063,0.8795465567903811,1
27,20,-1.3812384427861033,0.19258468481502372,0.13778283609129327,0.18218792570631057,0.1377086807724668,40,neutral,-0.5,-0.04668537349067967,36,1.3258683302908676,1.9679711472067831,0.8773930274039405,1
28,44,0.2148002007799282,-0.30312263489156716,-0.21689964278899956,-0.2868757339855402,-0.21657686735484863,1,fear,0.5,-0.08121017626445963,24,0.2993896229689056,-1.235583996752686,0.2252055902881593,1
28,44,0.2148002007799282,-0.30312263489156716,-0.21689964278899956,-0.2868757339855402,-0.21657686735484863,2,fear,0.5,0.053067844990018875,35,1.2403284380140374,-1.3831360583336982,0.20050580727309972,0
28,44,0.2148002007799282,-0.30312263489156716,-0.21689964278899956,-0.2868757339855402,-0.21657686735484863,3,fear,0.5,-0.11676296957720594,9,-0.9837087611835469,-0.886823040744309,0.29176587512444513,0
28,44,0.2148002007799282,-0.30312263489156716,-0.21689964278899956,-0.2868757339855402,-0.21657686735484863,4,fear,0.5,-0.11848507274328071,12,-0.7270890843530564,-0.9654078937746083,0.2757967519711734,0
28,44,0.2148002007799282,-0.30312263489156716,-0.21689964278899956,-0.2868757339855402,-0.21657686735484863,5,fear,0.5,-0.027683151933853067,18,-0.2138497306920754,-1.0283314726936303,0.26340771083441217,0
28,44,0.2148002007799282,-0.30312263489156716,-0.21689964278899956,-0.2868757339855402,-0.21657686735484863,6,fear,0.5,0.06278918644554837,10,-0.8981688689067168,-0.732891801342963,0.32456046258239896,0
28,44,0.2148002007799282,-0.30312263489156716,-0.21689964278899956,-0.2868757339855402,-0.21657686735484863,7,fear,0.5,-0.04999597070532241,22,0.12830983841524524,-1.1531279579507325,0.23991821262003946,0
28,44,0.2148002007799282,-0.30312263489156716,-0.21689964278899956,-0.2868757339855402,-0.21657686735484863,8,fear,0.5,0.01022656605323173,21,0.04276994613841508,-1.06728450457077,0.2559198392284682,0
28,44,0.2148002007799282,-0.30312263489156716,-0.21689964278899956,-0.2868757339855402,-0.21657686735484863,9,fear,0.5,0.07192665896287707,4,-1.4114082225676976,-0.5700288290971847,0.36123017271404717,0
28,44,0.2148002007799282,-0.30312263489156716,-0.21689964278899956,-0.2868757339855402,-0.21657686735484863,10,fear,0.5,-0.12515440144751105,3,-1.4969481148445278,-0.7414889728861646,0.3226786322334589,0
28,44,0.2148002007799282,-0.30312263489156716,-0.21689964278899956,-0.2868757339855402,-0.21657686735484863,11,fear,0.5,0.1274762977942073,40,1.668027899398188,-1.4368321886365514,0.1920363816870197,0
28,44,0.2148002007799282,-0.30312263489156716,-0.21689964278899956,-0.2868757339855402,-0.21657686735484863,12,fear,0.5,0.19901381146458244,28,0.6415491920762262,-1.057843675509277,0.25772174670975595,1
28,44,0.2148002007799282,-0.30312263489156716,-0.21689964278899956,-0.2868757339855402,-0.21657686735484863,13,fear,0.5,-0.07533295985117497,33,1.0692486534603771,-1.4602950299320758,0.1884222053023514,0
28,44,0.2148002007799282,-0.30312263489156716,-0.21689964278899956,-0.2868757339855402,-0.21657686735484863,14,fear,0.5,0.01703070109921553,11,-0.8126289766298865,-0.804271203310704,0.3091126092091061,0
28,44,0.2148002007799282,-0.30312263489156716,-0.21689964278899956,-0.2868757339855402,-0.21657686735484863,15,fear,0.5,0.02684780492684079,16,-0.3849295152457357,-0.9225586825901197,0.2844368320703249,0
28,44,0.2148002007799282,-0.30312263489156716,-0.21689964278899956,-0.2868757339855402,-0.21657686735484863,16,fear,0.5,0.20218327567498928,32,0.9837087611835469,-1.1571578777845029,0.23918409708597607,0
28,44,0.2148002007799282,-0.30312263489156716,-0.21689964278899956,-0.2868757339855402,-0.21657686735484863,17,fear,0.5,-0.1334771970566687,13,-0.6415491920762262,-1.0060209347094047,0.26775928190702886,0
28,44,0.2148002007799282,-0.30312263489156716,-0.21689964278899956,-0.2868757339855402,-0.21657686735484863,18,fear,0.5,-0.019829893319496802,30,0.8126289766298865,-1.3279292135361729,0.2095021038728181,1
28,44,0.2148002007799282,-0.30312263489156716,-0.21689964278899956,-0.2868757339855402,-0.21657686735484863,19,fear,0.5,0.03493782098342581,7,-1.1547885457372071,-0.6838804169408607,0.3353957847535015,0
28,44,0.2148002007799282,-0.30312263489156716,-0.21689964278899956,-0.2868757339855402,-0.21657686735484863,20,fear,0.5,0.050130844365563365,36,1.3258683302908676,-1.411693975579562,0.19596700942626324,1
28,44,0.2148002007799282,-0.30312263489156716,-0.21689964278899956,-0.2868757339855402,-0.21657686735484863,21,neutral,-0.5,-0.034648782698473574,37,1.4114082225676976,0.03780772187682936,0.5094508047288993,1
28,44,0.2148002007799282,-0.30312263489156716,-0.21689964278899956,-0.2868757339855402,-0.21657686735484863,22,neutral,-0.5,0.20511447081031445,1,-1.668027899398188,0.36990228456447277,0.5914353667275752,0
28,44,0.2148002007799282,-0.30312263489156716,-0.21689964278899956,-0.2868757339855402,-0.21657686735484863,23,neutral,-0.5,0.06768230030033125,8,-1.0692486534603771,0.21451680393637876,0.5534244863467048,1
28,44,0.2148002007799282,-0.30312263489156716,-0.21689964278899956,-0.2868757339855402,-0.21657686735484863,24,neutral,-0.5,-0.08847636608881047,26,0.4704694075225659,0.012192482957809381,0.5030480829797312,0
28,44,0.2148002007799282,-0.30312263489156716,-0.21689964278899956,-0.2868757339855402,-0.21657686735484863,25,neutral,-0.5,-0.06387461728079331,19,-0.12830983841524524,0.05474754188393733,0.5136834678611136,0
28,44,0.2148002007799282,-0.30312263489156716,-0.21689964278899956,-0.2868757339855402,-0.21657686735484863,26,neutral,-0.5,0.020253570607942934,39,1.582488007121358,0.08758055800664269,0.5218811549387228,0
28,44,0.2148002007799282,-0.30312263489156716,-0.21689964278899956,-0.2868757339855402,-0.21657686735484863,27,neutral,-0.5,-0.1657771424201549,27,0.5560092997993961,-0.06767305196183665,0.48308819068626346,1
28,44,0.2148002007799282,-0.30312263489156716,-0.21689964278899956,-0.2868757339855402,-0.21657686735484863,28,neutral,-0.5,0.03240578810212312,34,1.1547885457372071,0.1125565684423306,0.5281094718442572,0
28,44,0.2148002007799282,-0.30312263489156716,-0.21689964278899956,-0.2868757339855402,-0.21657686735484863,29,neutral,-0.5,-0.06427368638861679,2,-1.582488007121358,0.09794936877724,0.5244677831682055,0
28,44,0.2148002007799282,-0.30312263489156716,-0.21689964278899956,-0.2868757339855402,-0.21657686735484863,30,neutral,-0.5,0.03388482847826553,6,-1.2403284380140374,0.18584884929091613,0.5463289396848663,1
28,44,0.2148002007799282,-0.30312263489156716,-0.21689964278899956,-0.2868757339855402,-0.21657686735484863,31,neutral,-0.5,0.10063449276941816,14,-0.5560092997993961,0.2320804448756565,0.5577610862288909,1
28,44,0.2148002007799282,-0.30312263489156716,-0.21689964278899956,-0.2868757339855402,-0.21657686735484863,32,neutral,-0.5,-0.16523159438711074,5,-1.3258683302908676,-0.010702814986158559,0.4973243217950453,1
28,44,0.2148002007799282,-0.30312263489156716,-0.21689964278899956,-0.2868757339855402,-0.21657686735484863,33,neutral,-0.5,-0.17814514840944695,31,0.8981688689067168,-0.09030009230433497,0.47744030435474066,0
28,44,0.2148002007799282,-0.30312263489156716,-0.21689964278899956,-0.2868757339855402,-0.21657686735484863,34,neutral,-0.5,0.20327413635404867,29,0.7270890843530564,0.29624870963576383,0.5735252276201959,1
28,44,0.2148002007799282,-0.30312263489156716,-0.21689964278899956,-0.2868757339855402,-0.21657686735484863,35,neutral,-0.5,0.10974661130988755,17,-0.2993896229689056,0.23349828765122124,0.5581107878150531,0
28,44,0.2148002007799282,-0.30312263489156716,-0.21689964278899956,-0.2868757339855402,-0.21657686735484863,36,neutral,-0.5,-0.11455850646691589,15,-0.4704694075225659,0.014322687051020768,0.5035806105526167,0
28,44,0.2148002007799282,-0.30312263489156716,-0.21689964278899956,-0.2868757339855402,-0.21657686735484863,37,neutral,-0.5,0.022093603635536613,38,1.4969481148445278,0.09198534962253797,0.5229801361959823,0
28,44,0.2148002007799282,-0.30312263489156716,-0.21689964278899956,-0.2868757339855402,-0.21657686735484863,38,neutral,-0.5,-0.03248467960018497,23,0.2138497306920754,0.07587844521133942,0.5189605150178189,0
28,44,0.2148002007799282,-0.30312263489156716,-0.21689964278899956,-0.2868757339855402,-0.21657686735484863,39,neutral,-0.5,-0.021721780340038743,25,0.3849295152457357,0.08151182729488254,0.5203666814175596,0
28,44,0.2148002007799282,-0.30312263489156716,-0.21689964278899956,-0.2868757339855402,-0.21657686735484863,40,neutral,-0.5,-0.04668537349067967,20,-0.04276994613841508,0.06937202708574941,0.5173360548802504,1
29,60,1.2788259631572827,0.1473878594904059,0.10561881235387972,0.13972876036657444,0.10540136199850879,1,fear,0.5,-0.08121017626445963,24,0.2993896229689056,-1.0408985199357736,0.26097666109888373,0
29,60,1.2788259631572827,0.1473878594904059,0.10561881235387972,0.13972876036657444,0.10540136199850879,2,fear,0.5,0.053067844990018875,36,1.3258683302908676,-0.8160592539104445,0.3066008106101516,0
29,60,1.2788259631572827,0.1473878594904059,0.10561881235387972,0.13972876036657444,0.10540136199850879,3,fear,0.5,-0.11676296957720594,35,1.2403284380140374,-0.9934368388752401,0.2702337723454352,0
29,60,1.2788259631572827,0.1473878594904059,0.10561881235387972,0.13972876036657444,0.10540136199850879,4,fear,0.5,-0.11848507274328071,39,1.582488007121358,-0.9649718604510314,0.2758838506863442,0
29,60,1.2788259631572827,0.1473878594904059,0.10561881235387972,0.13972876036657444,0.10540136199850879,5,fear,0.5,-0.027683151933853067,7,-1.1547885457372071,-1.1156665923638727,0.2468159705805648,0
29,60,1.2788259631572827,0.1473878594904059,0.10561881235387972,0.13972876036657444,0.10540136199850879,6,fear,0.5,0.06278918644554837,40,1.668027899398188,-0.7761508308646314,0.31515006245208,0
29,60,1.2788259631572827,0.1473878594904059,0.10561881235387972,0.13972876036657444,0.10540136199850879,7,fear,0.5,-0.04999597070532241,17,-0.2993896229689056,-1.062511707159633,0.2568297568562867,0
29,60,1.2788259631572827,0.1473878594904059,0.10561881235387972,0.13972876036657444,0.10540136199850879,8,fear,0.5,0.01022656605323173,15,-0.4704694075225659,-1.0173827111962201,0.265537530098336,1
29,60,1.2788259631572827,0.1473878594904059,0.10561881235387972,0.13972876036657444,0.10540136199850879,9,fear,0.5,0.07192665896287707,34,1.1547885457372071,-0.8122939807327282,0.30740187785531825,0
29,60,1.2788259631572827,0.1473878594904059,0.10561881235387972,0.13972876036657444,0.10540136199850879,10,fear,0.5,-0.12515440144751105,22,0.12830983841524524,-1.0999362859139672,0.249751832695861,1
29,60,1.2788259631572827,0.1473878594904059,0.10561881235387972,0.13972876036657444,0.10540136199850879,11,fear,0.5,0.1274762977942073,1,-1.668027899398188,-1.0057877650212377,0.2678050006223259,0
29,60,1.2788259631572827,0.1473878594904059,0.10561881235387972,0.13972876036657444,0.10540136199850879,12,fear,0.5,0.19901381146458244,27,0.5560092997993961,-0.7380342210140192,0.3234341549790363,0
29,60,1.2788259631572827,0.1473878594904059,0.10561881235387972,0.13972876036657444,0.10540136199850879,13,fear,0.5,-0.07533295985117497,9,-0.9837087611835469,-1.1482228594860526,0.24081383470946674,0
29,60,1.2788259631572827,0.1473878594904059,0.10561881235387972,0.13972876036657444,0.10540136199850879,14,fear,0.5,0.01703070109921553,2,-1.582488007121358,-1.1086865913186585,0.24811582961429102,0
29,60,1.2788259631572827,0.1473878594904059,0.10561881235387972,0.13972876036657444,0.10540136199850879,15,fear,0.5,0.02684780492684079,20,-0.04276994613841508,-0.963027620334757,0.2762724245218376,0
29,60,1.2788259631572827,0.1473878594904059,0.10561881235387972,0.13972876036657444,0.10540136199850879,16,fear,0.5,0.20218327567498928,18,-0.2138497306920754,-0.8027856903817504,0.30942994825534376,1
29,60,1.2788259631572827,0.1473878594904059,0.10561881235387972,0.13972876036657444,0.10540136199850879,17,fear,0.5,-0.1334771970566687,11,-0.8126289766298865,-1.1912735558964045,0.23303123869397427,0
29,60,1.2788259631572827,0.1473878594904059,0.10561881235387972,0.13972876036657444,0.10540136199850879,18,fear,0.5,-0.019829893319496802,33,1.0692486534603771,-0.9115973034126729,0.28667309080089554,1
29,60,1.2788259631572827,0.1473878594904059,0.10561881235387972,0.13972876036657444,0.10540136199850879,19,fear,0.5,0.03493782098342581,5,-1.3258683302908676,-1.0681391602417354,0.25575712548177904,0
29,60,1.2788259631572827,0.1473878594904059,0.10561881235387972,0.13972876036657444,0.10540136199850879,20,fear,0.5,0.050130844365563365,12,-0.7270890843530564,-1.0001187440766017,0.26891807550809754,0
29,60,1.2788259631572827,0.1473878594904059,0.10561881235387972,0.13972876036657444,0.10540136199850879,21,neutral,-0.5,-0.034648782698473574,25,0.3849295152457357,-0.7042033263289428,0.3308809560060333,0
29,60,1.2788259631572827,0.1473878594904059,0.10561881235387972,0.13972876036657444,0.10540136199850879,22,neutral,-0.5,0.20511447081031445,14,-0.5560092997993961,-0.6983470999652989,0.33217879887019486,0
29,60,1.2788259631572827,0.1473878594904059,0.10561881235387972,0.13972876036657444,0.10540136199850879,23,neutral,-0.5,0.06768230030033125,19,-0.12830983841524524,-0.7294578945002164,0.32531370000940113,0
29,60,1.2788259631572827,0.1473878594904059,0.10561881235387972,0.13972876036657444,0.10540136199850879,24,neutral,-0.5,-0.08847636608881047,21,0.04276994613841508,-0.843088010499332,0.30088481215494195,0
29,60,1.2788259631572827,0.1473878594904059,0.10561881235387972,0.13972876036657444,0.10540136199850879,25,neutral,-0.5,-0.06387461728079331,37,1.4114082225676976,-0.4782578585711055,0.3826635908613952,0
29,60,1.2788259631572827,0.1473878594904059,0.10561881235387972,0.13972876036657444,0.10540136199850879,26,neutral,-0.5,0.020253570607942934,23,0.2138497306920754,-0.6918295234125524,0.3336262103089524,1
29,60,1.2788259631572827,0.1473878594904059,0.10561881235387972,0.13972876036657444,0.10540136199850879,27,neutral,-0.5,-0.1657771424201549,26,0.4704694075225659,-0.814067410855611,0.3070244330252984,0
29,60,1.2788259631572827,0.1473878594904059,0.10561881235387972,0.13972876036657444,0.10540136199850879,28,neutral,-0.5,0.03240578810212312,3,-1.4969481148445278,-1.104962809818634,0.24881116870422265,0
29,60,1.2788259631572827,0.1473878594904059,0.10561881235387972,0.13972876036657444,0.10540136199850879,29,neutral,-0.5,-0.06427368638861679,10,-0.8981688689067168,-1.0527923579442822,0.2586892520633288,0
29,60,1.2788259631572827,0.1473878594904059,0.10561881235387972,0.13972876036657444,0.10540136199850879,30,neutral,-0.5,0.03388482847826553,29,0.7270890843530564,-0.5506126143721513,0.3657222894554,0
29,60,1.2788259631572827,0.1473878594904059,0.10561881235387972,0.13972876036657444,0.10540136199850879,31,neutral,-0.5,0.10063449276941816,6,-1.2403284380140374,-0.9729412795662997,0.2742946311536976,0
29,60,1.2788259631572827,0.1473878594904059,0.10561881235387972,0.13972876036657444,0.10540136199850879,32,neutral,-0.5,-0.16523159438711074,4,-1.4114082225676976,-1.2813359171128547,0.21732290673587346,0
29,60,1.2788259631572827,0.1473878594904059,0.10561881235387972,0.13972876036657444,0.10540136199850879,33,neutral,-0.5,-0.17814514840944695,38,1.4969481148445278,-0.5712641145047461,0.36094518822187865,1
29,60,1.2788259631572827,0.1473878594904059,0.10561881235387972,0.13972876036657444,0.10540136199850879,34,neutral,-0.5,0.20327413635404867,28,0.6415491920762262,-0.4024875816913813,0.4007148186510579,0
29,60,1.2788259631572827,0.1473878594904059,0.10561881235387972,0.13972876036657444,0.10540136199850879,35,neutral,-0.5,0.10974661130988755,13,-0.6415491920762262,-0.8149792346607387,0.30683046714355333,0
29,60,1.2788259631572827,0.1473878594904059,0.10561881235387972,0.13972876036657444,0.10540136199850879,36,neutral,-0.5,-0.11455850646691589,16,-0.3849295152457357,-0.9754915268525027,0.27378727866846864,0
29,60,1.2788259631572827,0.1473878594904059,0.10561881235387972,0.13972876036657444,0.10540136199850879,37,neutral,-0.5,0.022093603635536613,30,0.8126289766298865,-0.5411395640198672,0.3679225304711094,1
29,60,1.2788259631572827,0.1473878594904059,0.10561881235387972,0.13972876036657444,0.10540136199850879,38,neutral,-0.5,-0.03248467960018497,32,0.9837087611835469,-0.5531892968655626,0.3651247847767303,1
29,60,1.2788259631572827,0.1473878594904059,0.10561881235387972,0.13972876036657444,0.10540136199850879,39,neutral,-0.5,-0.021721780340038743,8,-1.0692486534603771,-1.0527690022857303,0.25869373098272763,0
29,60,1.2788259631572827,0.1473878594904059,0.10561881235387972,0.13972876036657444,0.10540136199850879,40,neutral,-0.5,-0.04668537349067967,31,0.8981688689067168,-0.5886542659510704,0.3569436877226257,0
30,43,0.14829859063134357,-0.18819884291457717,-0.1346736388682991,-0.17817969212942392,-0.13461251386191614,1,fear,0.5,-0.08121017626445963,23,0.2138497306920754,-0.9764874237618963,0.27358931128761316,0
30,43,0.14829859063134357,-0.18819884291457717,-0.1346736388682991,-0.17817969212942392,-0.13461251386191614,2,fear,0.5,0.053067844990018875,19,-0.12830983841524524,-0.7839304686339641,0.31347339894631443,0
30,43,0.14829859063134357,-0.18819884291457717,-0.1346736388682991,-0.17817969212942392,-0.13461251386191614,3,fear,0.5,-0.11676296957720594,32,0.9837087611835469,-1.1431678182899137,0.241739220605926,0
30,43,0.14829859063134357,-0.18819884291457717,-0.1346736388682991,-0.17817969212942392,-0.13461251386191614,4,fear,0.5,-0.11848507274328071,3,-1.4969481148445278,-0.7223676508734483,0.3268718232954813,0
30,43,0.14829859063134357,-0.18819884291457717,-0.1346736388682991,-0.17817969212942392,-0.13461251386191614,5,fear,0.5,-0.027683151933853067,20,-0.04276994613841508,-0.8792511990261994,0.29333297289282806,0
30,43,0.14829859063134357,-0.18819884291457717,-0.1346736388682991,-0.17817969212942392,-0.13461251386191614,6,fear,0.5,0.06278918644554837,18,-0.2138497306920754,-0.7596393937100712,0.31872456285898737,0
30,43,0.14829859063134357,-0.18819884291457717,-0.1346736388682991,-0.17817969212942392,-0.13461251386191614,7,fear,0.5,-0.04999597070532241,26,0.4704694075225659,-0.9889824186078495,0.2711131158764685,0
30,43,0.14829859063134357,-0.18819884291457717,-0.1346736388682991,-0.17817969212942392,-0.13461251386191614,8,fear,0.5,0.01022656605323173,15,-0.4704694075225659,-0.7684928136972974,0.3168052310720586,1
30,43,0.14829859063134357,-0.18819884291457717,-0.1346736388682991,-0.17817969212942392,-0.13461251386191614,9,fear,0.5,0.07192665896287707,27,0.5560092997993961,-0.8816295224080135,0.2928402156687262,1
30,43,0.14829859063134357,-0.18819884291457717,-0.1346736388682991,-0.17817969212942392,-0.13461251386191614,10,fear,0.5,-0.12515440144751105,28,0.6415491920762262,-1.093280316286765,0.25100107687835793,0
30,43,0.14829859063134357,-0.18819884291457717,-0.1346736388682991,-0.17817969212942392,-0.13461251386191614,11,fear,0.5,0.1274762977942073,2,-1.582488007121358,-0.46183654686759673,0.38655023442658987,0
30,43,0.14829859063134357,-0.18819884291457717,-0.1346736388682991,-0.17817969212942392,-0.13461251386191614,12,fear,0.5,0.19901381146458244,10,-0.8981688689067168,-0.5068569009441294,0.375930629866362,1
30,43,0.14829859063134357,-0.18819884291457717,-0.1346736388682991,-0.17817969212942392,-0.13461251386191614,13,fear,0.5,-0.07533295985117497,24,0.2993896229689056,-0.9851799408169752,0.27186518017638384,0
30,43,0.14829859063134357,-0.18819884291457717,-0.1346736388682991,-0.17817969212942392,-0.13461251386191614,14,fear,0.5,0.01703070109921553,16,-0.3849295152457357,-0.7762584121196769,0.31512684359771115,1
30,43,0.14829859063134357,-0.18819884291457717,-0.1346736388682991,-0.17817969212942392,-0.13461251386191614,15,fear,0.5,0.02684780492684079,30,0.8126289766298865,-0.9704175768491403,0.2747972781112872,0
30,43,0.14829859063134357,-0.18819884291457717,-0.1346736388682991,-0.17817969212942392,-0.13461251386191614,16,fear,0.5,0.20218327567498928,29,0.7270890843530564,-0.7805123726326284,0.31420946853574877,1
30,43,0.14829859063134357,-0.18819884291457717,-0.1346736388682991,-0.17817969212942392,-0.13461251386191614,17,fear,0.5,-0.1334771970566687,14,-0.5560092997993961,-0.8976268433388344,0.2895384258341406,0
30,43,0.14829859063134357,-0.18819884291457717,-0.1346736388682991,-0.17817969212942392,-0.13461251386191614,18,fear,0.5,-0.019829893319496802,6,-1.2403284380140374,-0.66742167185475465,0.3390744117883819,0
30,43,0.14829859063134357,-0.18819884291457717,-0.1346736388682991,-0.17817969212942392,-0.13461251386191614,19,fear,0.5,0.03493782098342581,8,-1.0692486534603771,-0.641793424488559,0.34484124593068244,0
30,43,0.14829859063134357,-0.18819884291457717,-0.1346736388682991,-0.17817969212942392,-0.13461251386191614,20,fear,0.5,0.050130844365563365,9,-0.9837087611835469,-0.6411701345747849,0.34498207679383436,1
30,43,0.14829859063134357,-0.18819884291457717,-0.1346736388682991,-0.17817969212942392,-0.13461251386191614,21,neutral,-0.5,-0.034648782698473574,7,-1.1547885457372071,0.20597252477164393,0.551311851920406,1
30,43,0.14829859063134357,-0.18819884291457717,-0.1346736388682991,-0.17817969212942392,-0.13461251386191614,22,neutral,-0.5,0.20511447081031445,1,-1.668027899398188,0.4437108113839402,0.6091428867325799,1
30,43,0.14829859063134357,-0.18819884291457717,-0.1346736388682991,-0.17817969212942392,-0.13461251386191614,23,neutral,-0.5,0.06768230030033125,17,-0.2993896229689056,0.31167855259793503,0.577294923815148,1
30,43,0.14829859063134357,-0.18819884291457717,-0.1346736388682991,-0.17817969212942392,-0.13461251386191614,24,neutral,-0.5,-0.08847636608881047,25,0.3849295152457357,0.15821984207078235,0.539472649911222,0
30,43,0.14829859063134357,-0.18819884291457717,-0.1346736388682991,-0.17817969212942392,-0.13461251386191614,25,neutral,-0.5,-0.06387461728079331,39,1.582488007121358,0.18754651363728037,0.5467496787619325,0
30,43,0.14829859063134357,-0.18819884291457717,-0.1346736388682991,-0.17817969212942392,-0.13461251386191614,26,neutral,-0.5,0.020253570607942934,31,0.8981688689067168,0.2689747456640275,0.5668411892278933,0
30,43,0.14829859063134357,-0.18819884291457717,-0.1346736388682991,-0.17817969212942392,-0.13461251386191614,27,neutral,-0.5,-0.1657771424201549,12,-0.7270890843530564,0.07653163746370575,0.5191235762322696,1
30,43,0.14829859063134357,-0.18819884291457717,-0.1346736388682991,-0.17817969212942392,-0.13461251386191614,28,neutral,-0.5,0.03240578810212312,13,-0.6415491920762262,0.2750520624687324,0.5683327560421697,1
30,43,0.14829859063134357,-0.18819884291457717,-0.1346736388682991,-0.17817969212942392,-0.13461251386191614,29,neutral,-0.5,-0.06427368638861679,38,1.4969481148445278,0.1868099500467082,0.5465671413706685,1
30,43,0.14829859063134357,-0.18819884291457717,-0.1346736388682991,-0.17817969212942392,-0.13461251386191614,30,neutral,-0.5,0.03388482847826553,40,1.668027899398188,0.28564345387908774,0.570929245363826,1
30,43,0.14829859063134357,-0.18819884291457717,-0.1346736388682991,-0.17817969212942392,-0.13461251386191614,31,neutral,-0.5,0.10063449276941816,21,0.04276994613841508,0.3459807229980164,0.585642576589686,1
30,43,0.14829859063134357,-0.18819884291457717,-0.1346736388682991,-0.17817969212942392,-0.13461251386191614,32,neutral,-0.5,-0.16523159438711074,36,1.3258683302908676,0.08517705308271704,0.5212813982163464,0
30,43,0.14829859063134357,-0.18819884291457717,-0.1346736388682991,-0.17817969212942392,-0.13461251386191614,33,neutral,-0.5,-0.17814514840944695,11,-0.8126289766298865,0.06382613699166506,0.5159511195085419,0
30,43,0.14829859063134357,-0.18819884291457717,-0.1346736388682991,-0.17817969212942392,-0.13461251386191614,34,neutral,-0.5,0.20327413635404867,5,-1.3258683302908676,0.44322045485866896,0.6090261325651983,0
30,43,0.14829859063134357,-0.18819884291457717,-0.1346736388682991,-0.17817969212942392,-0.13461251386191614,35,neutral,-0.5,0.10974661130988755,4,-1.4114082225676976,0.34935543533175917,0.5864612649426622,0
30,43,0.14829859063134357,-0.18819884291457717,-0.1346736388682991,-0.17817969212942392,-0.13461251386191614,36,neutral,-0.5,-0.11455850646691589,22,0.12830983841524524,0.13112521824443102,0.5327344155176709,0
30,43,0.14829859063134357,-0.18819884291457717,-0.1346736388682991,-0.17817969212942392,-0.13461251386191614,37,neutral,-0.5,0.022093603635536613,33,1.0692486534603771,0.2714897676571185,0.5674586041330429,1
30,43,0.14829859063134357,-0.18819884291457717,-0.1346736388682991,-0.17817969212942392,-0.13461251386191614,38,neutral,-0.5,-0.03248467960018497,34,1.1547885457372071,0.2172489789041455,0.5540996330133341,1
30,43,0.14829859063134357,-0.18819884291457717,-0.1346736388682991,-0.17817969212942392,-0.13461251386191614,39,neutral,-0.5,-0.021721780340038743,37,1.4114082225676976,0.22902436161253764,0.5570071290516244,0
30,43,0.14829859063134357,-0.18819884291457717,-0.1346736388682991,-0.17817969212942392,-0.13461251386191614,40,neutral,-0.5,-0.04668537349067967,35,1.2403284380140374,0.2033857794963995,0.5506718916736111,1
31,53,0.8133146921171901,0.21543801829508072,0.1541199238101962,0.20387366693638165,0.15401656577460213,1,fear,0.5,-0.08121017626445963,4,-1.4114082225676976,-0.9975753126223247,0.26941841084001605,0
31,53,0.8133146921171901,0.21543801829508072,0.1541199238101962,0.20387366693638165,0.15401656577460213,2,fear,0.5,0.053067844990018875,7,-1.1547885457372071,-0.8112214900120855,0.3076302646789986,1
31,53,0.8133146921171901,0.21543801829508072,0.1541199238101962,0.20387366693638165,0.15401656577460213,3,fear,0.5,-0.11676296957720594,40,1.668027899398188,-0.40821848966594665,0.39933937073993286,0
31,53,0.8133146921171901,0.21543801829508072,0.1541199238101962,0.20387366693638165,0.15401656577460213,4,fear,0.5,-0.11848507274328071,5,-1.3258683302908676,-1.0174916086492256,0.2655162926588951,1
31,53,0.8133146921171901,0.21543801829508072,0.1541199238101962,0.20387366693638165,0.15401656577460213,5,fear,0.5,-0.027683151933853067,20,-0.04276994613841508,-0.6663106810609961,0.3393234326043389,0
31,53,0.8133146921171901,0.21543801829508072,0.1541199238101962,0.20387366693638165,0.15401656577460213,6,fear,0.5,0.06278918644554837,31,0.8981688689067168,-0.38489373771047347,0.404947131362728,0
31,53,0.8133146921171901,0.21543801829508072,0.1541199238101962,0.20387366693638165,0.15401656577460213,7,fear,0.5,-0.04999597070532241,26,0.4704694075225659,-0.5844718971209448,0.3579042606225889,1
31,53,0.8133146921171901,0.21543801829508072,0.1541199238101962,0.20387366693638165,0.15401656577460213,8,fear,0.5,0.01022656605323173,10,-0.8981688689067168,-0.8019869675931125,0.30960064775476703,0
31,53,0.8133146921171901,0.21543801829508072,0.1541199238101962,0.20387366693638165,0.15401656577460213,9,fear,0.5,0.07192665896287707,25,0.3849295152457357,-0.47990786790466544,0.3822738811194358,0
31,53,0.8133146921171901,0.21543801829508072,0.1541199238101962,0.20387366693638165,0.15401656577460213,10,fear,0.5,-0.12515440144751105,21,0.04276994613841508,-0.7464233301227342,0.32160113822283676,1
31,53,0.8133146921171901,0.21543801829508072,0.1541199238101962,0.20387366693638165,0.15401656577460213,11,fear,0.5,0.1274762977942073,2,-1.582488007121358,-0.8236060394674978,0.3049987344025914,0
31,53,0.8133146921171901,0.21543801829508072,0.1541199238101962,0.20387366693638165,0.15401656577460213,12,fear,0.5,0.19901381146458244,9,-0.9837087611835469,-0.6305583226336821,0.3473839506258883,0
31,53,0.8133146921171901,0.21543801829508072,0.1541199238101962,0.20387366693638165,0.15401656577460213,13,fear,0.5,-0.07533295985117497,37,1.4114082225676976,-0.41886428129567616,0.3967885495609884,0
31,53,0.8133146921171901,0.21543801829508072,0.1541199238101962,0.20387366693638165,0.15401656577460213,14,fear,0.5,0.01703070109921553,24,0.2993896229689056,-0.5521624262202472,0.36536285525346945,0
31,53,0.8133146921171901,0.21543801829508072,0.1541199238101962,0.20387366693638165,0.15401656577460213,15,fear,0.5,0.02684780492684079,23,0.2138497306920754,-0.5597039228445421,0.36361596902648446,0
31,53,0.8133146921171901,0.21543801829508072,0.1541199238101962,0.20387366693638165,0.15401656577460213,16,fear,0.5,0.20218327567498928,13,-0.6415491920762262,-0.5579544566155947,0.36402089096614954,0
31,53,0.8133146921171901,0.21543801829508072,0.1541199238101962,0.20387366693638165,0.15401656577460213,17,fear,0.5,-0.1334771970566687,28,0.6415491920762262,-0.633235922568451,0.3467771647079427,1
31,53,0.8133146921171901,0.21543801829508072,0.1541199238101962,0.20387366693638165,0.15401656577460213,18,fear,0.5,-0.019829893319496802,14,-0.5560092997993961,-0.7626090251581608,0.3180800868236273,1
31,53,0.8133146921171901,0.21543801829508072,0.1541199238101962,0.20387366693638165,0.15401656577460213,19,fear,0.5,0.03493782098342581,17,-0.2993896229689056,-0.6557655094994778,0.3416914716009001,0
31,53,0.8133146921171901,0.21543801829508072,0.1541199238101962,0.20387366693638165,0.15401656577460213,20,fear,0.5,0.050130844365563365,22,0.12830983841524524,-0.5537794838577396,0.3649879852047287,0
31,53,0.8133146921171901,0.21543801829508072,0.1541199238101962,0.20387366693638165,0.15401656577460213,21,neutral,-0.5,-0.034648782698473574,11,-0.8126289766298865,-0.4551873116113575,0.38812814642657045,1
31,53,0.8133146921171901,0.21543801829508072,0.1541199238101962,0.20387366693638165,0.15401656577460213,22,neutral,-0.5,0.20511447081031445,3,-1.4969481148445278,-0.3670529313798109,0.4092533287223348,0
31,53,0.8133146921171901,0.21543801829508072,0.1541199238101962,0.20387366693638165,0.15401656577460213,23,neutral,-0.5,0.06768230030033125,16,-0.3849295152457357,-0.2580881828142768,0.43583373314667856,1
31,53,0.8133146921171901,0.21543801829508072,0.1541199238101962,0.20387366693638165,0.15401656577460213,24,neutral,-0.5,-0.08847636608881047,29,0.7270890843530564,-0.16784993012790136,0.4581357602053016,0
31,53,0.8133146921171901,0.21543801829508072,0.1541199238101962,0.20387366693638165,0.15401656577460213,25,neutral,-0.5,-0.06387461728079331,36,1.3258683302908676,-0.010572917202297985,0.49735679532228017,1
31,53,0.8133146921171901,0.21543801829508072,0.1541199238101962,0.20387366693638165,0.15401656577460213,26,neutral,-0.5,0.020253570607942934,39,1.582488007121358,0.13041609816540384,0.5325578912596375,1
31,53,0.8133146921171901,0.21543801829508072,0.1541199238101962,0.20387366693638165,0.15401656577460213,27,neutral,-0.5,-0.1657771424201549,18,-0.2138497306920754,-0.45364040721545257,0.38849557604726953,0
31,53,0.8133146921171901,0.21543801829508072,0.1541199238101962,0.20387366693638165,0.15401656577460213,28,neutral,-0.5,0.03240578810212312,33,1.0692486534603771,0.028846660701652954,0.5072111651302116,0
31,53,0.8133146921171901,0.21543801829508072,0.1541199238101962,0.20387366693638165,0.15401656577460213,29,neutral,-0.5,-0.06427368638861679,35,1.2403284380140374,-0.029925595469776578,0.49251915940767677,1
31,53,0.8133146921171901,0.21543801829508072,0.1541199238101962,0.20387366693638165,0.15401656577460213,30,neutral,-0.5,0.03388482847826553,32,0.9837087611835469,0.01137209191814019,0.5028429923405602,1
31,53,0.8133146921171901,0.21543801829508072,0.1541199238101962,0.20387366693638165,0.15401656577460213,31,neutral,-0.5,0.10063449276941816,6,-1.2403284380140374,-0.41467208194174165,0.39779237442974,1
31,53,0.8133146921171901,0.21543801829508072,0.1541199238101962,0.20387366693638165,0.15401656577460213,32,neutral,-0.5,-0.16523159438711074,30,0.8126289766298865,-0.22565154926654632,0.4438252722865834,0
31,53,0.8133146921171901,0.21543801829508072,0.1541199238101962,0.20387366693638165,0.15401656577460213,33,neutral,-0.5,-0.17814514840944695,12,-0.7270890843530564,-0.5797300681626758,0.35899470734223077,1
31,53,0.8133146921171901,0.21543801829508072,0.1541199238101962,0.20387366693638165,0.15401656577460213,34,neutral,-0.5,0.20327413635404867,15,-0.4704694075225659,-0.14144995592021453,0.46469635460989817,0
31,53,0.8133146921171901,0.21543801829508072,0.1541199238101962,0.20387366693638165,0.15401656577460213,35,neutral,-0.5,0.10974661130988755,34,1.1547885457372071,0.12514109306907256,0.531244509058074,0
31,53,0.8133146921171901,0.21543801829508072,0.1541199238101962,0.20387366693638165,0.15401656577460213,36,neutral,-0.5,-0.11455850646691589,1,-1.668027899398188,-0.7246331269763515,0.32637355385640165,1
31,53,0.8133146921171901,0.21543801829508072,0.1541199238101962,0.20387366693638165,0.15401656577460213,37,neutral,-0.5,0.022093603635536613,19,-0.12830983841524524,-0.24681605200010595,0.43860733174525834,1
31,53,0.8133146921171901,0.21543801829508072,0.1541199238101962,0.20387366693638165,0.15401656577460213,38,neutral,-0.5,-0.03248467960018497,38,1.4969481148445278,0.05872423879762073,0.5146768421399935,0
31,53,0.8133146921171901,0.21543801829508072,0.1541199238101962,0.20387366693638165,0.15401656577460213,39,neutral,-0.5,-0.021721780340038743,27,0.5560092997993961,-0.1390025626984399,0.4653052049151378,0
31,53,0.8133146921171901,0.21543801829508072,0.1541199238101962,0.20387366693638165,0.15401656577460213,40,neutral,-0.5,-0.04668537349067967,8,-1.0692486534603771,-0.5240847298825291,0.37189758436246867,0
32,26,-0.9822287818945955,-0.029667535081156268,-0.021156834720476334,-0.028095101057578648,-0.02120531865084353,1,fear,0.5,-0.08121017626445963,37,1.4114082225676976,0.05875764727098007,0.5146851870577317,1
32,26,-0.9822287818945955,-0.029667535081156268,-0.021156834720476334,-0.028095101057578648,-0.02120531865084353,2,fear,0.5,0.053067844990018875,22,0.12830983841524524,0.06262014206786061,0.5156499218711609,1
32,26,-0.9822287818945955,-0.029667535081156268,-0.021156834720476334,-0.028095101057578648,-0.02120531865084353,3,fear,0.5,-0.11676296957720594,34,1.1547885457372071,-0.002878251333285828,0.4992804376634362,0
32,26,-0.9822287818945955,-0.029667535081156268,-0.021156834720476334,-0.028095101057578648,-0.02120531865084353,4,fear,0.5,-0.11848507274328071,12,-0.7270890843530564,-0.19587645997050426,0.4511868555141324,0
32,26,-0.9822287818945955,-0.029667535081156268,-0.021156834720476334,-0.028095101057578648,-0.02120531865084353,5,fear,0.5,-0.027683151933853067,13,-0.6415491920762262,-0.09638017073057004,0.47592359185433586,1
32,26,-0.9822287818945955,-0.029667535081156268,-0.021156834720476334,-0.028095101057578648,-0.02120531865084353,6,fear,0.5,0.06278918644554837,6,-1.2403284380140374,-0.06676841136471445,0.48331409554066207,1
32,26,-0.9822287818945955,-0.029667535081156268,-0.021156834720476334,-0.028095101057578648,-0.02120531865084353,7,fear,0.5,-0.04999597070532241,31,0.8981688689067168,0.03780564224707812,0.509450285007199,1
32,26,-0.9822287818945955,-0.029667535081156268,-0.021156834720476334,-0.028095101057578648,-0.02120531865084353,8,fear,0.5,0.01022656605323173,29,0.7270890843530564,0.08063944214461916,0.5201489431419724,0
32,26,-0.9822287818945955,-0.029667535081156268,-0.021156834720476334,-0.028095101057578648,-0.02120531865084353,9,fear,0.5,0.07192665896287707,2,-1.582488007121358,-0.09240841256941176,0.476914322508849,1
32,26,-0.9822287818945955,-0.029667535081156268,-0.021156834720476334,-0.028095101057578648,-0.02120531865084353,10,fear,0.5,-0.12515440144751105,8,-1.0692486534603771,-0.23732326239676066,0.4409460956952997,1
32,26,-0.9822287818945955,-0.029667535081156268,-0.021156834720476334,-0.028095101057578648,-0.02120531865084353,11,fear,0.5,0.1274762977942073,35,1.2403284380140374,0.250055384468634,0.5621901328442366,0
32,26,-0.9822287818945955,-0.029667535081156268,-0.021156834720476334,-0.028095101057578648,-0.02120531865084353,12,fear,0.5,0.19901381146458244,40,1.668027899398188,0.3650647402915418,0.5902659095949135,1
32,26,-0.9822287818945955,-0.029667535081156268,-0.021156834720476334,-0.028095101057578648,-0.02120531865084353,13,fear,0.5,-0.07533295985117497,27,0.5560092997993961,-0.022308820620800564,0.4944230261401934,1
32,26,-0.9822287818945955,-0.029667535081156268,-0.021156834720476334,-0.028095101057578648,-0.02120531865084353,14,fear,0.5,0.01703070109921553,18,-0.2138497306920754,-0.008194475544968828,0.4979513925773133,0
32,26,-0.9822287818945955,-0.029667535081156268,-0.021156834720476334,-0.028095101057578648,-0.02120531865084353,15,fear,0.5,0.02684780492684079,14,-0.5560092997993961,-0.033154845439369654,0.4917120478329018,0
32,26,-0.9822287818945955,-0.029667535081156268,-0.021156834720476334,-0.028095101057578648,-0.02120531865084353,16,fear,0.5,0.20218327567498928,15,-0.4704694075225659,0.15087499373928528,0.5376473607804851,1
32,26,-0.9822287818945955,-0.029667535081156268,-0.021156834720476334,-0.028095101057578648,-0.02120531865084353,17,fear,0.5,-0.1334771970566687,24,0.2993896229689056,-0.10653616311781391,0.4733911219229693,0
32,26,-0.9822287818945955,-0.029667535081156268,-0.021156834720476334,-0.028095101057578648,-0.02120531865084353,18,fear,0.5,-0.019829893319496802,32,0.9837087611835469,0.07666608806341027,0.5191571396257619,0
32,26,-0.9822287818945955,-0.029667535081156268,-0.021156834720476334,-0.028095101057578648,-0.02120531865084353,19,fear,0.5,0.03493782098342581,23,0.2138497306920754,0.0531844864917741,0.5132929884032508,1
32,26,-0.9822287818945955,-0.029667535081156268,-0.021156834720476334,-0.028095101057578648,-0.02120531865084353,20,fear,0.5,0.050130844365563365,5,-1.3258683302908676,-0.08812112187520586,0.47798396450665,1
32,26,-0.9822287818945955,-0.029667535081156268,-0.021156834720476334,-0.028095101057578648,-0.02120531865084353,21,neutral,-0.5,-0.034648782698473574,11,-0.8126289766298865,1.5327541214575133,0.822408917748374,1
32,26,-0.9822287818945955,-0.029667535081156268,-0.021156834720476334,-0.028095101057578648,-0.02120531865084353,22,neutral,-0.5,0.20511447081031445,26,0.4704694075225659,1.6909131627783616,0.844344211920009,1
32,26,-0.9822287818945955,-0.029667535081156268,-0.021156834720476334,-0.028095101057578648,-0.02120531865084353,23,neutral,-0.5,0.06768230030033125,10,-0.8981688689067168,1.6405254852688478,0.8376064276052444,1
32,26,-0.9822287818945955,-0.029667535081156268,-0.021156834720476334,-0.028095101057578648,-0.02120531865084353,24,neutral,-0.5,-0.08847636608881047,20,-0.04276994613841508,1.4299640107544125,0.8068957081635436,0
32,26,-0.9822287818945955,-0.029667535081156268,-0.021156834720476334,-0.028095101057578648,-0.02120531865084353,25,neutral,-0.5,-0.06387461728079331,7,-1.1547885457372071,1.525289410125311,0.8213160529614894,0
32,26,-0.9822287818945955,-0.029667535081156268,-0.021156834720476334,-0.028095101057578648,-0.02120531865084353,26,neutral,-0.5,0.020253570607942934,19,-0.12830983841524524,1.5441342282636954,0.8240649168690871,1
32,26,-0.9822287818945955,-0.029667535081156268,-0.021156834720476334,-0.028095101057578648,-0.02120531865084353,27,neutral,-0.5,-0.1657771424201549,33,1.0692486534603771,1.281939583860187,0.7827797556294632,1
32,26,-0.9822287818945955,-0.029667535081156268,-0.021156834720476334,-0.028095101057578648,-0.02120531865084353,28,neutral,-0.5,0.03240578810212312,3,-1.4969481148445278,1.6433309387583446,0.8379876693803062,1
32,26,-0.9822287818945955,-0.029667535081156268,-0.021156834720476334,-0.028095101057578648,-0.02120531865084353,29,neutral,-0.5,-0.06427368638861679,21,0.04276994613841508,1.4487264096420769,0.8098023498023487,1
32,26,-0.9822287818945955,-0.029667535081156268,-0.021156834720476334,-0.028095101057578648,-0.02120531865084353,30,neutral,-0.5,0.03388482847826553,36,1.3258683302908676,1.4652807123210196,0.8123390175664904,0
32,26,-0.9822287818945955,-0.029667535081156268,-0.021156834720476334,-0.028095101057578648,-0.02120531865084353,31,neutral,-0.5,0.10063449276941816,30,0.8126289766298865,1.564672061487348,0.827022741521556,1
32,26,-0.9822287818945955,-0.029667535081156268,-0.021156834720476334,-0.028095101057578648,-0.02120531865084353,32,neutral,-0.5,-0.16523159438711074,39,1.582488007121358,1.2498434470180553,0.7772727599276313,1
32,26,-0.9822287818945955,-0.029667535081156268,-0.021156834720476334,-0.028095101057578648,-0.02120531865084353,33,neutral,-0.5,-0.17814514840944695,16,-0.3849295152457357,1.3620563516838935,0.7960937054869045,1
32,26,-0.9822287818945955,-0.029667535081156268,-0.021156834720476334,-0.028095101057578648,-0.02120531865084353,34,neutral,-0.5,0.20327413635404867,17,-0.2993896229689056,1.7380353556348598,0.850437347158098,1
32,26,-0.9822287818945955,-0.029667535081156268,-0.021156834720476334,-0.028095101057578648,-0.02120531865084353,35,neutral,-0.5,0.10974661130988755,4,-1.4114082225676976,1.7152314811535796,0.8475136008494422,1
32,26,-0.9822287818945955,-0.029667535081156268,-0.021156834720476334,-0.028095101057578648,-0.02120531865084353,36,neutral,-0.5,-0.11455850646691589,9,-0.9837087611835469,1.4637249593141297,0.8121017365768183,1
32,26,-0.9822287818945955,-0.029667535081156268,-0.021156834720476334,-0.028095101057578648,-0.02120531865084353,37,neutral,-0.5,0.022093603635536613,1,-1.668027899398188,1.6438993159168167,0.8380648199044148,1
32,26,-0.9822287818945955,-0.029667535081156268,-0.021156834720476334,-0.028095101057578648,-0.02120531865084353,38,neutral,-0.5,-0.03248467960018497,38,1.4969481148445278,1.3880306426175104,0.8002776603409109,0
32,26,-0.9822287818945955,-0.029667535081156268,-0.021156834720476334,-0.028095101057578648,-0.02120531865084353,39,neutral,-0.5,-0.021721780340038743,25,0.3849295152457357,1.469517192440538,0.8129839905696442,1
32,26,-0.9822287818945955,-0.029667535081156268,-0.021156834720476334,-0.028095101057578648,-0.02120531865084353,40,neutral,-0.5,-0.04668537349067967,28,0.6415491920762262,1.4282327568523088,0.8066258094610468,1
33,53,0.8133146921171901,-0.01054712677110221,-0.007402422680745095,-0.00987051323341754,-0.007530321002172541,1,fear,0.5,-0.08121017626445963,30,0.8126289766298865,-1.076005515794853,0.25426267973078787,0
33,53,0.8133146921171901,-0.01054712677110221,-0.007402422680745095,-0.00987051323341754,-0.007530321002172541,2,fear,0.5,0.053067844990018875,4,-1.4114082225676976,-0.854176256389709,0.2985575269069312,0
33,53,0.8133146921171901,-0.01054712677110221,-0.007402422680745095,-0.00987051323341754,-0.007530321002172541,3,fear,0.5,-0.11676296957720594,29,0.7270890843530564,-1.1081909537941121,0.2482083045007807,0
33,53,0.8133146921171901,-0.01054712677110221,-0.007402422680745095,-0.00987051323341754,-0.007530321002172541,4,fear,0.5,-0.11848507274328071,15,-0.4704694075225659,-1.0627700825713668,0.2567804442965809,1
33,53,0.8133146921171901,-0.01054712677110221,-0.007402422680745095,-0.00987051323341754,-0.007530321002172541,5,fear,0.5,-0.027683151933853067,38,1.4969481148445278,-1.0494173339721435,0.2593370043841041,0
33,53,0.8133146921171901,-0.01054712677110221,-0.007402422680745095,-0.00987051323341754,-0.007530321002172541,6,fear,0.5,0.06278918644554837,8,-1.0692486534603771,-0.8579243361881279,0.29777319365712623,0
33,53,0.8133146921171901,-0.01054712677110221,-0.007402422680745095,-0.00987051323341754,-0.007530321002172541,7,fear,0.5,-0.04999597070532241,3,-1.4969481148445278,-0.9538727167715629,0.2781066546804225,1
33,53,0.8133146921171901,-0.01054712677110221,-0.007402422680745095,-0.00987051323341754,-0.007530321002172541,8,fear,0.5,0.01022656605323173,5,-1.3258683302908676,-0.9003848906399834,0.28897140865257287,0
33,53,0.8133146921171901,-0.01054712677110221,-0.007402422680745095,-0.00987051323341754,-0.007530321002172541,9,fear,0.5,0.07192665896287707,36,1.3258683302908676,-0.943072812448439,0.2802800668779867,0
33,53,0.8133146921171901,-0.01054712677110221,-0.007402422680745095,-0.00987051323341754,-0.007530321002172541,10,fear,0.5,-0.12515440144751105,19,-0.12830983841524524,-1.0829088325295462,0.2529559419080102,1
33,53,0.8133146921171901,-0.01054712677110221,-0.007402422680745095,-0.00987051323341754,-0.007530321002172541,11,fear,0.5,0.1274762977942073,13,-0.6415491920762262,-0.8100740014069047,0.3078747266711562,0
33,53,0.8133146921171901,-0.01054712677110221,-0.007402422680745095,-0.00987051323341754,-0.007530321002172541,12,fear,0.5,0.19901381146458244,10,-0.8981688689067168,-0.7284344217960683,0.32553837675493746,1
33,53,0.8133146921171901,-0.01054712677110221,-0.007402422680745095,-0.00987051323341754,-0.007530321002172541,13,fear,0.5,-0.07533295985117497,37,1.4114082225676976,-1.0936997865759783,0.2509222248955613,0
33,53,0.8133146921171901,-0.01054712677110221,-0.007402422680745095,-0.00987051323341754,-0.007530321002172541,14,fear,0.5,0.01703070109921553,20,-0.04276994613841508,-0.9440910852963063,0.2800747036352059,1
33,53,0.8133146921171901,-0.01054712677110221,-0.007402422680745095,-0.00987051323341754,-0.007530321002172541,15,fear,0.5,0.02684780492684079,27,0.5560092997993961,-0.9578454686630911,0.2773097752475468,1
33,53,0.8133146921171901,-0.01054712677110221,-0.007402422680745095,-0.00987051323341754,-0.007530321002172541,16,fear,0.5,0.20218327567498928,31,0.8981688689067168,-0.7959794191688911,0.31088621634577623,0
33,53,0.8133146921171901,-0.01054712677110221,-0.007402422680745095,-0.00987051323341754,-0.007530321002172541,17,fear,0.5,-0.1334771970566687,22,0.12830983841524524,-1.101333694079165,0.24949008372236173,1
33,53,0.8133146921171901,-0.01054712677110221,-0.007402422680745095,-0.00987051323341754,-0.007530321002172541,18,fear,0.5,-0.019829893319496802,12,-0.7270890843530564,-0.9540128372071217,0.27807852450797815,0
33,53,0.8133146921171901,-0.01054712677110221,-0.007402422680745095,-0.00987051323341754,-0.007530321002172541,19,fear,0.5,0.03493782098342581,21,0.04276994613841508,-0.9295513207255834,0.28301575066977047,0
33,53,0.8133146921171901,-0.01054712677110221,-0.007402422680745095,-0.00987051323341754,-0.007530321002172541,20,fear,0.5,0.050130844365563365,14,-0.5560092997993961,-0.8907868101490359,0.2909474841300743,0
33,53,0.8133146921171901,-0.01054712677110221,-0.007402422680745095,-0.00987051323341754,-0.007530321002172541,21,neutral,-0.5,-0.034648782698473574,28,0.6415491920762262,-0.3038934044249878,0.4246059850951098,1
33,53,0.8133146921171901,-0.01054712677110221,-0.007402422680745095,-0.00987051323341754,-0.007530321002172541,22,neutral,-0.5,0.20511447081031445,23,0.2138497306920754,-0.12436193435015234,0.46894952470566625,0
33,53,0.8133146921171901,-0.01054712677110221,-0.007402422680745095,-0.00987051323341754,-0.007530321002172541,23,neutral,-0.5,0.06768230030033125,34,1.1547885457372071,-0.12928418130544,0.46772389845971146,1
33,53,0.8133146921171901,-0.01054712677110221,-0.007402422680745095,-0.00987051323341754,-0.007530321002172541,24,neutral,-0.5,-0.08847636608881047,2,-1.582488007121358,-0.670926261671878,0.3382894663495953,0
33,53,0.8133146921171901,-0.01054712677110221,-0.007402422680745095,-0.00987051323341754,-0.007530321002172541,25,neutral,-0.5,-0.06387461728079331,40,1.668027899398188,-0.18856295876582152,0.4529984434202965,0
33,53,0.8133146921171901,-0.01054712677110221,-0.007402422680745095,-0.00987051323341754,-0.007530321002172541,26,neutral,-0.5,0.020253570607942934,1,-1.668027899398188,-0.57424268166191506,0.36025842567787647,0
33,53,0.8133146921171901,-0.01054712677110221,-0.007402422680745095,-0.00987051323341754,-0.007530321002172541,27,neutral,-0.5,-0.1657771424201549,16,-0.3849295152457357,-0.5795780443881553,0.3590296914241523,0
33,53,0.8133146921171901,-0.01054712677110221,-0.007402422680745095,-0.00987051323341754,-0.007530321002172541,28,neutral,-0.5,0.03240578810212312,9,-0.9837087611835469,-0.46571961067341083,0.3856298534186202,0
33,53,0.8133146921171901,-0.01054712677110221,-0.007402422680745095,-0.00987051323341754,-0.007530321002172541,29,neutral,-0.5,-0.06427368638861679,24,0.2993896229689056,-0.38170373486229314,0.40571604274287737,0
33,53,0.8133146921171901,-0.01054712677110221,-0.007402422680745095,-0.00987051323341754,-0.007530321002172541,30,neutral,-0.5,0.03388482847826553,39,1.582488007121358,-0.10284986969355317,0.47431017437128825,1
33,53,0.8133146921171901,-0.01054712677110221,-0.007402422680745095,-0.00987051323341754,-0.007530321002172541,31,neutral,-0.5,0.10063449276941816,35,1.2403284380140374,-0.08428563214956261,0.47894105749967075,1
33,53,0.8133146921171901,-0.01054712677110221,-0.007402422680745095,-0.00987051323341754,-0.007530321002172541,32,neutral,-0.5,-0.16523159438711074,33,1.0692486534603771,-0.37424443267967245,0.4075158165081887,1
33,53,0.8133146921171901,-0.01054712677110221,-0.007402422680745095,-0.00987051323341754,-0.007530321002172541,33,neutral,-0.5,-0.17814514840944695,17,-0.2993896229689056,-0.5798996936906567,0.35895567447221877,0
33,53,0.8133146921171901,-0.01054712677110221,-0.007402422680745095,-0.00987051323341754,-0.007530321002172541,34,neutral,-0.5,0.20327413635404867,6,-1.2403284380140374,-0.3309903324818567,0.41799967953859907,0
33,53,0.8133146921171901,-0.01054712677110221,-0.007402422680745095,-0.00987051323341754,-0.007530321002172541,35,neutral,-0.5,0.10974661130988755,26,0.4704694075225659,-0.18359072379020783,0.4542308032365356,1
33,53,0.8133146921171901,-0.01054712677110221,-0.007402422680745095,-0.00987051323341754,-0.007530321002172541,36,neutral,-0.5,-0.11455850646691589,11,-0.8126289766298865,-0.5885911918688688,0.35695816555587223,0
33,53,0.8133146921171901,-0.01054712677110221,-0.007402422680745095,-0.00987051323341754,-0.007530321002172541,37,neutral,-0.5,0.022093603635536613,32,0.9837087611835469,-0.19896559134381567,0.45042204914892037,1
33,53,0.8133146921171901,-0.01054712677110221,-0.007402422680745095,-0.00987051323341754,-0.007530321002172541,38,neutral,-0.5,-0.03248467960018497,25,0.3849295152457357,-0.33786837138707076,0.41632736788620245,0
33,53,0.8133146921171901,-0.01054712677110221,-0.007402422680745095,-0.00987051323341754,-0.007530321002172541,39,neutral,-0.5,-0.021721780340038743,7,-1.1547885457372071,-0.5439398924891538,0.36727153976706595,0
33,53,0.8133146921171901,-0.01054712677110221,-0.007402422680745095,-0.00987051323341754,-0.007530321002172541,40,neutral,-0.5,-0.04668537349067967,18,-0.2138497306920754,-0.43639356208509894,0.39260064592721305,0
34,64,1.5448324037516212,0.5635470725777243,0.40317469552186386,0.5333657693825514,0.4028238258267824,1,fear,0.5,-0.08121017626445963,12,-0.7270890843530564,-0.9718546033810057,0.27451099479500957,1
34,64,1.5448324037516212,0.5635470725777243,0.40317469552186386,0.5333657693825514,0.4028238258267824,2,fear,0.5,0.053067844990018875,6,-1.2403284380140374,-1.099611802589224,0.24981263797312794,0
34,64,1.5448324037516212,0.5635470725777243,0.40317469552186386,0.5333657693825514,0.4028238258267824,3,fear,0.5,-0.11676296957720594,15,-0.4704694075225659,-0.8763897864624036,0.29392646205812073,1
34,64,1.5448324037516212,0.5635470725777243,0.40317469552186386,0.5333657693825514,0.4028238258267824,4,fear,0.5,-0.11848507274328071,21,0.04276994613841508,-0.6160766691657813,0.35067427681977426,0
34,64,1.5448324037516212,0.5635470725777243,0.40317469552186386,0.5333657693825514,0.4028238258267824,5,fear,0.5,-0.027683151933853067,25,0.3849295152457357,-0.35058460138122227,0.4132406639527555,0
34,64,1.5448324037516212,0.5635470725777243,0.40317469552186386,0.5333657693825514,0.4028238258267824,6,fear,0.5,0.06278918644554837,20,-0.04276994613841508,-0.478474946720735,0.3826123089638301,0
34,64,1.5448324037516212,0.5635470725777243,0.40317469552186386,0.5333657693825514,0.4028238258267824,7,fear,0.5,-0.04999597070532241,39,1.582488007121358,0.23851809426026838,0.5593484246411696,1
34,64,1.5448324037516212,0.5635470725777243,0.40317469552186386,0.5333657693825514,0.4028238258267824,8,fear,0.5,0.01022656605323173,7,-1.1547885457372071,-1.0987805447822285,0.2499684533056582,0
34,64,1.5448324037516212,0.5635470725777243,0.40317469552186386,0.5333657693825514,0.4028238258267824,9,fear,0.5,0.07192665896287707,33,1.0692486534603771,0.09840550346577084,0.5245815424934882,0
34,64,1.5448324037516212,0.5635470725777243,0.40317469552186386,0.5333657693825514,0.4028238258267824,10,fear,0.5,-0.12515440144751105,17,-0.2993896229689056,-0.7974361448451429,0.31057421930382023,0
34,64,1.5448324037516212,0.5635470725777243,0.40317469552186386,0.5333657693825514,0.4028238258267824,11,fear,0.5,0.1274762977942073,34,1.1547885457372071,0.19762767904088382,0.5492467394077816,1
34,64,1.5448324037516212,0.5635470725777243,0.40317469552186386,0.5333657693825514,0.4028238258267824,12,fear,0.5,0.19901381146458244,1,-1.668027899398188,-1.172028519833575,0.23648851552257555,0
34,64,1.5448324037516212,0.5635470725777243,0.40317469552186386,0.5333657693825514,0.4028238258267824,13,fear,0.5,-0.07533295985117497,4,-1.4114082225676976,-1.3153576809179837,0.2115916912742824,1
34,64,1.5448324037516212,0.5635470725777243,0.40317469552186386,0.5333657693825514,0.4028238258267824,14,fear,0.5,0.01703070109921553,11,-0.8126289766298865,-0.9172862627611134,0.28551115949481465,0
34,64,1.5448324037516212,0.5635470725777243,0.40317469552186386,0.5333657693825514,0.4028238258267824,15,fear,0.5,0.02684780492684079,19,-0.12830983841524524,-0.5580888649832253,0.3639897746964643,0
34,64,1.5448324037516212,0.5635470725777243,0.40317469552186386,0.5333657693825514,0.4028238258267824,16,fear,0.5,0.20218327567498928,26,0.4704694075225659,-0.07704563702859693,0.4807481131159445,1
34,64,1.5448324037516212,0.5635470725777243,0.40317469552186386,0.5333657693825514,0.4028238258267824,17,fear,0.5,-0.1334771970566687,35,1.2403284380140374,-0.01965327906620931,0.49508683837538364,0
34,64,1.5448324037516212,0.5635470725777243,0.40317469552186386,0.5333657693825514,0.4028238258267824,18,fear,0.5,-0.019829893319496802,36,1.3258683302908676,0.13766656141474543,0.5343623875887625,0
34,64,1.5448324037516212,0.5635470725777243,0.40317469552186386,0.5333657693825514,0.4028238258267824,19,fear,0.5,0.03493782098342581,32,0.9837087611835469,0.01774412874253667,0.5044359157973868,0
34,64,1.5448324037516212,0.5635470725777243,0.40317469552186386,0.5333657693825514,0.4028238258267824,20,fear,0.5,0.050130844365563365,3,-1.4969481148445278,-1.2335664134450286,0.2255578295989459,0
34,64,1.5448324037516212,0.5635470725777243,0.40317469552186386,0.5333657693825514,0.4028238258267824,21,neutral,-0.5,-0.034648782698473574,30,0.8126289766298865,-0.5131144281976718,0.3744637151268403,0
34,64,1.5448324037516212,0.5635470725777243,0.40317469552186386,0.5333657693825514,0.4028238258267824,22,neutral,-0.5,0.20511447081031445,5,-1.3258683302908676,-1.185835886671925,0.23400451119138463,0
34,64,1.5448324037516212,0.5635470725777243,0.40317469552186386,0.5333657693825514,0.4028238258267824,23,neutral,-0.5,0.06768230030033125,13,-0.6415491920762262,-1.0312729493473347,0.2628373908216402,0
34,64,1.5448324037516212,0.5635470725777243,0.40317469552186386,0.5333657693825514,0.4028238258267824,24,neutral,-0.5,-0.08847636608881047,28,0.6415491920762262,-0.639940788546652,0.34525992434626324,0
34,64,1.5448324037516212,0.5635470725777243,0.40317469552186386,0.5333657693825514,0.4028238258267824,25,neutral,-0.5,-0.06387461728079331,27,0.5560092997993961,-0.6518384282179566,0.34257537139577554,1
34,64,1.5448324037516212,0.5635470725777243,0.40317469552186386,0.5333657693825514,0.4028238258267824,26,neutral,-0.5,0.020253570607942934,31,0.8981688689067168,-0.4217126864119335,0.39610699204280053,0
34,64,1.5448324037516212,0.5635470725777243,0.40317469552186386,0.5333657693825514,0.4028238258267824,27,neutral,-0.5,-0.1657771424201549,24,0.2993896229689056,-0.863239118795283,0.2966630454515631,0
34,64,1.5448324037516212,0.5635470725777243,0.40317469552186386,0.5333657693825514,0.4028238258267824,28,neutral,-0.5,0.03240578810212312,40,1.668027899398188,-0.08106597260385873,0.4797445983225485,1
34,64,1.5448324037516212,0.5635470725777243,0.40317469552186386,0.5333657693825514,0.4028238258267824,29,neutral,-0.5,-0.06427368638861679,16,-0.3849295152457357,-1.053730770598318,0.2585093342471412,0
34,64,1.5448324037516212,0.5635470725777243,0.40317469552186386,0.5333657693825514,0.4028238258267824,30,neutral,-0.5,0.03388482847826553,9,-0.9837087611835469,-1.2110679750866873,0.2295121396183348,0
34,64,1.5448324037516212,0.5635470725777243,0.40317469552186386,0.5333657693825514,0.4028238258267824,31,neutral,-0.5,0.10063449276941816,10,-0.8981688689067168,-1.1078189223162132,0.24827773242786036,0
34,64,1.5448324037516212,0.5635470725777243,0.40317469552186386,0.5333657693825514,0.4028238258267824,32,neutral,-0.5,-0.16523159438711074,14,-0.5560092997993961,-1.227687455555455,0.22658643137123763,0
34,64,1.5448324037516212,0.5635470725777243,0.40317469552186386,0.5333657693825514,0.4028238258267824,33,neutral,-0.5,-0.17814514840944695,8,-1.0692486534603771,-1.4595973404537212,0.1885289186670538,0
34,64,1.5448324037516212,0.5635470725777243,0.40317469552186386,0.5333657693825514,0.4028238258267824,34,neutral,-0.5,0.20327413635404867,29,0.7270890843530564,-0.3116908976244713,0.4227020636865184,1
34,64,1.5448324037516212,0.5635470725777243,0.40317469552186386,0.5333657693825514,0.4028238258267824,35,neutral,-0.5,0.10974661130988755,23,0.2138497306920754,-0.6242147535445622,0.3488234794775035,0
34,64,1.5448324037516212,0.5635470725777243,0.40317469552186386,0.5333657693825514,0.4028238258267824,36,neutral,-0.5,-0.11455850646691589,38,1.4969481148445278,-0.30102904413154097,0.4253059440885471,1
34,64,1.5448324037516212,0.5635470725777243,0.40317469552186386,0.5333657693825514,0.4028238258267824,37,neutral,-0.5,0.022093603635536613,2,-1.582488007121358,-1.4783549192846677,0.1856760276130838,0
34,64,1.5448324037516212,0.5635470725777243,0.40317469552186386,0.5333657693825514,0.4028238258267824,38,neutral,-0.5,-0.03248467960018497,37,1.4114082225676976,-0.2554546057441318,0.43648139323320834,0
34,64,1.5448324037516212,0.5635470725777243,0.40317469552186386,0.5333657693825514,0.4028238258267824,39,neutral,-0.5,-0.021721780340038743,18,-0.2138497306920754,-0.9381800875910968,0.2812681029497089,1
34,64,1.5448324037516212,0.5635470725777243,0.40317469552186386,0.5333657693825514,0.4028238258267824,40,neutral,-0.5,-0.04668537349067967,22,0.12830983841524524,-0.817146126824451,0.3063697935397281,0
35,19,-1.447740052934688,0.0789979529288587,0.05654961063740002,0.07488116020627222,0.05660845502468799,1,fear,0.5,-0.08121017626445963,6,-1.2403284380140374,0.008813393373598238,0.5022033340812544,1
35,19,-1.447740052934688,0.0789979529288587,0.05654961063740002,0.07488116020627222,0.05660845502468799,2,fear,0.5,0.053067844990018875,27,0.5560092997993961,0.6104094727431337,0.6480342026897522,1
35,19,-1.447740052934688,0.0789979529288587,0.05654961063740002,0.07488116020627222,0.05660845502468799,3,fear,0.5,-0.11676296957720594,22,0.12830983841524524,0.3293124538628001,0.5815920768775897,1
35,19,-1.447740052934688,0.0789979529288587,0.05654961063740002,0.07488116020627222,0.05660845502468799,4,fear,0.5,-0.11848507274328071,38,1.4969481148445278,0.6836422044986732,0.6645511143124463,0
35,19,-1.447740052934688,0.0789979529288587,0.05654961063740002,0.07488116020627222,0.05660845502468799,5,fear,0.5,-0.027683151933853067,9,-0.9837087611835469,0.12910014029207037,0.53223028273903,0
35,19,-1.447740052934688,0.0789979529288587,0.05654961063740002,0.07488116020627222,0.05660845502468799,6,fear,0.5,0.06278918644554837,12,-0.7270890843530564,0.2863322012593368,0.5710979589011312,0
35,19,-1.447740052934688,0.0789979529288587,0.05654961063740002,0.07488116020627222,0.05660845502468799,7,fear,0.5,-0.04999597070532241,14,-0.5560092997993961,0.21805352583370952,0.5542984063592031,0
35,19,-1.447740052934688,0.0789979529288587,0.05654961063740002,0.07488116020627222,0.05660845502468799,8,fear,0.5,0.01022656605323173,34,1.1547885457372071,0.7233408798446987,0.6733422769082323,0
35,19,-1.447740052934688,0.0789979529288587,0.05654961063740002,0.07488116020627222,0.05660845502468799,9,fear,0.5,0.07192665896287707,32,0.9837087611835469,0.7405344910291003,0.6771127236516238,1
35,19,-1.447740052934688,0.0789979529288587,0.05654961063740002,0.07488116020627222,0.05660845502468799,10,fear,0.5,-0.12515440144751105,2,-1.582488007121358,-0.12414379525993999,0.4690038495310826,1
35,19,-1.447740052934688,0.0789979529288587,0.05654961063740002,0.07488116020627222,0.05660845502468799,11,fear,0.5,0.1274762977942073,26,0.4704694075225659,0.6625646846847001,0.6598362737526601,1
35,19,-1.447740052934688,0.0789979529288587,0.05654961063740002,0.07488116020627222,0.05660845502468799,12,fear,0.5,0.19901381146458244,3,-1.4969481148445278,0.22227765851477516,0.5553417445922866,1
35,19,-1.447740052934688,0.0789979529288587,0.05654961063740002,0.07488116020627222,0.05660845502468799,13,fear,0.5,-0.07533295985117497,21,0.04276994613841508,0.34848922272620925,0.58625117148564,0
35,19,-1.447740052934688,0.0789979529288587,0.05654961063740002,0.07488116020627222,0.05660845502468799,14,fear,0.5,0.01703070109921553,25,0.3849295152457357,0.5298658471270866,0.6294518223961675,1
35,19,-1.447740052934688,0.0789979529288587,0.05654961063740002,0.07488116020627222,0.05660845502468799,15,fear,0.5,0.02684780492684079,15,-0.4704694075225659,0.3171505423284945,0.57862966094951,0
35,19,-1.447740052934688,0.0789979529288587,0.05654961063740002,0.07488116020627222,0.05660845502468799,16,fear,0.5,0.20218327567498928,31,0.8981688689067168,0.848537866878591,0.7002603367659772,0
35,19,-1.447740052934688,0.0789979529288587,0.05654961063740002,0.07488116020627222,0.05660845502468799,17,fear,0.5,-0.1334771970566687,20,-0.04276994613841508,0.2680917446580939,0.566624371216673,1
35,19,-1.447740052934688,0.0789979529288587,0.05654961063740002,0.07488116020627222,0.05660845502468799,18,fear,0.5,-0.019829893319496802,1,-1.668027899398188,-0.04107252799454772,0.48973331124552166,0
35,19,-1.447740052934688,0.0789979529288587,0.05654961063740002,0.07488116020627222,0.05660845502468799,19,fear,0.5,0.03493782098342581,36,1.3258683302908676,0.7925586165001364,0.6883804509597755,1
35,19,-1.447740052934688,0.0789979529288587,0.05654961063740002,0.07488116020627222,0.05660845502468799,20,fear,0.5,0.050130844365563365,4,-1.4114082225676976,0.09564793227837773,0.5238937697800967,0
35,19,-1.447740052934688,0.0789979529288587,0.05654961063740002,0.07488116020627222,0.05660845502468799,21,neutral,-0.5,-0.034648782698473574,5,-1.3258683302908676,2.1278096241149997,0.8935768891392588,1
35,19,-1.447740052934688,0.0789979529288587,0.05654961063740002,0.07488116020627222,0.05660845502468799,22,neutral,-0.5,0.20511447081031445,39,1.582488007121358,2.146520279829261,0.8953431622047181,1
35,19,-1.447740052934688,0.0789979529288587,0.05654961063740002,0.07488116020627222,0.05660845502468799,23,neutral,-0.5,0.06768230030033125,19,-0.12830983841524524,2.1391190491984116,0.8946476068497308,1
35,19,-1.447740052934688,0.0789979529288587,0.05654961063740002,0.07488116020627222,0.05660845502468799,24,neutral,-0.5,-0.08847636608881047,28,0.6415491920762262,1.92444645986366,0.8726334517768954,1
35,19,-1.447740052934688,0.0789979529288587,0.05654961063740002,0.07488116020627222,0.05660845502468799,25,neutral,-0.5,-0.06387461728079331,24,0.2993896229689056,1.9750543966475036,0.8781529698094225,1
35,19,-1.447740052934688,0.0789979529288587,0.05654961063740002,0.07488116020627222,0.05660845502468799,26,neutral,-0.5,0.020253570607942934,33,1.0692486534603771,2.00066866159063,0.8808672652816906,1
35,19,-1.447740052934688,0.0789979529288587,0.05654961063740002,0.07488116020627222,0.05660845502468799,27,neutral,-0.5,-0.1657771424201549,18,-0.2138497306920754,1.912161153471882,0.8712617475728915,1
35,19,-1.447740052934688,0.0789979529288587,0.05654961063740002,0.07488116020627222,0.05660845502468799,28,neutral,-0.5,0.03240578810212312,13,-0.6415491920762262,2.142851818963943,0.894998914663359,0
35,19,-1.447740052934688,0.0789979529288587,0.05654961063740002,0.07488116020627222,0.05660845502468799,29,neutral,-0.5,-0.06427368638861679,11,-0.8126289766298865,2.059175438461117,0.8868714676698908,1
35,19,-1.447740052934688,0.0789979529288587,0.05654961063740002,0.07488116020627222,0.05660845502468799,30,neutral,-0.5,0.03388482847826553,23,0.2138497306920754,2.079315389400519,0.8888764287932459,1
35,19,-1.447740052934688,0.0789979529288587,0.05654961063740002,0.07488116020627222,0.05660845502468799,31,neutral,-0.5,0.10063449276941816,17,-0.2993896229689056,2.1850743356554116,0.8989011512560077,1
35,19,-1.447740052934688,0.0789979529288587,0.05654961063740002,0.07488116020627222,0.05660845502468799,32,neutral,-0.5,-0.16523159438711074,37,1.4114082225676976,1.7891773086197493,0.8568263825341176,1
35,19,-1.447740052934688,0.0789979529288587,0.05654961063740002,0.07488116020627222,0.05660845502468799,33,neutral,-0.5,-0.17814514840944695,8,-1.0692486534603771,1.9648086174221564,0.8770524135901762,1
35,19,-1.447740052934688,0.0789979529288587,0.05654961063740002,0.07488116020627222,0.05660845502468799,34,neutral,-0.5,0.20327413635404867,29,0.7270890843530564,2.209695415312562,0.9011167900211791,1
35,19,-1.447740052934688,0.0789979529288587,0.05654961063740002,0.07488116020627222,0.05660845502468799,35,neutral,-0.5,0.10974661130988755,40,1.668027899398188,2.044650873334877,0.8854060023692161,1
35,19,-1.447740052934688,0.0789979529288587,0.05654961063740002,0.07488116020627222,0.05660845502468799,36,neutral,-0.5,-0.11455850646691589,16,-0.3849295152457357,1.9763828834130346,0.8782950469372721,1
35,19,-1.447740052934688,0.0789979529288587,0.05654961063740002,0.07488116020627222,0.05660845502468799,37,neutral,-0.5,0.022093603635536613,35,1.2403284380140374,1.98950560063031,0.8796908226562429,1
35,19,-1.447740052934688,0.0789979529288587,0.05654961063740002,0.07488116020627222,0.05660845502468799,38,neutral,-0.5,-0.03248467960018497,30,0.8126289766298865,1.9674350523643716,0.8773353455990663,1
35,19,-1.447740052934688,0.0789979529288587,0.05654961063740002,0.07488116020627222,0.05660845502468799,39,neutral,-0.5,-0.021721780340038743,7,-1.1547885457372071,2.1277335324855216,0.8935696528191824,1
35,19,-1.447740052934688,0.0789979529288587,0.05654961063740002,0.07488116020627222,0.05660845502468799,40,neutral,-0.5,-0.04668537349067967,10,-0.8981688689067168,2.0832652983530107,0.8892659826648338,1
36,35,-0.38371429055733364,0.03296065010814398,0.02363744081237342,0.031240253570500864,0.023569780631576612,1,fear,0.5,-0.08121017626445963,12,-0.7270890843530564,-0.4051702411617514,0.40007077015340425,1
36,35,-0.38371429055733364,0.03296065010814398,0.02363744081237342,0.031240253570500864,0.023569780631576612,2,fear,0.5,0.053067844990018875,2,-1.582488007121358,-0.36922598649223726,0.4087280637502147,1
36,35,-0.38371429055733364,0.03296065010814398,0.02363744081237342,0.031240253570500864,0.023569780631576612,3,fear,0.5,-0.11676296957720594,33,1.0692486534603771,-0.2342221246460725,0.44171070475138335,1
36,35,-0.38371429055733364,0.03296065010814398,0.02363744081237342,0.031240253570500864,0.023569780631576612,4,fear,0.5,-0.11848507274328071,22,0.12830983841524524,-0.3441113710556081,0.41481112285536187,1
36,35,-0.38371429055733364,0.03296065010814398,0.02363744081237342,0.031240253570500864,0.023569780631576612,5,fear,0.5,-0.027683151933853067,28,0.6415491920762262,-0.19430919029520188,0.4515749681758171,1
36,35,-0.38371429055733364,0.03296065010814398,0.02363744081237342,0.031240253570500864,0.023569780631576612,6,fear,0.5,0.06278918644554837,10,-0.8981688689067168,-0.2808376317687363,0.43024843144729596,0
36,35,-0.38371429055733364,0.03296065010814398,0.02363744081237342,0.031240253570500864,0.023569780631576612,7,fear,0.5,-0.04999597070532241,38,1.4969481148445278,-0.11828824248170683,0.47046237249078793,0
36,35,-0.38371429055733364,0.03296065010814398,0.02363744081237342,0.031240253570500864,0.023569780631576612,8,fear,0.5,0.01022656605323173,21,0.04276994613841508,-0.22523310891759213,0.4439285643698958,0
36,35,-0.38371429055733364,0.03296065010814398,0.02363744081237342,0.031240253570500864,0.023569780631576612,9,fear,0.5,0.07192665896287707,30,0.8126289766298865,-0.07503262608147883,0.4812506390654382,1
36,35,-0.38371429055733364,0.03296065010814398,0.02363744081237342,0.031240253570500864,0.023569780631576612,10,fear,0.5,-0.12515440144751105,39,1.582488007121358,-0.18361329656539904,0.4542252073344061,1
36,35,-0.38371429055733364,0.03296065010814398,0.02363744081237342,0.031240253570500864,0.023569780631576612,11,fear,0.5,0.1274762977942073,6,-1.2403284380140374,-0.2554840270540631,0.4364741566228614,0
36,35,-0.38371429055733364,0.03296065010814398,0.02363744081237342,0.031240253570500864,0.023569780631576612,12,fear,0.5,0.19901381146458244,1,-1.668027899398188,-0.2331133966761701,0.4419841373263168,0
36,35,-0.38371429055733364,0.03296065010814398,0.02363744081237342,0.031240253570500864,0.023569780631576612,13,fear,0.5,-0.07533295985117497,23,0.2138497306920754,-0.29112588150500596,0.4277282550049965,1
36,35,-0.38371429055733364,0.03296065010814398,0.02363744081237342,0.031240253570500864,0.023569780631576612,14,fear,0.5,0.01703070109921553,15,-0.4704694075225659,-0.27742923382258694,0.4310841459936344,1
36,35,-0.38371429055733364,0.03296065010814398,0.02363744081237342,0.031240253570500864,0.023569780631576612,15,fear,0.5,0.02684780492684079,3,-1.4969481148445278,-0.38561264989691885,0.4047739105665569,0
36,35,-0.38371429055733364,0.03296065010814398,0.02363744081237342,0.031240253570500864,0.023569780631576612,16,fear,0.5,0.20218327567498928,19,-0.12830983841524524,-0.05294315261282747,0.4867673026150588,0
36,35,-0.38371429055733364,0.03296065010814398,0.02363744081237342,0.031240253570500864,0.023569780631576612,17,fear,0.5,-0.1334771970566687,5,-1.3258683302908676,-0.5262708985634356,0.3713870608979003,1
36,35,-0.38371429055733364,0.03296065010814398,0.02363744081237342,0.031240253570500864,0.023569780631576612,18,fear,0.5,-0.019829893319496802,24,0.2993896229689056,-0.22578943831483134,0.4437912354108971,0
36,35,-0.38371429055733364,0.03296065010814398,0.02363744081237342,0.031240253570500864,0.023569780631576612,19,fear,0.5,0.03493782098342581,34,1.1547885457372071,-0.07268795742694434,0.48183600745291894,0
36,35,-0.38371429055733364,0.03296065010814398,0.02363744081237342,0.031240253570500864,0.023569780631576612,20,fear,0.5,0.050130844365563365,9,-0.9837087611835469,-0.30332935050721777,0.42474379820387537,1
36,35,-0.38371429055733364,0.03296065010814398,0.02363744081237342,0.031240253570500864,0.023569780631576612,21,neutral,-0.5,-0.034648782698473574,27,0.5560092997993961,0.8992940269592918,0.7108044033453284,1
36,35,-0.38371429055733364,0.03296065010814398,0.02363744081237342,0.031240253570500864,0.023569780631576612,22,neutral,-0.5,0.20511447081031445,37,1.4114082225676976,1.160137713159882,0.7613577371412772,1
36,35,-0.38371429055733364,0.03296065010814398,0.02363744081237342,0.031240253570500864,0.023569780631576612,23,neutral,-0.5,0.06768230030033125,36,1.3258683302908676,1.0205974993807188,0.735088968761453,1
36,35,-0.38371429055733364,0.03296065010814398,0.02363744081237342,0.031240253570500864,0.023569780631576612,24,neutral,-0.5,-0.08847636608881047,4,-1.4114082225676976,0.7969814483778097,0.689328413670793,1
36,35,-0.38371429055733364,0.03296065010814398,0.02363744081237342,0.031240253570500864,0.023569780631576612,25,neutral,-0.5,-0.06387461728079331,13,-0.6415491920762262,0.8405555866084489,0.6985822160597926,1
36,35,-0.38371429055733364,0.03296065010814398,0.02363744081237342,0.031240253570500864,0.023569780631576612,26,neutral,-0.5,0.020253570607942934,14,-0.5560092997993961,0.9267918177663653,0.7164239618355114,1
36,35,-0.38371429055733364,0.03296065010814398,0.02363744081237342,0.031240253570500864,0.023569780631576612,27,neutral,-0.5,-0.1657771424201549,11,-0.8126289766298865,0.7344369749307269,0.6757781800001907,0
36,35,-0.38371429055733364,0.03296065010814398,0.02363744081237342,0.031240253570500864,0.023569780631576612,28,neutral,-0.5,0.03240578810212312,29,0.7270890843530564,0.970564684298249,0.725232037039244,1
36,35,-0.38371429055733364,0.03296065010814398,0.02363744081237342,0.031240253570500864,0.023569780631576612,29,neutral,-0.5,-0.06427368638861679,8,-1.0692486534603771,0.8296163011547243,0.6962737926086915,1
36,35,-0.38371429055733364,0.03296065010814398,0.02363744081237342,0.031240253570500864,0.023569780631576612,30,neutral,-0.5,0.03388482847826553,16,-0.3849295152457357,0.9446391621750484,0.7200357933539296,1
36,35,-0.38371429055733364,0.03296065010814398,0.02363744081237342,0.031240253570500864,0.023569780631576612,31,neutral,-0.5,0.10063449276941816,31,0.8981688689067168,1.0430094755039043,0.7394302688743719,1
36,35,-0.38371429055733364,0.03296065010814398,0.02363744081237342,0.031240253570500864,0.023569780631576612,32,neutral,-0.5,-0.16523159438711074,17,-0.2993896229689056,0.7476307825788524,0.6786622395577996,1
36,35,-0.38371429055733364,0.03296065010814398,0.02363744081237342,0.031240253570500864,0.023569780631576612,33,neutral,-0.5,-0.17814514840944695,20,-0.04276994613841508,0.7410413583640568,0.6772235306562527,1
36,35,-0.38371429055733364,0.03296065010814398,0.02363744081237342,0.031240253570500864,0.023569780631576612,34,neutral,-0.5,0.20327413635404867,35,1.2403284380140374,1.1540812921652561,0.7602555918824471,0
36,35,-0.38371429055733364,0.03296065010814398,0.02363744081237342,0.031240253570500864,0.023569780631576612,35,neutral,-0.5,0.10974661130988755,26,0.4704694075225659,1.0415813776984726,0.7391550187074428,1
36,35,-0.38371429055733364,0.03296065010814398,0.02363744081237342,0.031240253570500864,0.023569780631576612,36,neutral,-0.5,-0.11455850646691589,25,0.3849295152457357,0.815168216652489,0.6932097251244593,0
36,35,-0.38371429055733364,0.03296065010814398,0.02363744081237342,0.031240253570500864,0.023569780631576612,37,neutral,-0.5,0.022093603635536613,40,1.668027899398188,0.9834409757926449,0.7277904473326324,1
36,35,-0.38371429055733364,0.03296065010814398,0.02363744081237342,0.031240253570500864,0.023569780631576612,38,neutral,-0.5,-0.03248467960018497,32,0.9837087611835469,0.9119983464034815,0.7134089121172033,0
36,35,-0.38371429055733364,0.03296065010814398,0.02363744081237342,0.031240253570500864,0.023569780631576612,39,neutral,-0.5,-0.021721780340038743,18,-0.2138497306920754,0.8932486398951045,0.7095601225763082,0
36,35,-0.38371429055733364,0.03296065010814398,0.02363744081237342,0.031240253570500864,0.023569780631576612,40,neutral,-0.5,-0.04668537349067967,7,-1.1547885457372071,0.8450965707834811,0.6995375257620219,1
37,30,-0.7162223413002569,0.04568173940533459,0.0327413877061895,0.043234460445285956,0.03255121687324951,1,fear,0.5,-0.08121017626445963,20,-0.04276994613841508,-0.1267669719689132,0.46835062908748604,0
37,30,-0.7162223413002569,0.04568173940533459,0.0327413877061895,0.043234460445285956,0.03255121687324951,2,fear,0.5,0.053067844990018875,28,0.6415491920762262,0.11595989804672498,0.5289575331812784,0
37,30,-0.7162223413002569,0.04568173940533459,0.0327413877061895,0.043234460445285956,0.03255121687324951,3,fear,0.5,-0.11676296957720594,39,1.582488007121358,0.09524625052609484,0.5237935777067871,1
37,30,-0.7162223413002569,0.04568173940533459,0.0327413877061895,0.043234460445285956,0.03255121687324951,4,fear,0.5,-0.11848507274328071,1,-1.668027899398188,-0.42160788425548856,0.3961320616458315,1
37,30,-0.7162223413002569,0.04568173940533459,0.0327413877061895,0.043234460445285956,0.03255121687324951,5,fear,0.5,-0.027683151933853067,33,1.0692486534603771,0.10298943159857792,0.5257246238738772,1
37,30,-0.7162223413002569,0.04568173940533459,0.0327413877061895,0.043234460445285956,0.03255121687324951,6,fear,0.5,0.06278918644554837,26,0.4704694075225659,0.09856902731196455,0.5246223244813668,1
37,30,-0.7162223413002569,0.04568173940533459,0.0327413877061895,0.043234460445285956,0.03255121687324951,7,fear,0.5,-0.04999597070532241,6,-1.2403284380140374,-0.28533825174180555,0.4291455213293576,0
37,30,-0.7162223413002569,0.04568173940533459,0.0327413877061895,0.043234460445285956,0.03255121687324951,8,fear,0.5,0.01022656605323173,23,0.2138497306920754,0.0053380886342130705,0.5013345189896071,1
37,30,-0.7162223413002569,0.04568173940533459,0.0327413877061895,0.043234460445285956,0.03255121687324951,9,fear,0.5,0.07192665896287707,14,-0.5560092997993961,-0.05496677331244629,0.4862617654945691,0
37,30,-0.7162223413002569,0.04568173940533459,0.0327413877061895,0.043234460445285956,0.03255121687324951,10,fear,0.5,-0.12515440144751105,12,-0.7270890843530564,-0.2791600459131243,0.4306597140135434,0
37,30,-0.7162223413002569,0.04568173940533459,0.0327413877061895,0.043234460445285956,0.03255121687324951,11,fear,0.5,0.1274762977942073,7,-1.1547885457372071,-0.09430987714713077,0.47643999071159077,1
37,30,-0.7162223413002569,0.04568173940533459,0.0327413877061895,0.043234460445285956,0.03255121687324951,12,fear,0.5,0.19901381146458244,5,-1.3258683302908676,-0.0498845756670456,0.4875314416130553,1
37,30,-0.7162223413002569,0.04568173940533459,0.0327413877061895,0.043234460445285956,0.03255121687324951,13,fear,0.5,-0.07533295985117497,11,-0.8126289766298865,-0.2428947104119332,0.439573118639227,0
37,30,-0.7162223413002569,0.04568173940533459,0.0327413877061895,0.043234460445285956,0.03255121687324951,14,fear,0.5,0.01703070109921553,31,0.8981688689067168,0.12059107244135663,0.5301112865718792,0
37,30,-0.7162223413002569,0.04568173940533459,0.0327413877061895,0.043234460445285956,0.03255121687324951,15,fear,0.5,0.02684780492684079,2,-1.582488007121358,-0.26271890049022206,0.43469546008277204,1
37,30,-0.7162223413002569,0.04568173940533459,0.0327413877061895,0.043234460445285956,0.03255121687324951,16,fear,0.5,0.20218327567498928,30,0.8126289766298865,0.29218754092198534,0.5725315946221975,1
37,30,-0.7162223413002569,0.04568173940533459,0.0327413877061895,0.043234460445285956,0.03255121687324951,17,fear,0.5,-0.1334771970566687,32,0.9837087611835469,-0.016360719619382694,0.495909911328656,0
37,30,-0.7162223413002569,0.04568173940533459,0.0327413877061895,0.043234460445285956,0.03255121687324951,18,fear,0.5,-0.019829893319496802,35,1.2403284380140374,0.1379549024032241,0.5344341316590885,0
37,30,-0.7162223413002569,0.04568173940533459,0.0327413877061895,0.043234460445285956,0.03255121687324951,19,fear,0.5,0.03493782098342581,8,-1.0692486534603771,-0.17329224786276734,0.4567850301391842,0
37,30,-0.7162223413002569,0.04568173940533459,0.0327413877061895,0.043234460445285956,0.03255121687324951,20,fear,0.5,0.050130844365563365,18,-0.2138497306920754,-0.02253816352918018,0.4943656976198445,1
37,30,-0.7162223413002569,0.04568173940533459,0.0327413877061895,0.043234460445285956,0.03255121687324951,21,neutral,-0.5,-0.034648782698473574,19,-0.12830983841524524,1.2423882432761688,0.7759794489780011,0
37,30,-0.7162223413002569,0.04568173940533459,0.0327413877061895,0.043234460445285956,0.03255121687324951,22,neutral,-0.5,0.20511447081031445,21,0.04276994613841508,1.4808994188827154,0.8147083941798025,1
37,30,-0.7162223413002569,0.04568173940533459,0.0327413877061895,0.043234460445285956,0.03255121687324951,23,neutral,-0.5,0.06768230030033125,4,-1.4114082225676976,1.3541099105417864,0.7948007360637646,1
37,30,-0.7162223413002569,0.04568173940533459,0.0327413877061895,0.043234460445285956,0.03255121687324951,24,neutral,-0.5,-0.08847636608881047,3,-1.4969481148445278,1.1985772831037658,0.7682715933878507,1
37,30,-0.7162223413002569,0.04568173940533459,0.0327413877061895,0.043234460445285956,0.03255121687324951,25,neutral,-0.5,-0.06387461728079331,25,0.3849295152457357,1.2094061749871243,0.7701938616880267,0
37,30,-0.7162223413002569,0.04568173940533459,0.0327413877061895,0.043234460445285956,0.03255121687324951,26,neutral,-0.5,0.020253570607942934,16,-0.3849295152457357,1.299168713435948,0.7856950456325074,1
37,30,-0.7162223413002569,0.04568173940533459,0.0327413877061895,0.043234460445285956,0.03255121687324951,27,neutral,-0.5,-0.1657771424201549,38,1.4969481148445278,1.0993651434831915,0.7501411337078638,1
37,30,-0.7162223413002569,0.04568173940533459,0.0327413877061895,0.043234460445285956,0.03255121687324951,28,neutral,-0.5,0.03240578810212312,34,1.1547885457372071,1.300052229809953,0.785843773102816,1
37,30,-0.7162223413002569,0.04568173940533459,0.0327413877061895,0.043234460445285956,0.03255121687324951,29,neutral,-0.5,-0.06427368638861679,24,0.2993896229689056,1.2096331448304216,0.7702340318146957,1
37,30,-0.7162223413002569,0.04568173940533459,0.0327413877061895,0.043234460445285956,0.03255121687324951,30,neutral,-0.5,0.03388482847826553,9,-0.9837087611835469,1.3171822439641165,0.7887125233464496,0
37,30,-0.7162223413002569,0.04568173940533459,0.0327413877061895,0.043234460445285956,0.03255121687324951,31,neutral,-0.5,0.10063449276941816,15,-0.4704694075225659,1.3801756745485438,0.7990192128697886,0
37,30,-0.7162223413002569,0.04568173940533459,0.0327413877061895,0.043234460445285956,0.03255121687324951,32,neutral,-0.5,-0.16523159438711074,13,-0.6415491920762262,1.115561665294257,0.7531645231848938,1
37,30,-0.7162223413002569,0.04568173940533459,0.0327413877061895,0.043234460445285956,0.03255121687324951,33,neutral,-0.5,-0.17814514840944695,36,1.3258683302908676,1.0882492153961412,0.7480518941048996,1
37,30,-0.7162223413002569,0.04568173940533459,0.0327413877061895,0.043234460445285956,0.03255121687324951,34,neutral,-0.5,0.20327413635404867,40,1.668027899398188,1.4671643443551534,0.8126259976807951,1
37,30,-0.7162223413002569,0.04568173940533459,0.0327413877061895,0.043234460445285956,0.03255121687324951,35,neutral,-0.5,0.10974661130988755,22,0.12830983841524524,1.3849055204311675,0.7997776929007945,1
37,30,-0.7162223413002569,0.04568173940533459,0.0327413877061895,0.043234460445285956,0.03255121687324951,36,neutral,-0.5,-0.11455850646691589,17,-0.2993896229689056,1.1637305974099685,0.7620099228228884,0
37,30,-0.7162223413002569,0.04568173940533459,0.0327413877061895,0.043234460445285956,0.03255121687324951,37,neutral,-0.5,0.022093603635536613,10,-0.8981688689067168,1.304764980170267,0.7866358291363438,1
37,30,-0.7162223413002569,0.04568173940533459,0.0327413877061895,0.043234460445285956,0.03255121687324951,38,neutral,-0.5,-0.03248467960018497,27,0.5560092997993961,1.239544034765491,0.7754846369481527,1
37,30,-0.7162223413002569,0.04568173940533459,0.0327413877061895,0.043234460445285956,0.03255121687324951,39,neutral,-0.5,-0.021721780340038743,29,0.7270890843530564,1.2490548561233954,0.7771362093662181,1
37,30,-0.7162223413002569,0.04568173940533459,0.0327413877061895,0.043234460445285956,0.03255121687324951,40,neutral,-0.5,-0.04668537349067967,37,1.4114082225676976,1.2190829513637877,0.7719021256377243,1
38,21,-1.3147368326375186,-0.1380603651034155,-0.09888997425337956,-0.13065257900543886,-0.09865118108646816,1,fear,0.5,-0.08121017626445963,9,-0.9837087611835469,-0.07635615022148345,0.48092023154754565,1
38,21,-1.3147368326375186,-0.1380603651034155,-0.09888997425337956,-0.13065257900543886,-0.09865118108646816,2,fear,0.5,0.053067844990018875,13,-0.6415491920762262,0.06309215879004688,0.5157678095723179,0
38,21,-1.3147368326375186,-0.1380603651034155,-0.09888997425337956,-0.13065257900543886,-0.09865118108646816,3,fear,0.5,-0.11676296957720594,19,-0.12830983841524524,-0.09898322414160014,0.4752743784766738,0
38,21,-1.3147368326375186,-0.1380603651034155,-0.09888997425337956,-0.13065257900543886,-0.09865118108646816,4,fear,0.5,-0.11848507274328071,38,1.4969481148445278,-0.07614646046167858,0.48097257786178454,0
38,21,-1.3147368326375186,-0.1380603651034155,-0.09888997425337956,-0.13065257900543886,-0.09865118108646816,5,fear,0.5,-0.027683151933853067,39,1.582488007121358,0.015948032287012137,0.5039869235693546,0
38,21,-1.3147368326375186,-0.1380603651034155,-0.09888997425337956,-0.13065257900543886,-0.09865118108646816,6,fear,0.5,0.06278918644554837,15,-0.4704694075225659,0.07539864412410227,0.5188407361476789,0
38,21,-1.3147368326375186,-0.1380603651034155,-0.09888997425337956,-0.13065257900543886,-0.09865118108646816,7,fear,0.5,-0.04999597070532241,18,-0.2138497306920754,-0.03350879720897957,0.4916235844639337,1
38,21,-1.3147368326375186,-0.1380603651034155,-0.09888997425337956,-0.13065257900543886,-0.09865118108646816,8,fear,0.5,0.01022656605323173,20,-0.04276994613841508,0.02929888342810055,0.5073241969253046,1
38,21,-1.3147368326375186,-0.1380603651034155,-0.09888997425337956,-0.13065257900543886,-0.09865118108646816,9,fear,0.5,0.07192665896287707,22,0.12830983841524524,0.09358412021627184,0.523378969816906,0
38,21,-1.3147368326375186,-0.1380603651034155,-0.09888997425337956,-0.13065257900543886,-0.09865118108646816,10,fear,0.5,-0.12515440144751105,11,-0.8126289766298865,-0.11771523152600902,0.47060512770630025,1
38,21,-1.3147368326375186,-0.1380603651034155,-0.09888997425337956,-0.13065257900543886,-0.09865118108646816,11,fear,0.5,0.1274762977942073,24,0.2993896229689056,0.15171890292612794,0.5378571353074558,0
38,21,-1.3147368326375186,-0.1380603651034155,-0.09888997425337956,-0.13065257900543886,-0.09865118108646816,12,fear,0.5,0.19901381146458244,34,1.1547885457372071,0.23618213598913274,0.5587725832983816,0
38,21,-1.3147368326375186,-0.1380603651034155,-0.09888997425337956,-0.13065257900543886,-0.09865118108646816,13,fear,0.5,-0.07533295985117497,30,0.8126289766298865,-0.04333492308367652,0.4891679643133901,1
38,21,-1.3147368326375186,-0.1380603651034155,-0.09888997425337956,-0.13065257900543886,-0.09865118108646816,14,fear,0.5,0.01703070109921553,33,1.0692486534603771,0.05290645368450292,0.5132235290745482,1
38,21,-1.3147368326375186,-0.1380603651034155,-0.09888997425337956,-0.13065257900543886,-0.09865118108646816,15,fear,0.5,0.02684780492684079,7,-1.1547885457372071,0.029116687091290977,0.5072786575541735,1
38,21,-1.3147368326375186,-0.1380603651034155,-0.09888997425337956,-0.13065257900543886,-0.09865118108646816,16,fear,0.5,0.20218327567498928,23,0.2138497306920754,0.2251333088676468,0.55604679925172,0
38,21,-1.3147368326375186,-0.1380603651034155,-0.09888997425337956,-0.13065257900543886,-0.09865118108646816,17,fear,0.5,-0.1334771970566687,31,0.8981688689067168,-0.1001865883499072,0.47497428207421927,1
38,21,-1.3147368326375186,-0.1380603651034155,-0.09888997425337956,-0.13065257900543886,-0.09865118108646816,18,fear,0.5,-0.019829893319496802,26,0.4704694075225659,0.006997855690949871,0.501749456783504,0
38,21,-1.3147368326375186,-0.1380603651034155,-0.09888997425337956,-0.13065257900543886,-0.09865118108646816,19,fear,0.5,0.03493782098342581,10,-0.8981688689067168,0.04108441896566491,0.5102696602435282,1
38,21,-1.3147368326375186,-0.1380603651034155,-0.09888997425337956,-0.13065257900543886,-0.09865118108646816,20,fear,0.5,0.050130844365563365,14,-0.5560092997993961,0.06144773010485435,0.515357100688424,0
38,21,-1.3147368326375186,-0.1380603651034155,-0.09888997425337956,-0.13065257900543886,-0.09865118108646816,21,neutral,-0.5,-0.034648782698473574,28,0.6415491920762262,1.6837965124045575,0.8434065977189936,1
38,21,-1.3147368326375186,-0.1380603651034155,-0.09888997425337956,-0.13065257900543886,-0.09865118108646816,22,neutral,-0.5,0.20511447081031445,16,-0.3849295152457357,2.0664306516184134,0.8875973459930704,0
38,21,-1.3147368326375186,-0.1380603651034155,-0.09888997425337956,-0.13065257900543886,-0.09865118108646816,23,neutral,-0.5,0.06768230030033125,2,-1.582488007121358,2.0956811810976768,0.8904827032660156,1
38,21,-1.3147368326375186,-0.1380603651034155,-0.09888997425337956,-0.13065257900543886,-0.09865118108646816,24,neutral,-0.5,-0.08847636608881047,40,1.668027899398188,1.487098043309152,0.8156423051845029,1
38,21,-1.3147368326375186,-0.1380603651034155,-0.09888997425337956,-0.13065257900543886,-0.09865118108646816,25,neutral,-0.5,-0.06387461728079331,4,-1.4114082225676976,1.940312449232374,0.8743864652902429,0
38,21,-1.3147368326375186,-0.1380603651034155,-0.09888997425337956,-0.13065257900543886,-0.09865118108646816,26,neutral,-0.5,0.020253570607942934,37,1.4114082225676976,1.6315457014321726,0.8363812743638176,1
38,21,-1.3147368326375186,-0.1380603651034155,-0.09888997425337956,-0.13065257900543886,-0.09865118108646816,27,neutral,-0.5,-0.1657771424201549,27,0.5560092997993961,1.564574059824965,0.8270087213340236,1
38,21,-1.3147368326375186,-0.1380603651034155,-0.09888997425337956,-0.13065257900543886,-0.09865118108646816,28,neutral,-0.5,0.03240578810212312,21,0.04276994613841508,1.834192433199777,0.8622604078479998,1
38,21,-1.3147368326375186,-0.1380603651034155,-0.09888997425337956,-0.13065257900543886,-0.09865118108646816,29,neutral,-0.5,-0.06427368638861679,1,-1.668027899398188,1.9756311015508181,0.8782146639690741,1
38,21,-1.3147368326375186,-0.1380603651034155,-0.09888997425337956,-0.13065257900543886,-0.09865118108646816,30,neutral,-0.5,0.03388482847826553,6,-1.2403284380140374,2.014260080707255,0.8822861836084179,1
38,21,-1.3147368326375186,-0.1380603651034155,-0.09888997425337956,-0.13065257900543886,-0.09865118108646816,31,neutral,-0.5,0.10063449276941816,3,-1.4969481148445278,2.1167274664246745,0.8925184006584483,0
38,21,-1.3147368326375186,-0.1380603651034155,-0.09888997425337956,-0.13065257900543886,-0.09865118108646816,32,neutral,-0.5,-0.16523159438711074,25,0.3849295152457357,1.5889314221421873,0.8304657085311291,1
38,21,-1.3147368326375186,-0.1380603651034155,-0.09888997425337956,-0.13065257900543886,-0.09865118108646816,33,neutral,-0.5,-0.17814514840944695,5,-1.3258683302908676,1.8141360109616318,0.859861006010514,1
38,21,-1.3147368326375186,-0.1380603651034155,-0.09888997425337956,-0.13065257900543886,-0.09865118108646816,34,neutral,-0.5,0.20327413635404867,36,1.3258683302908676,1.8264721743203671,0.8613409258083963,0
38,21,-1.3147368326375186,-0.1380603651034155,-0.09888997425337956,-0.13065257900543886,-0.09865118108646816,35,neutral,-0.5,0.10974661130988755,35,1.2403284380140374,1.7448505564182952,0.8513021288223228,1
38,21,-1.3147368326375186,-0.1380603651034155,-0.09888997425337956,-0.13065257900543886,-0.09865118108646816,36,neutral,-0.5,-0.11455850646691589,8,-1.0692486534603771,1.8420049314778955,0.8631856546304465,1
38,21,-1.3147368326375186,-0.1380603651034155,-0.09888997425337956,-0.13065257900543886,-0.09865118108646816,37,neutral,-0.5,0.022093603635536613,12,-0.7270890843530564,1.9310334130119917,0.8733637589501925,1
38,21,-1.3147368326375186,-0.1380603651034155,-0.09888997425337956,-0.13065257900543886,-0.09865118108646816,38,neutral,-0.5,-0.03248467960018497,32,0.9837087611835469,1.63833698693449,0.837308523916003,0
38,21,-1.3147368326375186,-0.1380603651034155,-0.09888997425337956,-0.13065257900543886,-0.09865118108646816,39,neutral,-0.5,-0.021721780340038743,29,0.7270890843530564,1.6848176076209032,0.8435414084299212,1
38,21,-1.3147368326375186,-0.1380603651034155,-0.09888997425337956,-0.13065257900543886,-0.09865118108646816,40,neutral,-0.5,-0.04668537349067967,17,-0.2993896229689056,1.8027249001753303,0.8584803117979823,1
39,62,1.4118291834544519,0.2886593141090886,0.2064894890098948,0.27327190039464155,0.20649725914002953,1,fear,0.5,-0.08121017626445963,23,0.2138497306920754,-0.883733047893317,0.2924047973653329,0
39,62,1.4118291834544519,0.2886593141090886,0.2064894890098948,0.27327190039464155,0.20649725914002953,2,fear,0.5,0.053067844990018875,16,-0.3849295152457357,-0.8857811885399476,0.2919812086494282,0
39,62,1.4118291834544519,0.2886593141090886,0.2064894890098948,0.27327190039464155,0.20649725914002953,3,fear,0.5,-0.11676296957720594,32,0.9837087611835469,-0.744009347333208,0.3221280327847041,0
39,62,1.4118291834544519,0.2886593141090886,0.2064894890098948,0.27327190039464155,0.20649725914002953,4,fear,0.5,-0.11848507274328071,13,-0.6415491920762262,-1.115759604230866,0.24679868028190602,0
39,62,1.4118291834544519,0.2886593141090886,0.2064894890098948,0.27327190039464155,0.20649725914002953,5,fear,0.5,-0.027683151933853067,19,-0.12830983841524524,-0.9081066875062014,0.28738742373386633,0
39,62,1.4118291834544519,0.2886593141090886,0.2064894890098948,0.27327190039464155,0.20649725914002953,6,fear,0.5,0.06278918644554837,9,-0.9837087611835469,-1.0123860089855277,0.2665131646544435,1
39,62,1.4118291834544519,0.2886593141090886,0.2064894890098948,0.27327190039464155,0.20649725914002953,7,fear,0.5,-0.04999597070532241,38,1.4969481148445278,-0.5603913525460882,0.3634569131271481,0
39,62,1.4118291834544519,0.2886593141090886,0.2064894890098948,0.27327190039464155,0.20649725914002953,8,fear,0.5,0.01022656605323173,14,-0.5560092997993961,-0.9675727994484803,0.275364559021101,0
39,62,1.4118291834544519,0.2886593141090886,0.2064894890098948,0.27327190039464155,0.20649725914002953,9,fear,0.5,0.07192665896287707,12,-0.7270890843530564,-0.9448230385105809,0.27992714157267906,0
39,62,1.4118291834544519,0.2886593141090886,0.2064894890098948,0.27327190039464155,0.20649725914002953,10,fear,0.5,-0.12515440144751105,35,1.2403284380140374,-0.693975281245895,0.3331493363638619,1
39,62,1.4118291834544519,0.2886593141090886,0.2064894890098948,0.27327190039464155,0.20649725914002953,11,fear,0.5,0.1274762977942073,4,-1.4114082225676976,-1.0450747275662327,0.2601720093211576,0
39,62,1.4118291834544519,0.2886593141090886,0.2064894890098948,0.27327190039464155,0.20649725914002953,12,fear,0.5,0.19901381146458244,1,-1.668027899398188,-1.0319627118534758,0.2627037685122238,0
39,62,1.4118291834544519,0.2886593141090886,0.2064894890098948,0.27327190039464155,0.20649725914002953,13,fear,0.5,-0.07533295985117497,24,0.2993896229689056,-0.8583806654941594,0.29767778203487444,0
39,62,1.4118291834544519,0.2886593141090886,0.2064894890098948,0.27327190039464155,0.20649725914002953,14,fear,0.5,0.01703070109921553,6,-1.2403284380140374,-1.1165699922894787,0.24664806889416457,1
39,62,1.4118291834544519,0.2886593141090886,0.2064894890098948,0.27327190039464155,0.20649725914002953,15,fear,0.5,0.02684780492684079,8,-1.0692486534603771,-1.0678025564901081,0.2558212017309661,0
39,62,1.4118291834544519,0.2886593141090886,0.2064894890098948,0.27327190039464155,0.20649725914002953,16,fear,0.5,0.20218327567498928,26,0.4704694075225659,-0.5419140979962497,0.36774242673574464,0
39,62,1.4118291834544519,0.2886593141090886,0.2064894890098948,0.27327190039464155,0.20649725914002953,17,fear,0.5,-0.1334771970566687,40,1.668027899398188,-0.604922246925689,0.35321837032978537,0
39,62,1.4118291834544519,0.2886593141090886,0.2064894890098948,0.27327190039464155,0.20649725914002953,18,fear,0.5,-0.019829893319496802,29,0.7270890843530564,-0.7055017690331175,0.3305935455689717,0
39,62,1.4118291834544519,0.2886593141090886,0.2064894890098948,0.27327190039464155,0.20649725914002953,19,fear,0.5,0.03493782098342581,22,0.12830983841524524,-0.7870602166313043,0.3128002462038707,0
39,62,1.4118291834544519,0.2886593141090886,0.2064894890098948,0.27327190039464155,0.20649725914002953,20,fear,0.5,0.050130844365563365,17,-0.2993896229689056,-0.8692430231785305,0.29541183754125233,0
39,62,1.4118291834544519,0.2886593141090886,0.2064894890098948,0.27327190039464155,0.20649725914002953,21,neutral,-0.5,-0.034648782698473574,27,0.5560092997993961,-0.6907137548268829,0.3338743137463362,1
39,62,1.4118291834544519,0.2886593141090886,0.2064894890098948,0.27327190039464155,0.20649725914002953,22,neutral,-0.5,0.20511447081031445,15,-0.4704694075225659,-0.7727947596325514,0.31587485394439807,0
39,62,1.4118291834544519,0.2886593141090886,0.2064894890098948,0.27327190039464155,0.20649725914002953,23,neutral,-0.5,0.06768230030033125,10,-0.8981688689067168,-1.044328704440225,0.26031563143334485,0
39,62,1.4118291834544519,0.2886593141090886,0.2064894890098948,0.27327190039464155,0.20649725914002953,24,neutral,-0.5,-0.08847636608881047,7,-1.1547885457372071,-1.2809484354079805,0.2173888221366385,0
39,62,1.4118291834544519,0.2886593141090886,0.2064894890098948,0.27327190039464155,0.20649725914002953,25,neutral,-0.5,-0.06387461728079331,21,0.04276994613841508,-0.8808617185664308,0.2929992414784667,0
39,62,1.4118291834544519,0.2886593141090886,0.2064894890098948,0.27327190039464155,0.20649725914002953,26,neutral,-0.5,0.020253570607942934,31,0.8981688689067168,-0.5285299820823143,0.37085981158465314,0
39,62,1.4118291834544519,0.2886593141090886,0.2064894890098948,0.27327190039464155,0.20649725914002953,27,neutral,-0.5,-0.1657771424201549,2,-1.582488007121358,-1.4923509860370152,0.18356911946940774,0
39,62,1.4118291834544519,0.2886593141090886,0.2064894890098948,0.27327190039464155,0.20649725914002953,28,neutral,-0.5,0.03240578810212312,18,-0.2138497306920754,-0.8650423777621286,0.2962869261188678,1
39,62,1.4118291834544519,0.2886593141090886,0.2064894890098948,0.27327190039464155,0.20649725914002953,29,neutral,-0.5,-0.06427368638861679,34,1.1547885457372071,-0.5325961745002596,0.3699115753703759,0
39,62,1.4118291834544519,0.2886593141090886,0.2064894890098948,0.27327190039464155,0.20649725914002953,30,neutral,-0.5,0.03388482847826553,20,-0.04276994613841508,-0.8099226276669103,0.3079069835184559,0
39,62,1.4118291834544519,0.2886593141090886,0.2064894890098948,0.27327190039464155,0.20649725914002953,31,neutral,-0.5,0.10063449276941816,37,1.4114082225676976,-0.2872269307636108,0.4286828954638787,1
39,62,1.4118291834544519,0.2886593141090886,0.2064894890098948,0.27327190039464155,0.20649725914002953,32,neutral,-0.5,-0.16523159438711074,39,1.582488007121358,-0.4994523082010637,0.37766938703394864,0
39,62,1.4118291834544519,0.2886593141090886,0.2064894890098948,0.27327190039464155,0.20649725914002953,33,neutral,-0.5,-0.17814514840944695,25,0.3849295152457357,-0.8878508302569326,0.2915535396535449,1
39,62,1.4118291834544519,0.2886593141090886,0.2064894890098948,0.27327190039464155,0.20649725914002953,34,neutral,-0.5,0.20327413635404867,28,0.6415491920762262,-0.42597048091482265,0.39508895288951,0
39,62,1.4118291834544519,0.2886593141090886,0.2064894890098948,0.27327190039464155,0.20649725914002953,35,neutral,-0.5,0.10974661130988755,11,-0.8126289766298865,-0.9754440385711305,0.2737967207606327,0
39,62,1.4118291834544519,0.2886593141090886,0.2064894890098948,0.27327190039464155,0.20649725914002953,36,neutral,-0.5,-0.11455850646691589,3,-1.4969481148445278,-1.4143119952242384,0.19555483224812692,0
39,62,1.4118291834544519,0.2886593141090886,0.2064894890098948,0.27327190039464155,0.20649725914002953,37,neutral,-0.5,0.022093603635536613,5,-1.3258683302908676,-1.2240191754027097,0.22722992387586,0
39,62,1.4118291834544519,0.2886593141090886,0.2064894890098948,0.27327190039464155,0.20649725914002953,38,neutral,-0.5,-0.03248467960018497,33,1.0692486534603771,-0.5276275225713661,0.37107040050376405,0
39,62,1.4118291834544519,0.2886593141090886,0.2064894890098948,0.27327190039464155,0.20649725914002953,39,neutral,-0.5,-0.021721780340038743,36,1.3258683302908676,-0.43640355873260583,0.3925982620754386,1
39,62,1.4118291834544519,0.2886593141090886,0.2064894890098948,0.27327190039464155,0.20649725914002953,40,neutral,-0.5,-0.04668537349067967,30,0.8126289766298865,-0.622289281040475,0.3492609694117012,1
40,31,-0.6497207311516723,0.3805211809377022,0.27228802561235416,0.36024414550695383,0.27211496236503296,1,fear,0.5,-0.08121017626445963,14,-0.5560092997993961,0.05220259256856949,0.5130476852445193,1
40,31,-0.6497207311516723,0.3805211809377022,0.27228802561235416,0.36024414550695383,0.27211496236503296,2,fear,0.5,0.053067844990018875,30,0.8126289766298865,0.8869775664176812,0.7082660548090309,1
40,31,-0.6497207311516723,0.3805211809377022,0.27228802561235416,0.36024414550695383,0.27211496236503296,3,fear,0.5,-0.11676296957720594,20,-0.04276994613841508,0.2793361564788107,0.5693834663476132,0
40,31,-0.6497207311516723,0.3805211809377022,0.27228802561235416,0.36024414550695383,0.27211496236503296,4,fear,0.5,-0.11848507274328071,15,-0.4704694075225659,0.05870875562691297,0.5146729746816628,1
40,31,-0.6497207311516723,0.3805211809377022,0.27228802561235416,0.36024414550695383,0.27211496236503296,5,fear,0.5,-0.027683151933853067,11,-0.8126289766298865,-0.025613561712317698,0.4935969596300702,1
40,31,-0.6497207311516723,0.3805211809377022,0.27228802561235416,0.36024414550695383,0.27211496236503296,6,fear,0.5,0.06278918644554837,1,-1.668027899398188,-0.37295181870456184,0.4078279511266697,0
40,31,-0.6497207311516723,0.3805211809377022,0.27228802561235416,0.36024414550695383,0.27211496236503296,7,fear,0.5,-0.04999597070532241,34,1.1547885457372071,0.9590379888709981,0.7229291531321269,1
40,31,-0.6497207311516723,0.3805211809377022,0.27228802561235416,0.36024414550695383,0.27211496236503296,8,fear,0.5,0.01022656605323173,23,0.2138497306920754,0.537668870720742,0.6312699712204839,1
40,31,-0.6497207311516723,0.3805211809377022,0.27228802561235416,0.36024414550695383,0.27211496236503296,9,fear,0.5,0.07192665896287707,19,-0.12830983841524524,0.4242447254817291,0.60449852789767,1
40,31,-0.6497207311516723,0.3805211809377022,0.27228802561235416,0.36024414550695383,0.27211496236503296,10,fear,0.5,-0.12515440144751105,21,0.04276994613841508,0.3147257841456701,0.5780383503225879,1
40,31,-0.6497207311516723,0.3805211809377022,0.27228802561235416,0.36024414550695383,0.27211496236503296,11,fear,0.5,0.1274762977942073,12,-0.7270890843530564,0.17332694755290723,0.5432235799676007,0
40,31,-0.6497207311516723,0.3805211809377022,0.27228802561235416,0.36024414550695383,0.27211496236503296,12,fear,0.5,0.19901381146458244,2,-1.582488007121358,-0.19294613414836337,0.45191255809877545,0
40,31,-0.6497207311516723,0.3805211809377022,0.27228802561235416,0.36024414550695383,0.27211496236503296,13,fear,0.5,-0.07533295985117497,7,-1.1547885457372071,-0.24838760777829785,0.43822040349953234,0
40,31,-0.6497207311516723,0.3805211809377022,0.27228802561235416,0.36024414550695383,0.27211496236503296,14,fear,0.5,0.01703070109921553,40,1.668027899398188,1.2887510178985233,0.7839357109737543,1
40,31,-0.6497207311516723,0.3805211809377022,0.27228802561235416,0.36024414550695383,0.27211496236503296,15,fear,0.5,0.02684780492684079,18,-0.2138497306920754,0.3353848119085282,0.5830690047885981,0
40,31,-0.6497207311516723,0.3805211809377022,0.27228802561235416,0.36024414550695383,0.27211496236503296,16,fear,0.5,0.20218327567498928,16,-0.3849295152457357,0.42315816358234765,0.6042387231423656,1
40,31,-0.6497207311516723,0.3805211809377022,0.27228802561235416,0.36024414550695383,0.27211496236503296,17,fear,0.5,-0.1334771970566687,22,0.12830983841524524,0.3501840480736771,0.5866622093841398,0
40,31,-0.6497207311516723,0.3805211809377022,0.27228802561235416,0.36024414550695383,0.27211496236503296,18,fear,0.5,-0.019829893319496802,32,0.9837087611835469,0.9016419471824946,0.7112868063686624,1
40,31,-0.6497207311516723,0.3805211809377022,0.27228802561235416,0.36024414550695383,0.27211496236503296,19,fear,0.5,0.03493782098342581,29,0.7270890843530564,0.8250664828739236,0.695310754173895,0
40,31,-0.6497207311516723,0.3805211809377022,0.27228802561235416,0.36024414550695383,0.27211496236503296,20,fear,0.5,0.050130844365563365,36,1.3258683302908676,1.1467269230162132,0.7589125683681933,1
40,31,-0.6497207311516723,0.3805211809377022,0.27228802561235416,0.36024414550695383,0.27211496236503296,21,neutral,-0.5,-0.034648782698473574,28,0.6415491920762262,1.4247898353582584,0.8060882134530596,1
40,31,-0.6497207311516723,0.3805211809377022,0.27228802561235416,0.36024414550695383,0.27211496236503296,22,neutral,-0.5,0.20511447081031445,31,0.8981688689067168,1.695286185732347,0.8449180804262711,1
40,31,-0.6497207311516723,0.3805211809377022,0.27228802561235416,0.36024414550695383,0.27211496236503296,23,neutral,-0.5,0.06768230030033125,26,0.4704694075225659,1.5066321871135298,0.8185615607422927,1
40,31,-0.6497207311516723,0.3805211809377022,0.27228802561235416,0.36024414550695383,0.27211496236503296,24,neutral,-0.5,-0.08847636608881047,6,-1.2403284380140374,1.1455862082890522,0.7587037966801237,1
40,31,-0.6497207311516723,0.3805211809377022,0.27228802561235416,0.36024414550695383,0.27211496236503296,25,neutral,-0.5,-0.06387461728079331,17,-0.2993896229689056,1.282875978936504,0.7829389339762503,1
40,31,-0.6497207311516723,0.3805211809377022,0.27228802561235416,0.36024414550695383,0.27211496236503296,26,neutral,-0.5,0.020253570607942934,33,1.0692486534603771,1.530914016773509,0.822140006417748,1
40,31,-0.6497207311516723,0.3805211809377022,0.27228802561235416,0.36024414550695383,0.27211496236503296,27,neutral,-0.5,-0.1657771424201549,35,1.2403284380140374,1.3653720349889447,0.7966314070598265,0
40,31,-0.6497207311516723,0.3805211809377022,0.27228802561235416,0.36024414550695383,0.27211496236503296,28,neutral,-0.5,0.03240578810212312,27,0.5560092997993961,1.4816000405370884,0.8148141357430927,1
40,31,-0.6497207311516723,0.3805211809377022,0.27228802561235416,0.36024414550695383,0.27211496236503296,29,neutral,-0.5,-0.06427368638861679,38,1.4969481148445278,1.497608587885783,0.8172175346517068,1
40,31,-0.6497207311516723,0.3805211809377022,0.27228802561235416,0.36024414550695383,0.27211496236503296,30,neutral,-0.5,0.03388482847826553,37,1.4114082225676976,1.5855227371308986,0.8299852507866592,1
40,31,-0.6497207311516723,0.3805211809377022,0.27228802561235416,0.36024414550695383,0.27211496236503296,31,neutral,-0.5,0.10063449276941816,24,0.2993896229689056,1.519095648339083,0.8204052716087968,0
40,31,-0.6497207311516723,0.3805211809377022,0.27228802561235416,0.36024414550695383,0.27211496236503296,32,neutral,-0.5,-0.16523159438711074,25,0.3849295152457357,1.2634739268043211,0.7796235452268216,0
40,31,-0.6497207311516723,0.3805211809377022,0.27228802561235416,0.36024414550695383,0.27211496236503296,33,neutral,-0.5,-0.17814514840944695,39,1.582488007121358,1.39398149148672,0.8012271049413302,1
40,31,-0.6497207311516723,0.3805211809377022,0.27228802561235416,0.36024414550695383,0.27211496236503296,34,neutral,-0.5,0.20327413635404867,8,-1.0692486534603771,1.457825441975445,0.8111998564711511,1
40,31,-0.6497207311516723,0.3805211809377022,0.27228802561235416,0.36024414550695383,0.27211496236503296,35,neutral,-0.5,0.10974661130988755,5,-1.3258683302908676,1.3335648200659835,0.7914296864745535,1
40,31,-0.6497207311516723,0.3805211809377022,0.27228802561235416,0.36024414550695383,0.27211496236503296,36,neutral,-0.5,-0.11455850646691589,13,-0.6415491920762262,1.1912146272633144,0.7669582289624264,1
40,31,-0.6497207311516723,0.3805211809377022,0.27228802561235416,0.36024414550695383,0.27211496236503296,37,neutral,-0.5,0.022093603635536613,10,-0.8981688689067168,1.2971336405004665,0.7853521842031979,1
40,31,-0.6497207311516723,0.3805211809377022,0.27228802561235416,0.36024414550695383,0.27211496236503296,38,neutral,-0.5,-0.03248467960018497,3,-1.4969481148445278,1.1708447979123777,0.7632976829729836,1
40,31,-0.6497207311516723,0.3805211809377022,0.27228802561235416,0.36024414550695383,0.27211496236503296,39,neutral,-0.5,-0.021721780340038743,9,-0.9837087611835469,1.2430738909031245,0.776098616214871,0
40,31,-0.6497207311516723,0.3805211809377022,0.27228802561235416,0.36024414550695383,0.27211496236503296,40,neutral,-0.5,-0.04668537349067967,4,-1.4114082225676976,1.1668884696436495,0.7625821315623346,1
41,28,-0.8492255615974261,-0.34540710991214707,-0.24713503339811005,-0.3269006094245862,-0.24684649431229141,1,fear,0.5,-0.08121017626445963,18,-0.2138497306920754,-0.569717580577212,0.3613019942125984,0
41,28,-0.8492255615974261,-0.34540710991214707,-0.24713503339811005,-0.3269006094245862,-0.24684649431229141,2,fear,0.5,0.053067844990018875,3,-1.4969481148445278,-0.11578385072411249,0.4710863312503798,1
41,28,-0.8492255615974261,-0.34540710991214707,-0.24713503339811005,-0.3269006094245862,-0.24684649431229141,3,fear,0.5,-0.11676296957720594,8,-1.0692486534603771,-0.3921665681575442,0.40319585250632434,0
41,28,-0.8492255615974261,-0.34540710991214707,-0.24713503339811005,-0.3269006094245862,-0.24684649431229141,4,fear,0.5,-0.11848507274328071,10,-0.8981688689067168,-0.43650943247010177,0.39257301519584703,1
41,28,-0.8492255615974261,-0.34540710991214707,-0.24713503339811005,-0.3269006094245862,-0.24684649431229141,5,fear,0.5,-0.027683151933853067,36,1.3258683302908676,-0.8997774065649504,0.2890962425421311,1
41,28,-0.8492255615974261,-0.34540710991214707,-0.24713503339811005,-0.3269006094245862,-0.24684649431229141,6,fear,0.5,0.06278918644554837,38,1.4969481148445278,-0.8519258293320316,0.29902902698121375,0
41,28,-0.8492255615974261,-0.34540710991214707,-0.24713503339811005,-0.3269006094245862,-0.24684649431229141,7,fear,0.5,-0.04999597070532241,27,0.5560092997993961,-0.7302968001772472,0.32512960004119296,0
41,28,-0.8492255615974261,-0.34540710991214707,-0.24713503339811005,-0.3269006094245862,-0.24684649431229141,8,fear,0.5,0.01022656605323173,29,0.7270890843530564,-0.7126950245651757,0.3290036119896408,1
41,28,-0.8492255615974261,-0.34540710991214707,-0.24713503339811005,-0.3269006094245862,-0.24684649431229141,9,fear,0.5,0.07192665896287707,7,-1.1547885457372071,-0.18216655904421986,0.4545838840102759,0
41,28,-0.8492255615974261,-0.34540710991214707,-0.24713503339811005,-0.3269006094245862,-0.24684649431229141,10,fear,0.5,-0.12515440144751105,33,1.0692486534603771,-0.9333175143588841,0.28225214773196733,0
41,28,-0.8492255615974261,-0.34540710991214707,-0.24713503339811005,-0.3269006094245862,-0.24684649431229141,11,fear,0.5,0.1274762977942073,4,-1.4114082225676976,-0.06268577849316538,0.4843336851150347,0
41,28,-0.8492255615974261,-0.34540710991214707,-0.24713503339811005,-0.3269006094245862,-0.24684649431229141,12,fear,0.5,0.19901381146458244,28,0.6415491920762262,-0.5025973985805837,0.376930464923722,0
41,28,-0.8492255615974261,-0.34540710991214707,-0.24713503339811005,-0.3269006094245862,-0.24684649431229141,13,fear,0.5,-0.07533295985117497,40,1.668027899398188,-1.0326687367752376,0.26256704110574536,1
41,28,-0.8492255615974261,-0.34540710991214707,-0.24713503339811005,-0.3269006094245862,-0.24684649431229141,14,fear,0.5,0.01703070109921553,6,-1.2403284380140374,-0.21575213633463997,0.4462702265963466,1
41,28,-0.8492255615974261,-0.34540710991214707,-0.24713503339811005,-0.3269006094245862,-0.24684649431229141,15,fear,0.5,0.02684780492684079,25,0.3849295152457357,-0.6108322633986012,0.35186937077025415,1
41,28,-0.8492255615974261,-0.34540710991214707,-0.24713503339811005,-0.3269006094245862,-0.24684649431229141,16,fear,0.5,0.20218327567498928,15,-0.4704694075225659,-0.2223929869180388,0.44462977670599707,1
41,28,-0.8492255615974261,-0.34540710991214707,-0.24713503339811005,-0.3269006094245862,-0.24684649431229141,17,fear,0.5,-0.1334771970566687,39,1.582488007121358,-1.0695025934074902,0.25549768866053524,1
41,28,-0.8492255615974261,-0.34540710991214707,-0.24713503339811005,-0.3269006094245862,-0.24684649431229141,18,fear,0.5,-0.019829893319496802,9,-0.9837087611835469,-0.3165438724730766,0.4215182627547464,0
41,28,-0.8492255615974261,-0.34540710991214707,-0.24713503339811005,-0.3269006094245862,-0.24684649431229141,19,fear,0.5,0.03493782098342581,14,-0.5560092997993961,-0.3683280610363609,0.40894508265788815,1
41,28,-0.8492255615974261,-0.34540710991214707,-0.24713503339811005,-0.3269006094245862,-0.24684649431229141,20,fear,0.5,0.050130844365563365,16,-0.3849295152457357,-0.3957557988007061,0.40233248058765436,1
41,28,-0.8492255615974261,-0.34540710991214707,-0.24713503339811005,-0.3269006094245862,-0.24684649431229141,21,neutral,-0.5,-0.034648782698473574,13,-0.6415491920762262,1.2790934397512805,0.7822954202987153,0
41,28,-0.8492255615974261,-0.34540710991214707,-0.24713503339811005,-0.3269006094245862,-0.24684649431229141,22,neutral,-0.5,0.20511447081031445,24,0.2993896229689056,1.3663054842340128,0.7967825931201796,1
41,28,-0.8492255615974261,-0.34540710991214707,-0.24713503339811005,-0.3269006094245862,-0.24684649431229141,23,neutral,-0.5,0.06768230030033125,19,-0.12830983841524524,1.2982147723722368,0.7855343788435443,1
41,28,-0.8492255615974261,-0.34540710991214707,-0.24713503339811005,-0.3269006094245862,-0.24684649431229141,24,neutral,-0.5,-0.08847636608881047,22,0.12830983841524524,1.1004512307941707,0.750344643106831,1
41,28,-0.8492255615974261,-0.34540710991214707,-0.24713503339811005,-0.3269006094245862,-0.24684649431229141,25,neutral,-0.5,-0.06387461728079331,37,1.4114082225676976,0.917028603657567,0.7144362765509203,1
41,28,-0.8492255615974261,-0.34540710991214707,-0.24713503339811005,-0.3269006094245862,-0.24684649431229141,26,neutral,-0.5,0.020253570607942934,31,0.8981688689067168,1.0843665419241517,0.7473194211066915,1
41,28,-0.8492255615974261,-0.34540710991214707,-0.24713503339811005,-0.3269006094245862,-0.24684649431229141,27,neutral,-0.5,-0.1657771424201549,20,-0.04276994613841508,1.0508870379221094,0.7409451984274709,1
41,28,-0.8492255615974261,-0.34540710991214707,-0.24713503339811005,-0.3269006094245862,-0.24684649431229141,28,neutral,-0.5,0.03240578810212312,2,-1.582488007121358,1.4986992195779325,0.8173803892598603,0
41,28,-0.8492255615974261,-0.34540710991214707,-0.24713503339811005,-0.3269006094245862,-0.24684649431229141,29,neutral,-0.5,-0.06427368638861679,23,0.2138497306920754,1.1107856187647231,0.7522755460487931,1
41,28,-0.8492255615974261,-0.34540710991214707,-0.24713503339811005,-0.3269006094245862,-0.24684649431229141,30,neutral,-0.5,0.03388482847826553,11,-0.8126289766298865,1.3753636343873024,0.798245347304621,1
41,28,-0.8492255615974261,-0.34540710991214707,-0.24713503339811005,-0.3269006094245862,-0.24684649431229141,31,neutral,-0.5,0.10063449276941816,1,-1.668027899398188,1.580796215974869,0.829317252020101,0
41,28,-0.8492255615974261,-0.34540710991214707,-0.24713503339811005,-0.3269006094245862,-0.24684649431229141,32,neutral,-0.5,-0.16523159438711074,5,-1.3258683302908676,1.2594569618997742,0.7789326126306849,1
41,28,-0.8492255615974261,-0.34540710991214707,-0.24713503339811005,-0.3269006094245862,-0.24684649431229141,33,neutral,-0.5,-0.17814514840944695,34,1.1547885457372071,0.8443629477178376,0.6993833067939605,0
41,28,-0.8492255615974261,-0.34540710991214707,-0.24713503339811005,-0.3269006094245862,-0.24684649431229141,34,neutral,-0.5,0.20327413635404867,17,-0.2993896229689056,1.461543191885237,0.8117685884977748,1
41,28,-0.8492255615974261,-0.34540710991214707,-0.24713503339811005,-0.3269006094245862,-0.24684649431229141,35,neutral,-0.5,0.10974661130988755,12,-0.7270890843530564,1.4373571254892827,0.8080450535134903,1
41,28,-0.8492255615974261,-0.34540710991214707,-0.24713503339811005,-0.3269006094245862,-0.24684649431229141,36,neutral,-0.5,-0.11455850646691589,21,0.04276994613841508,1.0882373821457068,0.748049663882593,1
41,28,-0.8492255615974261,-0.34540710991214707,-0.24713503339811005,-0.3269006094245862,-0.24684649431229141,37,neutral,-0.5,0.022093603635536613,30,0.8126289766298865,1.1000748666813867,0.7502741330933633,1
41,28,-0.8492255615974261,-0.34540710991214707,-0.24713503339811005,-0.3269006094245862,-0.24684649431229141,38,neutral,-0.5,-0.03248467960018497,35,1.2403284380140374,0.9761551247974581,0.726344643245929,1
41,28,-0.8492255615974261,-0.34540710991214707,-0.24713503339811005,-0.3269006094245862,-0.24684649431229141,39,neutral,-0.5,-0.021721780340038743,26,0.4704694075225659,1.1117326496243773,0.7524519897571482,1
41,28,-0.8492255615974261,-0.34540710991214707,-0.24713503339811005,-0.3269006094245862,-0.24684649431229141,40,neutral,-0.5,-0.04668537349067967,32,0.9837087611835469,1.0035593060958878,0.7317578048949084,1
42,42,0.08179698048275891,0.13269753420391078,0.09494357110751099,0.12562579951846953,0.09482588102275248,1,fear,0.5,-0.08121017626445963,13,-0.6415491920762262,-0.5461635894192798,0.3667549427421872,1
42,42,0.08179698048275891,0.13269753420391078,0.09494357110751099,0.12562579951846953,0.09482588102275248,2,fear,0.5,0.053067844990018875,40,1.668027899398188,0.003826260104012354,0.5009565638589742,0
42,42,0.08179698048275891,0.13269753420391078,0.09494357110751099,0.12562579951846953,0.09482588102275248,3,fear,0.5,-0.11676296957720594,20,-0.04276994613841508,-0.47393924206974103,0.3836843026362013,1
42,42,0.08179698048275891,0.13269753420391078,0.09494357110751099,0.12562579951846953,0.09482588102275248,4,fear,0.5,-0.11848507274328071,31,0.8981688689067168,-0.3062972670522251,0.4240187903165248,1
42,42,0.08179698048275891,0.13269753420391078,0.09494357110751099,0.12562579951846953,0.09482588102275248,5,fear,0.5,-0.027683151933853067,19,-0.12830983841524524,-0.40025615880671456,0.4012507965377533,0
42,42,0.08179698048275891,0.13269753420391078,0.09494357110751099,0.12562579951846953,0.09482588102275248,6,fear,0.5,0.06278918644554837,25,0.3849295152457357,-0.21740341414535452,0.4458622104917088,1
42,42,0.08179698048275891,0.13269753420391078,0.09494357110751099,0.12562579951846953,0.09482588102275248,7,fear,0.5,-0.04999597070532241,26,0.4704694075225659,-0.3147918369158989,0.4219455388282284,1
42,42,0.08179698048275891,0.13269753420391078,0.09494357110751099,0.12562579951846953,0.09482588102275248,8,fear,0.5,0.01022656605323173,36,1.3258683302908676,-0.10060195635408055,0.47487070129077275,1
42,42,0.08179698048275891,0.13269753420391078,0.09494357110751099,0.12562579951846953,0.09482588102275248,9,fear,0.5,0.07192665896287707,39,1.582488007121358,0.007288339696544145,0.5018220768584322,0
42,42,0.08179698048275891,0.13269753420391078,0.09494357110751099,0.12562579951846953,0.09482588102275248,10,fear,0.5,-0.12515440144751105,5,-1.3258683302908676,-0.7132816896449425,0.32887411266337363,0
42,42,0.08179698048275891,0.13269753420391078,0.09494357110751099,0.12562579951846953,0.09482588102275248,11,fear,0.5,0.1274762977942073,11,-0.8126289766298865,-0.36827058412126557,0.4089589754183802,0
42,42,0.08179698048275891,0.13269753420391078,0.09494357110751099,0.12562579951846953,0.09482588102275248,12,fear,0.5,0.19901381146458244,10,-0.8981688689067168,-0.31212980483121683,0.4225949629779302,1
42,42,0.08179698048275891,0.13269753420391078,0.09494357110751099,0.12562579951846953,0.09482588102275248,13,fear,0.5,-0.07533295985117497,22,0.12830983841524524,-0.40171576358305716,0.4009001791396702,1
42,42,0.08179698048275891,0.13269753420391078,0.09494357110751099,0.12562579951846953,0.09482588102275248,14,fear,0.5,0.01703070109921553,27,0.5560092997993961,-0.23236843073103455,0.4421678793089859,1
42,42,0.08179698048275891,0.13269753420391078,0.09494357110751099,0.12562579951846953,0.09482588102275248,15,fear,0.5,0.02684780492684079,2,-1.582488007121358,-0.60746968641157,0.3526366124957296,1
42,42,0.08179698048275891,0.13269753420391078,0.09494357110751099,0.12562579951846953,0.09482588102275248,16,fear,0.5,0.20218327567498928,24,0.2993896229689056,-0.09340605929624007,0.4766654482740255,0
42,42,0.08179698048275891,0.13269753420391078,0.09494357110751099,0.12562579951846953,0.09482588102275248,17,fear,0.5,-0.1334771970566687,38,1.4969481148445278,-0.21351225070332805,0.44682379809407485,0
42,42,0.08179698048275891,0.13269753420391078,0.09494357110751099,0.12562579951846953,0.09482588102275248,18,fear,0.5,-0.019829893319496802,30,0.8126289766298865,-0.2230388220087676,0.444470303682641,1
42,42,0.08179698048275891,0.13269753420391078,0.09494357110751099,0.12562579951846953,0.09482588102275248,19,fear,0.5,0.03493782098342581,14,-0.5560092997993961,-0.41461885779106783,0.39780512453606515,0
42,42,0.08179698048275891,0.13269753420391078,0.09494357110751099,0.12562579951846953,0.09482588102275248,20,fear,0.5,0.050130844365563365,17,-0.2993896229689056,-0.35323563126795104,0.412598009454493,0
42,42,0.08179698048275891,0.13269753420391078,0.09494357110751099,0.12562579951846953,0.09482588102275248,21,neutral,-0.5,-0.034648782698473574,4,-1.4114082225676976,0.2919370647590665,0.5724702921811479,1
42,42,0.08179698048275891,0.13269753420391078,0.09494357110751099,0.12562579951846953,0.09482588102275248,22,neutral,-0.5,0.20511447081031445,37,1.4114082225676976,0.8465242332283327,0.6998375131638953,1
42,42,0.08179698048275891,0.13269753420391078,0.09494357110751099,0.12562579951846953,0.09482588102275248,23,neutral,-0.5,0.06768230030033125,3,-1.4969481148445278,0.3847280291227054,0.595012938046489,0
42,42,0.08179698048275891,0.13269753420391078,0.09494357110751099,0.12562579951846953,0.09482588102275248,24,neutral,-0.5,-0.08847636608881047,8,-1.0692486534603771,0.27626995590939357,0.5686315177121848,1
42,42,0.08179698048275891,0.13269753420391078,0.09494357110751099,0.12562579951846953,0.09482588102275248,25,neutral,-0.5,-0.06387461728079331,12,-0.7270890843530564,0.33903217925807483,0.5839554085669959,1
42,42,0.08179698048275891,0.13269753420391078,0.09494357110751099,0.12562579951846953,0.09482588102275248,26,neutral,-0.5,0.020253570607942934,23,0.2138497306920754,0.5281016721336371,0.6290402484074704,1
42,42,0.08179698048275891,0.13269753420391078,0.09494357110751099,0.12562579951846953,0.09482588102275248,27,neutral,-0.5,-0.1657771424201549,15,-0.4704694075225659,0.2657500100242112,0.566049242599123,1
42,42,0.08179698048275891,0.13269753420391078,0.09494357110751099,0.12562579951846953,0.09482588102275248,28,neutral,-0.5,0.03240578810212312,28,0.6415491920762262,0.5879544828036474,0.6428956715536149,0
42,42,0.08179698048275891,0.13269753420391078,0.09494357110751099,0.12562579951846953,0.09482588102275248,29,neutral,-0.5,-0.06427368638861679,35,1.2403284380140374,0.5580558387590695,0.6360025796580546,1
42,42,0.08179698048275891,0.13269753420391078,0.09494357110751099,0.12562579951846953,0.09482588102275248,30,neutral,-0.5,0.03388482847826553,7,-1.1547885457372071,0.38909103184130367,0.5960638645806332,0
42,42,0.08179698048275891,0.13269753420391078,0.09494357110751099,0.12562579951846953,0.09482588102275248,31,neutral,-0.5,0.10063449276941816,1,-1.668027899398188,0.39859998432146027,0.5983512448758592,1
42,42,0.08179698048275891,0.13269753420391078,0.09494357110751099,0.12562579951846953,0.09482588102275248,32,neutral,-0.5,-0.16523159438711074,34,1.1547885457372071,0.4475578121254095,0.6100584252533748,0
42,42,0.08179698048275891,0.13269753420391078,0.09494357110751099,0.12562579951846953,0.09482588102275248,33,neutral,-0.5,-0.17814514840944695,16,-0.3849295152457357,0.2629221226700852,0.5653544781211132,1
42,42,0.08179698048275891,0.13269753420391078,0.09494357110751099,0.12562579951846953,0.09482588102275248,34,neutral,-0.5,0.20327413635404867,29,0.7270890843530564,0.7683629496907389,0.6831666605356845,0
42,42,0.08179698048275891,0.13269753420391078,0.09494357110751099,0.12562579951846953,0.09482588102275248,35,neutral,-0.5,0.10974661130988755,32,0.9837087611835469,0.7034557805520758,0.6689535173753127,0
42,42,0.08179698048275891,0.13269753420391078,0.09494357110751099,0.12562579951846953,0.09482588102275248,36,neutral,-0.5,-0.11455850646691589,6,-1.2403284380140374,0.23110757826095626,0.5575211019253061,0
42,42,0.08179698048275891,0.13269753420391078,0.09494357110751099,0.12562579951846953,0.09482588102275248,37,neutral,-0.5,0.022093603635536613,18,-0.2138497306920754,0.4822411119854007,0.618276940894825,1
42,42,0.08179698048275891,0.13269753420391078,0.09494357110751099,0.12562579951846953,0.09482588102275248,38,neutral,-0.5,-0.03248467960018497,21,0.04276994613841508,0.4562831846551772,0.6121320747132787,1
42,42,0.08179698048275891,0.13269753420391078,0.09494357110751099,0.12562579951846953,0.09482588102275248,39,neutral,-0.5,-0.021721780340038743,33,1.0692486534603771,0.5815275075373155,0.64141881000977,1
42,42,0.08179698048275891,0.13269753420391078,0.09494357110751099,0.12562579951846953,0.09482588102275248,40,neutral,-0.5,-0.04668537349067967,9,-0.9837087611835469,0.32760106714269044,0.5811755652977292,0
43,49,0.5473082515228515,-0.3792478906400134,-0.2715133709020993,-0.35904506064517716,-0.27110590005175156,1,fear,0.5,-0.08121017626445963,25,0.3849295152457357,-1.5993309079616238,0.16807515048203903,0
43,49,0.5473082515228515,-0.3792478906400134,-0.2715133709020993,-0.35904506064517716,-0.27110590005175156,2,fear,0.5,0.053067844990018875,4,-1.4114082225676976,-0.7261759488545074,0.32603444942027365,1
43,49,0.5473082515228515,-0.3792478906400134,-0.2715133709020993,-0.35904506064517716,-0.27110590005175156,3,fear,0.5,-0.11676296957720594,20,-0.04276994613841508,-1.458960620833266,0.18862634702426953,1
43,49,0.5473082515228515,-0.3792478906400134,-0.2715133709020993,-0.35904506064517716,-0.27110590005175156,4,fear,0.5,-0.11848507274328071,14,-0.5560092997993961,-1.2495750274700157,0.22277371227373222,0
43,49,0.5473082515228515,-0.3792478906400134,-0.2715133709020993,-0.35904506064517716,-0.27110590005175156,5,fear,0.5,-0.027683151933853067,31,0.8981688689067168,-1.7569115801603423,0.14717756466974605,0
43,49,0.5473082515228515,-0.3792478906400134,-0.2715133709020993,-0.35904506064517716,-0.27110590005175156,6,fear,0.5,0.06278918644554837,34,1.1547885457372071,-1.7719930900456033,0.14529464380151544,0
43,49,0.5473082515228515,-0.3792478906400134,-0.2715133709020993,-0.35904506064517716,-0.27110590005175156,7,fear,0.5,-0.04999597070532241,36,1.3258683302908676,-1.955147479372916,0.12399316184205582,0
43,49,0.5473082515228515,-0.3792478906400134,-0.2715133709020993,-0.35904506064517716,-0.27110590005175156,8,fear,0.5,0.01022656605323173,21,0.04276994613841508,-1.367155701291049,0.20307977439241182,0
43,49,0.5473082515228515,-0.3792478906400134,-0.2715133709020993,-0.35904506064517716,-0.27110590005175156,9,fear,0.5,0.07192665896287707,18,-0.2138497306920754,-1.1999017601167412,0.23149269329108482,0
43,49,0.5473082515228515,-0.3792478906400134,-0.2715133709020993,-0.35904506064517716,-0.27110590005175156,10,fear,0.5,-0.12515440144751105,2,-1.582488007121358,-0.8340289631155954,0.3027938416756354,0
43,49,0.5473082515228515,-0.3792478906400134,-0.2715133709020993,-0.35904506064517716,-0.27110590005175156,11,fear,0.5,0.1274762977942073,12,-0.7270890843530564,-0.9332444247560857,0.2822669548885961,0
43,49,0.5473082515228515,-0.3792478906400134,-0.2715133709020993,-0.35904506064517716,-0.27110590005175156,12,fear,0.5,0.19901381146458244,23,0.2138497306920754,-1.2487376880561398,0.2229187275510063,0
43,49,0.5473082515228515,-0.3792478906400134,-0.2715133709020993,-0.35904506064517716,-0.27110590005175156,13,fear,0.5,-0.07533295985117497,5,-1.3258683302908676,-0.889761369783922,0.29115907478818115,0
43,49,0.5473082515228515,-0.3792478906400134,-0.2715133709020993,-0.35904506064517716,-0.27110590005175156,14,fear,0.5,0.01703070109921553,6,-1.2403284380140374,-0.8325823249217522,0.30309932817349716,0
43,49,0.5473082515228515,-0.3792478906400134,-0.2715133709020993,-0.35904506064517716,-0.27110590005175156,15,fear,0.5,0.02684780492684079,24,0.2993896229689056,-1.4560883106821023,0.1890663370989012,0
43,49,0.5473082515228515,-0.3792478906400134,-0.2715133709020993,-0.35904506064517716,-0.27110590005175156,16,fear,0.5,0.20218327567498928,22,0.12830983841524524,-1.2103836077575123,0.2296331830185548,1
43,49,0.5473082515228515,-0.3792478906400134,-0.2715133709020993,-0.35904506064517716,-0.27110590005175156,17,fear,0.5,-0.1334771970566687,8,-1.0692486534603771,-1.0534594552540781,0.25856134399241715,0
43,49,0.5473082515228515,-0.3792478906400134,-0.2715133709020993,-0.35904506064517716,-0.27110590005175156,18,fear,0.5,-0.019829893319496802,28,0.6415491920762262,-1.6435044732813235,0.1619887722023418,0
43,49,0.5473082515228515,-0.3792478906400134,-0.2715133709020993,-0.35904506064517716,-0.27110590005175156,19,fear,0.5,0.03493782098342581,10,-0.8981688689067168,-0.9554136693904256,0.2777973936867087,0
43,49,0.5473082515228515,-0.3792478906400134,-0.2715133709020993,-0.35904506064517716,-0.27110590005175156,20,fear,0.5,0.050130844365563365,16,-0.3849295152457357,-1.151328342537613,0.24024653950659045,1
43,49,0.5473082515228515,-0.3792478906400134,-0.2715133709020993,-0.35904506064517716,-0.27110590005175156,21,neutral,-0.5,-0.034648782698473574,30,0.8126289766298865,-0.3259151512020911,0.4192348604625369,0
43,49,0.5473082515228515,-0.3792478906400134,-0.2715133709020993,-0.35904506064517716,-0.27110590005175156,22,neutral,-0.5,0.20511447081031445,15,-0.4704694075225659,-0.05951924913456831,0.48512457885623084,0
43,49,0.5473082515228515,-0.3792478906400134,-0.2715133709020993,-0.35904506064517716,-0.27110590005175156,23,neutral,-0.5,0.06768230030033125,9,-0.9837087611835469,-0.18629836022105778,0.4535596497217088,1
43,49,0.5473082515228515,-0.3792478906400134,-0.2715133709020993,-0.35904506064517716,-0.27110590005175156,24,neutral,-0.5,-0.08847636608881047,40,1.668027899398188,-0.3974978336315846,0.40191366041731086,0
43,49,0.5473082515228515,-0.3792478906400134,-0.2715133709020993,-0.35904506064517716,-0.27110590005175156,25,neutral,-0.5,-0.06387461728079331,27,0.5560092997993961,-0.3498144560726638,0.4134274157247075,1
43,49,0.5473082515228515,-0.3792478906400134,-0.2715133709020993,-0.35904506064517716,-0.27110590005175156,26,neutral,-0.5,0.020253570607942934,32,0.9837087611835469,-0.2745638177035059,0.43178702934988467,0
43,49,0.5473082515228515,-0.3792478906400134,-0.2715133709020993,-0.35904506064517716,-0.27110590005175156,27,neutral,-0.5,-0.1657771424201549,33,1.0692486534603771,-0.4623700406355194,0.38642373516183903,0
43,49,0.5473082515228515,-0.3792478906400134,-0.2715133709020993,-0.35904506064517716,-0.27110590005175156,28,neutral,-0.5,0.03240578810212312,1,-1.668027899398188,-0.20737079318794058,0.44834228735610593,1
43,49,0.5473082515228515,-0.3792478906400134,-0.2715133709020993,-0.35904506064517716,-0.27110590005175156,29,neutral,-0.5,-0.06427368638861679,3,-1.4969481148445278,-0.3076012874865119,0.4237003451030042,0
43,49,0.5473082515228515,-0.3792478906400134,-0.2715133709020993,-0.35904506064517716,-0.27110590005175156,30,neutral,-0.5,0.03388482847826553,39,1.582488007121358,-0.27336112916059285,0.43208212953870084,0
43,49,0.5473082515228515,-0.3792478906400134,-0.2715133709020993,-0.35904506064517716,-0.27110590005175156,31,neutral,-0.5,0.10063449276941816,37,1.4114082225676976,-0.2030604450616088,0.4494086079195322,0
43,49,0.5473082515228515,-0.3792478906400134,-0.2715133709020993,-0.35904506064517716,-0.27110590005175156,32,neutral,-0.5,-0.16523159438711074,19,-0.12830983841524524,-0.4369673539476561,0.3924638248687223,1
43,49,0.5473082515228515,-0.3792478906400134,-0.2715133709020993,-0.35904506064517716,-0.27110590005175156,33,neutral,-0.5,-0.17814514840944695,13,-0.6415491920762262,-0.43922784854649843,0.3919249728602844,1
43,49,0.5473082515228515,-0.3792478906400134,-0.2715133709020993,-0.35904506064517716,-0.27110590005175156,34,neutral,-0.5,0.20327413635404867,17,-0.2993896229689056,-0.06491060339866539,0.48377804453099,1
43,49,0.5473082515228515,-0.3792478906400134,-0.2715133709020993,-0.35904506064517716,-0.27110590005175156,35,neutral,-0.5,0.10974661130988755,35,1.2403284380140374,-0.1903973067133082,0.452543948089205,0
43,49,0.5473082515228515,-0.3792478906400134,-0.2715133709020993,-0.35904506064517716,-0.27110590005175156,36,neutral,-0.5,-0.11455850646691589,38,1.4969481148445278,-0.42002895420185843,0.3965098216698339,0
43,49,0.5473082515228515,-0.3792478906400134,-0.2715133709020993,-0.35904506064517716,-0.27110590005175156,37,neutral,-0.5,0.022093603635536613,26,0.4704694075225659,-0.2620707252524183,0.4348547463671664,0
43,49,0.5473082515228515,-0.3792478906400134,-0.2715133709020993,-0.35904506064517716,-0.27110590005175156,38,neutral,-0.5,-0.03248467960018497,7,-1.1547885457372071,-0.2829143203137426,0.42973943689696914,1
43,49,0.5473082515228515,-0.3792478906400134,-0.2715133709020993,-0.35904506064517716,-0.27110590005175156,39,neutral,-0.5,-0.021721780340038743,11,-0.8126289766298865,-0.27925346066925893,0.43063680961806544,0
43,49,0.5473082515228515,-0.3792478906400134,-0.2715133709020993,-0.35904506064517716,-0.27110590005175156,40,neutral,-0.5,-0.04668537349067967,29,0.7270890843530564,-0.33617623209038155,0.4167386139865572,1
44,26,-0.9822287818945955,0.2601791440100147,0.18628255079628067,0.24626725927916834,0.18604940926678368,1,fear,0.5,-0.08121017626445963,25,0.3849295152457357,0.5011918584491444,0.6227393814541634,0
44,26,-0.9822287818945955,0.2601791440100147,0.18628255079628067,0.24626725927916834,0.18604940926678368,2,fear,0.5,0.053067844990018875,23,0.2138497306920754,0.5648639103605215,0.6375772066358508,0
44,26,-0.9822287818945955,0.2601791440100147,0.18628255079628067,0.24626725927916834,0.18604940926678368,3,fear,0.5,-0.11676296957720594,14,-0.5560092997993961,0.07730623374934192,0.5193169391512034,0
44,26,-0.9822287818945955,0.2601791440100147,0.18628255079628067,0.24626725927916834,0.18604940926678368,4,fear,0.5,-0.11848507274328071,36,1.3258683302908676,0.8522497933573793,0.7010388749130413,1
44,26,-0.9822287818945955,0.2601791440100147,0.18628255079628067,0.24626725927916834,0.18604940926678368,5,fear,0.5,-0.027683151933853067,5,-1.3258683302908676,-0.15134081065126007,0.4622368472376167,1
44,26,-0.9822287818945955,0.2601791440100147,0.18628255079628067,0.24626725927916834,0.18604940926678368,6,fear,0.5,0.06278918644554837,16,-0.3849295152457357,0.32746435911519733,0.5811422887554004,1
44,26,-0.9822287818945955,0.2601791440100147,0.18628255079628067,0.24626725927916834,0.18604940926678368,7,fear,0.5,-0.04999597070532241,18,-0.2138497306920754,0.28528517130742764,0.5708414749958826,1
44,26,-0.9822287818945955,0.2601791440100147,0.18628255079628067,0.24626725927916834,0.18604940926678368,8,fear,0.5,0.01022656605323173,31,0.8981688689067168,0.8044465087961388,0.6909248281287977,1
44,26,-0.9822287818945955,0.2601791440100147,0.18628255079628067,0.24626725927916834,0.18604940926678368,9,fear,0.5,0.07192665896287707,28,0.6415491920762262,0.7602376476911327,0.6814053274510469,0
44,26,-0.9822287818945955,0.2601791440100147,0.18628255079628067,0.24626725927916834,0.18604940926678368,10,fear,0.5,-0.12515440144751105,13,-0.6415491920762262,0.033611817207486225,0.5084021632851214,0
44,26,-0.9822287818945955,0.2601791440100147,0.18628255079628067,0.24626725927916834,0.18604940926678368,11,fear,0.5,0.1274762977942073,3,-1.4969481148445278,-0.06678733026630104,0.4833093710841464,0
44,26,-0.9822287818945955,0.2601791440100147,0.18628255079628067,0.24626725927916834,0.18604940926678368,12,fear,0.5,0.19901381146458244,32,0.9837087611835469,1.0285367388790403,0.7366321138159546,1
44,26,-0.9822287818945955,0.2601791440100147,0.18628255079628067,0.24626725927916834,0.18604940926678368,13,fear,0.5,-0.07533295985117497,30,0.8126289766298865,0.6835839982201816,0.6645381386739794,1
44,26,-0.9822287818945955,0.2601791440100147,0.18628255079628067,0.24626725927916834,0.18604940926678368,14,fear,0.5,0.01703070109921553,34,1.1547885457372071,0.9171595978567746,0.7144630008546503,1
44,26,-0.9822287818945955,0.2601791440100147,0.18628255079628067,0.24626725927916834,0.18604940926678368,15,fear,0.5,0.02684780492684079,40,1.668027899398188,1.1387946097137032,0.7574582591615033,0
44,26,-0.9822287818945955,0.2601791440100147,0.18628255079628067,0.24626725927916834,0.18604940926678368,16,fear,0.5,0.20218327567498928,6,-1.2403284380140374,0.11382860162913279,0.5284264636764331,0
44,26,-0.9822287818945955,0.2601791440100147,0.18628255079628067,0.24626725927916834,0.18604940926678368,17,fear,0.5,-0.1334771970566687,20,-0.04276994613841508,0.2724099142991826,0.567684439482088,1
44,26,-0.9822287818945955,0.2601791440100147,0.18628255079628067,0.24626725927916834,0.18604940926678368,18,fear,0.5,-0.019829893319496802,9,-0.9837087611835469,-0.0022756133507016996,0.499431096907826,0
44,26,-0.9822287818945955,0.2601791440100147,0.18628255079628067,0.24626725927916834,0.18604940926678368,19,fear,0.5,0.03493782098342581,10,-0.8981688689067168,0.08779508562377149,0.5219346838789363,0
44,26,-0.9822287818945955,0.2601791440100147,0.18628255079628067,0.24626725927916834,0.18604940926678368,20,fear,0.5,0.050130844365563365,7,-1.1547885457372071,-0.002920845008742498,0.49926978926695365,1
44,26,-0.9822287818945955,0.2601791440100147,0.18628255079628067,0.24626725927916834,0.18604940926678368,21,neutral,-0.5,-0.034648782698473574,29,0.7270890843530564,1.6629751534541874,0.8406369778464028,1
44,26,-0.9822287818945955,0.2601791440100147,0.18628255079628067,0.24626725927916834,0.18604940926678368,22,neutral,-0.5,0.20511447081031445,21,0.04276994613841508,1.8752201003343587,0.8670611319646334,1
44,26,-0.9822287818945955,0.2601791440100147,0.18628255079628067,0.24626725927916834,0.18604940926678368,23,neutral,-0.5,0.06768230030033125,35,1.2403284380140374,1.7859449664244555,0.8564293976419909,1
44,26,-0.9822287818945955,0.2601791440100147,0.18628255079628067,0.24626725927916834,0.18604940926678368,24,neutral,-0.5,-0.08847636608881047,17,-0.2993896229689056,1.5678701101209254,0.8274797636124762,0
44,26,-0.9822287818945955,0.2601791440100147,0.18628255079628067,0.24626725927916834,0.18604940926678368,25,neutral,-0.5,-0.06387461728079331,15,-0.4704694075225659,1.5855922822717883,0.8299950640578019,1
44,26,-0.9822287818945955,0.2601791440100147,0.18628255079628067,0.24626725927916834,0.18604940926678368,26,neutral,-0.5,0.020253570607942934,11,-0.8126289766298865,1.655961316846216,0.8396951126429912,0
44,26,-0.9822287818945955,0.2601791440100147,0.18628255079628067,0.24626725927916834,0.18604940926678368,27,neutral,-0.5,-0.1657771424201549,2,-1.582488007121358,1.438972508860924,0.8082954881198399,0
44,26,-0.9822287818945955,0.2601791440100147,0.18628255079628067,0.24626725927916834,0.18604940926678368,28,neutral,-0.5,0.03240578810212312,39,1.582488007121358,1.764427607540556,0.8537633200076712,1
44,26,-0.9822287818945955,0.2601791440100147,0.18628255079628067,0.24626725927916834,0.18604940926678368,29,neutral,-0.5,-0.06427368638861679,37,1.4114082225676976,1.6608685563926617,0.8403545619649957,1
44,26,-0.9822287818945955,0.2601791440100147,0.18628255079628067,0.24626725927916834,0.18604940926678368,30,neutral,-0.5,0.03388482847826553,4,-1.4114082225676976,1.6455140564164987,0.8382838402458568,1
44,26,-0.9822287818945955,0.2601791440100147,0.18628255079628067,0.24626725927916834,0.18604940926678368,31,neutral,-0.5,0.10063449276941816,8,-1.0692486534603771,1.7260228740219599,0.8489029949949897,1
44,26,-0.9822287818945955,0.2601791440100147,0.18628255079628067,0.24626725927916834,0.18604940926678368,32,neutral,-0.5,-0.16523159438711074,19,-0.12830983841524524,1.4979944584797793,0.8172751662586157,1
44,26,-0.9822287818945955,0.2601791440100147,0.18628255079628067,0.24626725927916834,0.18604940926678368,33,neutral,-0.5,-0.17814514840944695,22,0.12830983841524524,1.4954002694431745,0.8168874403194669,1
44,26,-0.9822287818945955,0.2601791440100147,0.18628255079628067,0.24626725927916834,0.18604940926678368,34,neutral,-0.5,0.20327413635404867,38,1.4969481148445278,1.931856167463904,0.8734547272347003,1
44,26,-0.9822287818945955,0.2601791440100147,0.18628255079628067,0.24626725927916834,0.18604940926678368,35,neutral,-0.5,0.10974661130988755,33,1.0692486534603771,1.8211297007768572,0.8607016269629796,1
44,26,-0.9822287818945955,0.2601791440100147,0.18628255079628067,0.24626725927916834,0.18604940926678368,36,neutral,-0.5,-0.11455850646691589,1,-1.668027899398188,1.4867513564855859,0.8155901682045394,1
44,26,-0.9822287818945955,0.2601791440100147,0.18628255079628067,0.24626725927916834,0.18604940926678368,37,neutral,-0.5,0.022093603635536613,12,-0.7270890843530564,1.661241138202387,0.8404045407447306,1
44,26,-0.9822287818945955,0.2601791440100147,0.18628255079628067,0.24626725927916834,0.18604940926678368,38,neutral,-0.5,-0.03248467960018497,27,0.5560092997993961,1.6582596798953222,0.8400042474367769,1
44,26,-0.9822287818945955,0.2601791440100147,0.18628255079628067,0.24626725927916834,0.18604940926678368,39,neutral,-0.5,-0.021721780340038743,26,0.4704694075225659,1.6655827908268912,0.8409860035438048,1
44,26,-0.9822287818945955,0.2601791440100147,0.18628255079628067,0.24626725927916834,0.18604940926678368,40,neutral,-0.5,-0.04668537349067967,24,0.2993896229689056,1.633739621019096,0.8366812855511818,1
45,45,0.28130181092851286,0.13066087833685636,0.0933789101950594,0.12360294690449677,0.09332675955857238,1,fear,0.5,-0.08121017626445963,33,1.0692486534603771,-0.37267794352735834,0.40789409483259353,0
45,45,0.28130181092851286,0.13066087833685636,0.0933789101950594,0.12360294690449677,0.09332675955857238,2,fear,0.5,0.053067844990018875,21,0.04276994613841508,-0.40235436415321124,0.4007468102605159,1
45,45,0.28130181092851286,0.13066087833685636,0.0933789101950594,0.12360294690449677,0.09332675955857238,3,fear,0.5,-0.11676296957720594,19,-0.12830983841524524,-0.5995109190338248,0.35445559576098534,0
45,45,0.28130181092851286,0.13066087833685636,0.0933789101950594,0.12360294690449677,0.09332675955857238,4,fear,0.5,-0.11848507274328071,3,-1.4969481148445278,-0.8198389447070082,0.3057978485298923,0
45,45,0.28130181092851286,0.13066087833685636,0.0933789101950594,0.12360294690449677,0.09332675955857238,5,fear,0.5,-0.027683151933853067,11,-0.8126289766298865,-0.6197340626440262,0.3498419371418566,0
45,45,0.28130181092851286,0.13066087833685636,0.0933789101950594,0.12360294690449677,0.09332675955857238,6,fear,0.5,0.06278918644554837,17,-0.2993896229689056,-0.44728450332445896,0.39000659335179927,1
45,45,0.28130181092851286,0.13066087833685636,0.0933789101950594,0.12360294690449677,0.09332675955857238,7,fear,0.5,-0.04999597070532241,36,1.3258683302908676,-0.30047512749813826,0.4254413384324969,0
45,45,0.28130181092851286,0.13066087833685636,0.0933789101950594,0.12360294690449677,0.09332675955857238,8,fear,0.5,0.01022656605323173,28,0.6415491920762262,-0.3495555519931384,0.4134902027140531,0
45,45,0.28130181092851286,0.13066087833685636,0.0933789101950594,0.12360294690449677,0.09332675955857238,9,fear,0.5,0.07192665896287707,2,-1.582488007121358,-0.6430900831575446,0.3445483563009875,1
45,45,0.28130181092851286,0.13066087833685636,0.0933789101950594,0.12360294690449677,0.09332675955857238,10,fear,0.5,-0.12515440144751105,37,1.4114082225676976,-0.36197068808363264,0.4104826017752226,0
45,45,0.28130181092851286,0.13066087833685636,0.0933789101950594,0.12360294690449677,0.09332675955857238,11,fear,0.5,0.1274762977942073,13,-0.6415491920762262,-0.4372488726025772,0.39239670272733224,1
45,45,0.28130181092851286,0.13066087833685636,0.0933789101950594,0.12360294690449677,0.09332675955857238,12,fear,0.5,0.19901381146458244,38,1.4969481148445278,-0.02413960501484485,0.49396539178428445,1
45,45,0.28130181092851286,0.13066087833685636,0.0933789101950594,0.12360294690449677,0.09332675955857238,13,fear,0.5,-0.07533295985117497,39,1.582488007121358,-0.28482350617390795,0.42927162811132663,0
45,45,0.28130181092851286,0.13066087833685636,0.0933789101950594,0.12360294690449677,0.09332675955857238,14,fear,0.5,0.01703070109921553,7,-1.1547885457372071,-0.6296716902377346,0.3475849847755024,0
45,45,0.28130181092851286,0.13066087833685636,0.0933789101950594,0.12360294690449677,0.09332675955857238,15,fear,0.5,0.02684780492684079,30,0.8126289766298865,-0.3056085728061408,0.4241869967420639,0
45,45,0.28130181092851286,0.13066087833685636,0.0933789101950594,0.12360294690449677,0.09332675955857238,16,fear,0.5,0.20218327567498928,40,1.668027899398188,0.0063555995089505934,0.5015888945288044,1
45,45,0.28130181092851286,0.13066087833685636,0.0933789101950594,0.12360294690449677,0.09332675955857238,17,fear,0.5,-0.1334771970566687,1,-1.668027899398188,-0.8621568093337847,0.29688892342739176,0
45,45,0.28130181092851286,0.13066087833685636,0.0933789101950594,0.12360294690449677,0.09332675955857238,18,fear,0.5,-0.019829893319496802,20,-0.04276994613841508,-0.48891497261942124,0.3801492056691525,1
45,45,0.28130181092851286,0.13066087833685636,0.0933789101950594,0.12360294690449677,0.09332675955857238,19,fear,0.5,0.03493782098342581,32,0.9837087611835469,-0.27019281643616716,0.4328597594930814,1
45,45,0.28130181092851286,0.13066087833685636,0.0933789101950594,0.12360294690449677,0.09332675955857238,20,fear,0.5,0.050130844365563365,9,-0.9837087611835469,-0.5692458066579983,0.3614108692350947,0
45,45,0.28130181092851286,0.13066087833685636,0.0933789101950594,0.12360294690449677,0.09332675955857238,21,neutral,-0.5,-0.034648782698473574,23,0.2138497306920754,0.26721275431393865,0.5664085126717375,1
45,45,0.28130181092851286,0.13066087833685636,0.0933789101950594,0.12360294690449677,0.09332675955857238,22,neutral,-0.5,0.20511447081031445,15,-0.4704694075225659,0.41619510029394974,0.6025724132464854,1
45,45,0.28130181092851286,0.13066087833685636,0.0933789101950594,0.12360294690449677,0.09332675955857238,23,neutral,-0.5,0.06768230030033125,27,0.5560092997993961,0.414934291077132,0.6022704370292373,0
45,45,0.28130181092851286,0.13066087833685636,0.0933789101950594,0.12360294690449677,0.09332675955857238,24,neutral,-0.5,-0.08847636608881047,16,-0.3849295152457357,0.13395187683592188,0.5334379857131395,1
45,45,0.28130181092851286,0.13066087833685636,0.0933789101950594,0.12360294690449677,0.09332675955857238,25,neutral,-0.5,-0.06387461728079331,14,-0.5560092997993961,0.13585839876174485,0.5339124541233503,1
45,45,0.28130181092851286,0.13066087833685636,0.0933789101950594,0.12360294690449677,0.09332675955857238,26,neutral,-0.5,0.020253570607942934,6,-1.2403284380140374,0.12920567912170403,0.5322565577242389,0
45,45,0.28130181092851286,0.13066087833685636,0.0933789101950594,0.12360294690449677,0.09332675955857238,27,neutral,-0.5,-0.1657771424201549,25,0.3849295152457357,0.15877962147445165,0.5396117194988874,1
45,45,0.28130181092851286,0.13066087833685636,0.0933789101950594,0.12360294690449677,0.09332675955857238,28,neutral,-0.5,0.03240578810212312,29,0.7270890843530564,0.4023530057611181,0.5992528635232032,1
45,45,0.28130181092851286,0.13066087833685636,0.0933789101950594,0.12360294690449677,0.09332675955857238,29,neutral,-0.5,-0.06427368638861679,22,0.12830983841524524,0.22624023718269842,0.5563200372193543,0
45,45,0.28130181092851286,0.13066087833685636,0.0933789101950594,0.12360294690449677,0.09332675955857238,30,neutral,-0.5,0.03388482847826553,34,1.1547885457372071,0.4605701133427461,0.6131494141539319,1
45,45,0.28130181092851286,0.13066087833685636,0.0933789101950594,0.12360294690449677,0.09332675955857238,31,neutral,-0.5,0.10063449276941816,24,0.2993896229689056,0.4138436432229276,0.6020091532978894,0
45,45,0.28130181092851286,0.13066087833685636,0.0933789101950594,0.12360294690449677,0.09332675955857238,32,neutral,-0.5,-0.16523159438711074,12,-0.7270890843530564,0.011806194773233112,0.5029515144100145,1
45,45,0.28130181092851286,0.13066087833685636,0.0933789101950594,0.12360294690449677,0.09332675955857238,33,neutral,-0.5,-0.17814514840944695,35,1.2403284380140374,0.25988774989613084,0.5646086980410071,0
45,45,0.28130181092851286,0.13066087833685636,0.0933789101950594,0.12360294690449677,0.09332675955857238,34,neutral,-0.5,0.20327413635404867,8,-1.0692486534603771,0.33492147175000403,0.5829563626755015,1
45,45,0.28130181092851286,0.13066087833685636,0.0933789101950594,0.12360294690449677,0.09332675955857238,35,neutral,-0.5,0.10974661130988755,18,-0.2138497306920754,0.35487008111681423,0.5877980606004546,0
45,45,0.28130181092851286,0.13066087833685636,0.0933789101950594,0.12360294690449677,0.09332675955857238,36,neutral,-0.5,-0.11455850646691589,5,-1.3258683302908676,-0.016954011394251914,0.4957615986742615,1
45,45,0.28130181092851286,0.13066087833685636,0.0933789101950594,0.12360294690449677,0.09332675955857238,37,neutral,-0.5,0.022093603635536613,10,-0.8981688689067168,0.1764361659136862,0.5439949713840317,1
45,45,0.28130181092851286,0.13066087833685636,0.0933789101950594,0.12360294690449677,0.09332675955857238,38,neutral,-0.5,-0.03248467960018497,4,-1.4114082225676976,0.05377220203138185,0.5134398122854489,0
45,45,0.28130181092851286,0.13066087833685636,0.0933789101950594,0.12360294690449677,0.09332675955857238,39,neutral,-0.5,-0.021721780340038743,26,0.4704694075225659,0.3141825969956649,0.5779058559231006,1
45,45,0.28130181092851286,0.13066087833685636,0.0933789101950594,0.12360294690449677,0.09332675955857238,40,neutral,-0.5,-0.04668537349067967,31,0.8981688689067168,0.34595707105050966,0.5856368370699622,1
46,26,-0.9822287818945955,-0.027740729211897533,-0.019774008923738717,-0.026224924100272717,-0.01973648638814436,1,fear,0.5,-0.08121017626445963,16,-0.3849295152457357,-0.12177718433078197,0.46959327147750535,1
46,26,-0.9822287818945955,-0.027740729211897533,-0.019774008923738717,-0.026224924100272717,-0.01973648638814436,2,fear,0.5,0.053067844990018875,11,-0.8126289766298865,-0.03187654846109893,0.4920315376123748,0
46,26,-0.9822287818945955,-0.027740729211897533,-0.019774008923738717,-0.026224924100272717,-0.01973648638814436,3,fear,0.5,-0.11676296957720594,36,1.3258683302908676,0.020179563895653813,0.5050447197846959,0
46,26,-0.9822287818945955,-0.027740729211897533,-0.019774008923738717,-0.026224924100272717,-0.01973648638814436,4,fear,0.5,-0.11848507274328071,40,1.668027899398188,0.05395936903741538,0.5134865701114961,0
46,26,-0.9822287818945955,-0.027740729211897533,-0.019774008923738717,-0.026224924100272717,-0.01973648638814436,5,fear,0.5,-0.027683151933853067,31,0.8981688689067168,0.06488199615421117,0.5162148111826306,1
46,26,-0.9822287818945955,-0.027740729211897533,-0.019774008923738717,-0.026224924100272717,-0.01973648638814436,6,fear,0.5,0.06278918644554837,4,-1.4114082225676976,-0.0842835465442831,0.4789415779760912,1
46,26,-0.9822287818945955,-0.027740729211897533,-0.019774008923738717,-0.026224924100272717,-0.01973648638814436,7,fear,0.5,-0.04999597070532241,12,-0.7270890843530564,-0.1260648870794811,0.4685254509210263,0
46,26,-0.9822287818945955,-0.027740729211897533,-0.019774008923738717,-0.026224924100272717,-0.01973648638814436,8,fear,0.5,0.01022656605323173,8,-1.0692486534603771,-0.10134425862876328,0.4746855979337016,0
46,26,-0.9822287818945955,-0.027740729211897533,-0.019774008923738717,-0.026224924100272717,-0.01973648638814436,9,fear,0.5,0.07192665896287707,28,0.6415491920762262,0.13786537582006397,0.5344118560971561,0
46,26,-0.9822287818945955,-0.027740729211897533,-0.019774008923738717,-0.026224924100272717,-0.01973648638814436,10,fear,0.5,-0.12515440144751105,25,0.3849295152457357,-0.08584211582120135,0.4785526396596131,0
46,26,-0.9822287818945955,-0.027740729211897533,-0.019774008923738717,-0.026224924100272717,-0.01973648638814436,11,fear,0.5,0.1274762977942073,7,-1.1547885457372071,0.007029996035253269,0.5017574917707587,0
46,26,-0.9822287818945955,-0.027740729211897533,-0.019774008923738717,-0.026224924100272717,-0.01973648638814436,12,fear,0.5,0.19901381146458244,20,-0.04276994613841508,0.1939487117060966,0.5483357559358749,0
46,26,-0.9822287818945955,-0.027740729211897533,-0.019774008923738717,-0.026224924100272717,-0.01973648638814436,13,fear,0.5,-0.07533295985117497,10,-0.8981688689067168,-0.1691528303792518,0.45781233631131796,1
46,26,-0.9822287818945955,-0.027740729211897533,-0.019774008923738717,-0.026224924100272717,-0.01973648638814436,14,fear,0.5,0.01703070109921553,23,0.2138497306920754,0.03859203257160698,0.5096468108868412,1
46,26,-0.9822287818945955,-0.027740729211897533,-0.019774008923738717,-0.026224924100272717,-0.01973648638814436,15,fear,0.5,0.02684780492684079,38,1.4969481148445278,0.18154129255361864,0.5452610846590874,1
46,26,-0.9822287818945955,-0.027740729211897533,-0.019774008923738717,-0.026224924100272717,-0.01973648638814436,16,fear,0.5,0.20218327567498928,21,0.04276994613841508,0.20599365299346248,0.5513170783415692,1
46,26,-0.9822287818945955,-0.027740729211897533,-0.019774008923738717,-0.026224924100272717,-0.01973648638814436,17,fear,0.5,-0.1334771970566687,29,0.7270890843530564,-0.05866300312252269,0.48533845360176514,1
46,26,-0.9822287818945955,-0.027740729211897533,-0.019774008923738717,-0.026224924100272717,-0.01973648638814436,18,fear,0.5,-0.019829893319496802,37,1.4114082225676976,0.125988117230322,0.5314554326223414,0
46,26,-0.9822287818945955,-0.027740729211897533,-0.019774008923738717,-0.026224924100272717,-0.01973648638814436,19,fear,0.5,0.03493782098342581,1,-1.668027899398188,-0.1387613432372829,0.4653652199195913,0
46,26,-0.9822287818945955,-0.027740729211897533,-0.019774008923738717,-0.026224924100272717,-0.01973648638814436,20,fear,0.5,0.050130844365563365,13,-0.6415491920762262,-0.017062594931636144,0.4957344547530339,0
46,26,-0.9822287818945955,-0.027740729211897533,-0.019774008923738717,-0.026224924100272717,-0.01973648638814436,21,neutral,-0.5,-0.034648782698473574,14,-0.5560092997993961,1.5170644746064954,0.8201058027417751,1
46,26,-0.9822287818945955,-0.027740729211897533,-0.019774008923738717,-0.026224924100272717,-0.01973648638814436,22,neutral,-0.5,0.20511447081031445,2,-1.582488007121358,1.8214455191504928,0.8607394874840385,1
46,26,-0.9822287818945955,-0.027740729211897533,-0.019774008923738717,-0.026224924100272717,-0.01973648638814436,23,neutral,-0.5,0.06768230030033125,6,-1.2403284380140374,1.6624740849621067,0.8405698400218066,0
46,26,-0.9822287818945955,-0.027740729211897533,-0.019774008923738717,-0.026224924100272717,-0.01973648638814436,24,neutral,-0.5,-0.08847636608881047,27,0.5560092997993961,1.3932342842613488,0.8011080762660872,0
46,26,-0.9822287818945955,-0.027740729211897533,-0.019774008923738717,-0.026224924100272717,-0.01973648638814436,25,neutral,-0.5,-0.06387461728079331,30,0.8126289766298865,1.4016815853105635,0.802450595161947,1
46,26,-0.9822287818945955,-0.027740729211897533,-0.019774008923738717,-0.026224924100272717,-0.01973648638814436,26,neutral,-0.5,0.020253570607942934,18,-0.2138497306920754,1.550427564234509,0.8249754768158581,1
46,26,-0.9822287818945955,-0.027740729211897533,-0.019774008923738717,-0.026224924100272717,-0.01973648638814436,27,neutral,-0.5,-0.1657771424201549,3,-1.4969481148445278,1.4451690900004228,0.809253838606308,1
46,26,-0.9822287818945955,-0.027740729211897533,-0.019774008923738717,-0.026224924100272717,-0.01973648638814436,28,neutral,-0.5,0.03240578810212312,17,-0.2993896229689056,1.56796459764829,0.8274932519514617,1
46,26,-0.9822287818945955,-0.027740729211897533,-0.019774008923738717,-0.026224924100272717,-0.01973648638814436,29,neutral,-0.5,-0.06427368638861679,19,-0.12830983841524524,1.4605154913183485,0.8116115051778927,1
46,26,-0.9822287818945955,-0.027740729211897533,-0.019774008923738717,-0.026224924100272717,-0.01973648638814436,30,neutral,-0.5,0.03388482847826553,32,0.9837087611835469,1.4886713992304208,0.8158787731294508,0
46,26,-0.9822287818945955,-0.027740729211897533,-0.019774008923738717,-0.026224924100272717,-0.01973648638814436,31,neutral,-0.5,0.10063449276941816,5,-1.3258683302908676,1.7008110933507943,0.8456406386829114,0
46,26,-0.9822287818945955,-0.027740729211897533,-0.019774008923738717,-0.026224924100272717,-0.01973648638814436,32,neutral,-0.5,-0.16523159438711074,9,-0.9837087611835469,1.4134057425158624,0.8043025629573267,1
46,26,-0.9822287818945955,-0.027740729211897533,-0.019774008923738717,-0.026224924100272717,-0.01973648638814436,33,neutral,-0.5,-0.17814514840944695,39,1.582488007121358,1.238947710905503,0.775380795009569,1
46,26,-0.9822287818945955,-0.027740729211897533,-0.019774008923738717,-0.026224924100272717,-0.01973648638814436,34,neutral,-0.5,0.20327413635404867,26,0.4704694075225659,1.6903696026238086,0.844272760032924,1
46,26,-0.9822287818945955,-0.027740729211897533,-0.019774008923738717,-0.026224924100272717,-0.01973648638814436,35,neutral,-0.5,0.10974661130988755,33,1.0692486534603771,1.5591483661424421,0.8262311151008034,1
46,26,-0.9822287818945955,-0.027740729211897533,-0.019774008923738717,-0.026224924100272717,-0.01973648638814436,36,neutral,-0.5,-0.11455850646691589,35,1.2403284380140374,1.3240736165264373,0.7898586517682695,1
46,26,-0.9822287818945955,-0.027740729211897533,-0.019774008923738717,-0.026224924100272717,-0.01973648638814436,37,neutral,-0.5,0.022093603635536613,15,-0.4704694075225659,1.568422045020905,0.8275585419444472,1
46,26,-0.9822287818945955,-0.027740729211897533,-0.019774008923738717,-0.026224924100272717,-0.01973648638814436,38,neutral,-0.5,-0.03248467960018497,24,0.2993896229689056,1.4653804185087764,0.812354216736941,1
46,26,-0.9822287818945955,-0.027740729211897533,-0.019774008923738717,-0.026224924100272717,-0.01973648638814436,39,neutral,-0.5,-0.021721780340038743,34,1.1547885457372071,1.4222951585729147,0.8056979727288276,1
46,26,-0.9822287818945955,-0.027740729211897533,-0.019774008923738717,-0.026224924100272717,-0.01973648638814436,40,neutral,-0.5,-0.04668537349067967,22,0.12830983841524524,1.4619493564574833,0.8118306427267048,1
47,24,-1.1152320021917648,0.1380572640868473,0.09863839543212195,0.13055887749458414,0.09870753931992723,1,fear,0.5,-0.08121017626445963,8,-1.0692486534603771,-0.07817391337551675,0.4804664683556963,0
47,24,-1.1152320021917648,0.1380572640868473,0.09863839543212195,0.13055887749458414,0.09870753931992723,2,fear,0.5,0.053067844990018875,10,-0.8981688689067168,0.10629259446306848,0.5265481579746095,1
47,24,-1.1152320021917648,0.1380572640868473,0.09863839543212195,0.13055887749458414,0.09870753931992723,3,fear,0.5,-0.11676296957720594,4,-1.4114082225676976,-0.21410367985647644,0.4466776177966262,1
47,24,-1.1152320021917648,0.1380572640868473,0.09863839543212195,0.13055887749458414,0.09870753931992723,4,fear,0.5,-0.11848507274328071,16,-0.3849295152457357,0.08530513648208915,0.5213133609703181,0
47,24,-1.1152320021917648,0.1380572640868473,0.09863839543212195,0.13055887749458414,0.09870753931992723,5,fear,0.5,-0.027683151933853067,5,-1.3258683302908676,-0.09992961892107019,0.47503836390667725,1
47,24,-1.1152320021917648,0.1380572640868473,0.09863839543212195,0.13055887749458414,0.09870753931992723,6,fear,0.5,0.06278918644554837,13,-0.6415491920762262,0.19129666579475801,0.5476788567310441,1
47,24,-1.1152320021917648,0.1380572640868473,0.09863839543212195,0.13055887749458414,0.09870753931992723,7,fear,0.5,-0.04999597070532241,20,-0.04276994613841508,0.25417121168826085,0.5632029105596521,1
47,24,-1.1152320021917648,0.1380572640868473,0.09863839543212195,0.13055887749458414,0.09870753931992723,8,fear,0.5,0.01022656605323173,27,0.5560092997993961,0.4900534514911887,0.6201190240676163,0
47,24,-1.1152320021917648,0.1380572640868473,0.09863839543212195,0.13055887749458414,0.09870753931992723,9,fear,0.5,0.07192665896287707,9,-0.9837087611835469,0.10005716514387325,0.5249934430757962,0
47,24,-1.1152320021917648,0.1380572640868473,0.09863839543212195,0.13055887749458414,0.09870753931992723,10,fear,0.5,-0.12515440144751105,32,0.9837087611835469,0.48014370045071303,0.6177818069639116,1
47,24,-1.1152320021917648,0.1380572640868473,0.09863839543212195,0.13055887749458414,0.09870753931992723,11,fear,0.5,0.1274762977942073,19,-0.12830983841524524,0.4065492368957375,0.6002601626785511,1
47,24,-1.1152320021917648,0.1380572640868473,0.09863839543212195,0.13055887749458414,0.09870753931992723,12,fear,0.5,0.19901381146458244,38,1.4969481148445278,0.9548773731151267,0.722094998515168,1
47,24,-1.1152320021917648,0.1380572640868473,0.09863839543212195,0.13055887749458414,0.09870753931992723,13,fear,0.5,-0.07533295985117497,12,-0.7270890843530564,0.028080276205981483,0.5070196078097087,1
47,24,-1.1152320021917648,0.1380572640868473,0.09863839543212195,0.13055887749458414,0.09870753931992723,14,fear,0.5,0.01703070109921553,37,1.4114082225676976,0.7478000194577061,0.6786991455872083,0
47,24,-1.1152320021917648,0.1380572640868473,0.09863839543212195,0.13055887749458414,0.09870753931992723,15,fear,0.5,0.02684780492684079,26,0.4704694075225659,0.48158044707274444,0.618121004815951,0
47,24,-1.1152320021917648,0.1380572640868473,0.09863839543212195,0.13055887749458414,0.09870753931992723,16,fear,0.5,0.20218327567498928,36,1.3258683302908676,0.9078583507414265,0.7125617152315957,1
47,24,-1.1152320021917648,0.1380572640868473,0.09863839543212195,0.13055887749458414,0.09870753931992723,17,fear,0.5,-0.1334771970566687,33,1.0692486534603771,0.49691514813360854,0.6217341061693225,0
47,24,-1.1152320021917648,0.1380572640868473,0.09863839543212195,0.13055887749458414,0.09870753931992723,18,fear,0.5,-0.019829893319496802,31,0.8981688689067168,0.5603739652866738,0.6365390642167661,1
47,24,-1.1152320021917648,0.1380572640868473,0.09863839543212195,0.13055887749458414,0.09870753931992723,19,fear,0.5,0.03493782098342581,25,0.3849295152457357,0.46457621983727604,0.6140992196314298,1
47,24,-1.1152320021917648,0.1380572640868473,0.09863839543212195,0.13055887749458414,0.09870753931992723,20,fear,0.5,0.050130844365563365,6,-1.2403284380140374,0.0029786206703996954,0.5007446546170408,0
47,24,-1.1152320021917648,0.1380572640868473,0.09863839543212195,0.13055887749458414,0.09870753931992723,21,neutral,-0.5,-0.034648782698473574,18,-0.2138497306920754,1.713055532771803,0.847232180998849,1
47,24,-1.1152320021917648,0.1380572640868473,0.09863839543212195,0.13055887749458414,0.09870753931992723,22,neutral,-0.5,0.20511447081031445,7,-1.1547885457372071,1.9701234927298112,0.8776243768936576,1
47,24,-1.1152320021917648,0.1380572640868473,0.09863839543212195,0.13055887749458414,0.09870753931992723,23,neutral,-0.5,0.06768230030033125,40,1.668027899398188,1.7807772028721665,0.855792808189798,1
47,24,-1.1152320021917648,0.1380572640868473,0.09863839543212195,0.13055887749458414,0.09870753931992723,24,neutral,-0.5,-0.08847636608881047,23,0.2138497306920754,1.6513621737227295,0.8390750671165312,1
47,24,-1.1152320021917648,0.1380572640868473,0.09863839543212195,0.13055887749458414,0.09870753931992723,25,neutral,-0.5,-0.06387461728079331,24,0.2993896229689056,1.6743907673989993,0.8421603468276546,0
47,24,-1.1152320021917648,0.1380572640868473,0.09863839543212195,0.13055887749458414,0.09870753931992723,26,neutral,-0.5,0.020253570607942934,29,0.7270890843530564,1.7506531796289988,0.8520351680708838,1
47,24,-1.1152320021917648,0.1380572640868473,0.09863839543212195,0.13055887749458414,0.09870753931992723,27,neutral,-0.5,-0.1657771424201549,1,-1.668027899398188,1.6086708102898262,0.8332267641242538,1
47,24,-1.1152320021917648,0.1380572640868473,0.09863839543212195,0.13055887749458414,0.09870753931992723,28,neutral,-0.5,0.03240578810212312,11,-0.8126289766298865,1.7911221894946308,0.8570648051277951,1
47,24,-1.1152320021917648,0.1380572640868473,0.09863839543212195,0.13055887749458414,0.09870753931992723,29,neutral,-0.5,-0.06427368638861679,15,-0.4704694075225659,1.6881500944769017,0.8439807243585573,1
47,24,-1.1152320021917648,0.1380572640868473,0.09863839543212195,0.13055887749458414,0.09870753931992723,30,neutral,-0.5,0.03388482847826553,22,0.12830983841524524,1.7752965234215528,0.8551151096337853,1
47,24,-1.1152320021917648,0.1380572640868473,0.09863839543212195,0.13055887749458414,0.09870753931992723,31,neutral,-0.5,0.10063449276941816,21,0.04276994613841508,1.8436193428444527,0.8633761986829432,1
47,24,-1.1152320021917648,0.1380572640868473,0.09863839543212195,0.13055887749458414,0.09870753931992723,32,neutral,-0.5,-0.16523159438711074,3,-1.4969481148445278,1.6060700480593755,0.8328650491291296,1
47,24,-1.1152320021917648,0.1380572640868473,0.09863839543212195,0.13055887749458414,0.09870753931992723,33,neutral,-0.5,-0.17814514840944695,30,0.8126289766298865,1.5506813054798618,0.8250121117315564,1
47,24,-1.1152320021917648,0.1380572640868473,0.09863839543212195,0.13055887749458414,0.09870753931992723,34,neutral,-0.5,0.20327413635404867,28,0.6415491920762262,1.935246900506852,0.8738290359300059,1
47,24,-1.1152320021917648,0.1380572640868473,0.09863839543212195,0.13055887749458414,0.09870753931992723,35,neutral,-0.5,0.10974661130988755,17,-0.2993896229689056,1.8590240819119113,0.8651831562933614,0
47,24,-1.1152320021917648,0.1380572640868473,0.09863839543212195,0.13055887749458414,0.09870753931992723,36,neutral,-0.5,-0.11455850646691589,34,1.1547885457372071,1.6079753268954038,0.8331300974058788,1
47,24,-1.1152320021917648,0.1380572640868473,0.09863839543212195,0.13055887749458414,0.09870753931992723,37,neutral,-0.5,0.022093603635536613,39,1.582488007121358,1.7367616613391195,0.8502752689899334,1
47,24,-1.1152320021917648,0.1380572640868473,0.09863839543212195,0.13055887749458414,0.09870753931992723,38,neutral,-0.5,-0.03248467960018497,35,1.2403284380140374,1.6884759986303872,0.8440236337142024,0
47,24,-1.1152320021917648,0.1380572640868473,0.09863839543212195,0.13055887749458414,0.09870753931992723,39,neutral,-0.5,-0.021721780340038743,14,-0.5560092997993961,1.732275155657227,0.8497032063087843,1
47,24,-1.1152320021917648,0.1380572640868473,0.09863839543212195,0.13055887749458414,0.09870753931992723,40,neutral,-0.5,-0.04668537349067967,2,-1.582488007121358,1.7261894240875542,0.8489243565809349,1
48,63,1.4783307936030365,-0.7768986383240942,-0.555941921382816,-0.7354883271858657,-0.5554941194646728,1,fear,0.5,-0.08121017626445963,32,0.9837087611835469,-3.445657401058583,0.03089862916194483,0
48,63,1.4783307936030365,-0.7768986383240942,-0.555941921382816,-0.7354883271858657,-0.5554941194646728,2,fear,0.5,0.053067844990018875,6,-1.2403284380140374,-1.2613981062144457,0.2207333099134806,0
48,63,1.4783307936030365,-0.7768986383240942,-0.555941921382816,-0.7354883271858657,-0.5554941194646728,3,fear,0.5,-0.11676296957720594,9,-0.9837087611835469,-1.667765221580477,0.15872236031116754,0
48,63,1.4783307936030365,-0.7768986383240942,-0.555941921382816,-0.7354883271858657,-0.5554941194646728,4,fear,0.5,-0.11848507274328071,34,1.1547885457372071,-3.640623164736609,0.025565259642718854,0
48,63,1.4783307936030365,-0.7768986383240942,-0.555941921382816,-0.7354883271858657,-0.5554941194646728,5,fear,0.5,-0.027683151933853067,5,-1.3258683302908676,-1.2633036695387145,0.22040570818118146,0
48,63,1.4783307936030365,-0.7768986383240942,-0.555941921382816,-0.7354883271858657,-0.5554941194646728,6,fear,0.5,0.06278918644554837,33,1.0692486534603771,-3.3805034719481766,0.03291036688927875,0
48,63,1.4783307936030365,-0.7768986383240942,-0.555941921382816,-0.7354883271858657,-0.5554941194646728,7,fear,0.5,-0.04999597070532241,24,0.2993896229689056,-2.7836797267026268,0.05821249069383826,0
48,63,1.4783307936030365,-0.7768986383240942,-0.555941921382816,-0.7354883271858657,-0.5554941194646728,8,fear,0.5,0.01022656605323173,20,-0.04276994613841508,-2.408075455545664,0.08255897181462757,0
48,63,1.4783307936030365,-0.7768986383240942,-0.555941921382816,-0.7354883271858657,-0.5554941194646728,9,fear,0.5,0.07192665896287707,28,0.6415491920762262,-2.9771388314328364,0.04846941584430857,0
48,63,1.4783307936030365,-0.7768986383240942,-0.555941921382816,-0.7354883271858657,-0.5554941194646728,10,fear,0.5,-0.12515440144751105,35,1.2403284380140374,-3.726137927040441,0.023519201198325016,0
48,63,1.4783307936030365,-0.7768986383240942,-0.555941921382816,-0.7354883271858657,-0.5554941194646728,11,fear,0.5,0.1274762977942073,4,-1.4114082225676976,-1.029298786211052,0.263220071668228,0
48,63,1.4783307936030365,-0.7768986383240942,-0.555941921382816,-0.7354883271858657,-0.5554941194646728,12,fear,0.5,0.19901381146458244,22,0.12830983841524524,-2.3769790773335178,0.08494508606129256,0
48,63,1.4783307936030365,-0.7768986383240942,-0.555941921382816,-0.7354883271858657,-0.5554941194646728,13,fear,0.5,-0.07533295985117497,1,-1.668027899398188,-0.9955717430576281,0.2698129598507554,0
48,63,1.4783307936030365,-0.7768986383240942,-0.555941921382816,-0.7354883271858657,-0.5554941194646728,14,fear,0.5,0.01703070109921553,30,0.8126289766298865,-3.1897256564957037,0.03955420045252547,0
48,63,1.4783307936030365,-0.7768986383240942,-0.555941921382816,-0.7354883271858657,-0.5554941194646728,15,fear,0.5,0.02684780492684079,10,-0.8981688689067168,-1.6029998806760326,0.16756275766983986,0
48,63,1.4783307936030365,-0.7768986383240942,-0.555941921382816,-0.7354883271858657,-0.5554941194646728,16,fear,0.5,0.20218327567498928,7,-1.1547885457372071,-1.1911281091290769,0.23305723506671963,0
48,63,1.4783307936030365,-0.7768986383240942,-0.555941921382816,-0.7354883271858657,-0.5554941194646728,17,fear,0.5,-0.1334771970566687,3,-1.4969481148445278,-1.211406847462326,0.2294522201682049,0
48,63,1.4783307936030365,-0.7768986383240942,-0.555941921382816,-0.7354883271858657,-0.5554941194646728,18,fear,0.5,-0.019829893319496802,27,0.5560092997993961,-2.9900499501156093,0.04787741281417616,0
48,63,1.4783307936030365,-0.7768986383240942,-0.555941921382816,-0.7354883271858657,-0.5554941194646728,19,fear,0.5,0.03493782098342581,39,1.582488007121358,-3.8814274390079135,0.020204719453554336,0
48,63,1.4783307936030365,-0.7768986383240942,-0.555941921382816,-0.7354883271858657,-0.5554941194646728,20,fear,0.5,0.050130844365563365,16,-0.3849295152457357,-2.052789442834923,0.11377082690093104,0
48,63,1.4783307936030365,-0.7768986383240942,-0.555941921382816,-0.7354883271858657,-0.5554941194646728,21,neutral,-0.5,-0.034648782698473574,29,0.7270890843530564,-1.5400965381624843,0.17652124140948774,0
48,63,1.4783307936030365,-0.7768986383240942,-0.555941921382816,-0.7354883271858657,-0.5554941194646728,22,neutral,-0.5,0.20511447081031445,8,-1.0692486534603771,-1.1915138850721814,0.23298828797377572,0
48,63,1.4783307936030365,-0.7768986383240942,-0.555941921382816,-0.7354883271858657,-0.5554941194646728,23,neutral,-0.5,0.06768230030033125,19,-0.12830983841524524,-1.3859466934581959,0.20005563262781048,0
48,63,1.4783307936030365,-0.7768986383240942,-0.555941921382816,-0.7354883271858657,-0.5554941194646728,24,neutral,-0.5,-0.08847636608881047,40,1.668027899398188,-1.6509247594288528,0.1609840048643798,0
48,63,1.4783307936030365,-0.7768986383240942,-0.555941921382816,-0.7354883271858657,-0.5554941194646728,25,neutral,-0.5,-0.06387461728079331,31,0.8981688689067168,-1.5796861250859002,0.1708399389574859,0
48,63,1.4783307936030365,-0.7768986383240942,-0.555941921382816,-0.7354883271858657,-0.5554941194646728,26,neutral,-0.5,0.020253570607942934,15,-0.4704694075225659,-1.412647918468391,0.195816746017859,0
48,63,1.4783307936030365,-0.7768986383240942,-0.555941921382816,-0.7354883271858657,-0.5554941194646728,27,neutral,-0.5,-0.1657771424201549,36,1.3258683302908676,-1.7074980310780037,0.153488514305323,1
48,63,1.4783307936030365,-0.7768986383240942,-0.555941921382816,-0.7354883271858657,-0.5554941194646728,28,neutral,-0.5,0.03240578810212312,25,0.3849295152457357,-1.4523144626796942,0.18964562350218986,1
48,63,1.4783307936030365,-0.7768986383240942,-0.555941921382816,-0.7354883271858657,-0.5554941194646728,29,neutral,-0.5,-0.06427368638861679,12,-0.7270890843530564,-1.4816295469533058,0.18518141201434019,0
48,63,1.4783307936030365,-0.7768986383240942,-0.555941921382816,-0.7354883271858657,-0.5554941194646728,30,neutral,-0.5,0.03388482847826553,26,0.4704694075225659,-1.4560172984740996,0.18907722494930193,1
48,63,1.4783307936030365,-0.7768986383240942,-0.555941921382816,-0.7354883271858657,-0.5554941194646728,31,neutral,-0.5,0.10063449276941816,13,-0.6415491920762262,-1.3219032439658192,0.2105018175578112,0
48,63,1.4783307936030365,-0.7768986383240942,-0.555941921382816,-0.7354883271858657,-0.5554941194646728,32,neutral,-0.5,-0.16523159438711074,17,-0.2993896229689056,-1.6084968358045415,0.16679741275848653,0
48,63,1.4783307936030365,-0.7768986383240942,-0.555941921382816,-0.7354883271858657,-0.5554941194646728,33,neutral,-0.5,-0.17814514840944695,23,0.2138497306920754,-1.6525016468501676,0.1607711314338037,0
48,63,1.4783307936030365,-0.7768986383240942,-0.555941921382816,-0.7354883271858657,-0.5554941194646728,34,neutral,-0.5,0.20327413635404867,21,0.04276994613841508,-1.2607186097455754,0.22085021235877758,0
48,63,1.4783307936030365,-0.7768986383240942,-0.555941921382816,-0.7354883271858657,-0.5554941194646728,35,neutral,-0.5,0.10974661130988755,37,1.4114082225676976,-1.4371561535185093,0.19198612082604088,0
48,63,1.4783307936030365,-0.7768986383240942,-0.555941921382816,-0.7354883271858657,-0.5554941194646728,36,neutral,-0.5,-0.11455850646691589,38,1.4969481148445278,-1.6666431474658616,0.15887224777017014,0
48,63,1.4783307936030365,-0.7768986383240942,-0.555941921382816,-0.7354883271858657,-0.5554941194646728,37,neutral,-0.5,0.022093603635536613,18,-0.2138497306920754,-1.4263535139524424,0.19366748491545185,0
48,63,1.4783307936030365,-0.7768986383240942,-0.555941921382816,-0.7354883271858657,-0.5554941194646728,38,neutral,-0.5,-0.03248467960018497,11,-0.8126289766298865,-1.4446586639943257,0.1908249642425724,0
48,63,1.4783307936030365,-0.7768986383240942,-0.555941921382816,-0.7354883271858657,-0.5554941194646728,39,neutral,-0.5,-0.021721780340038743,14,-0.5560092997993961,-1.4494413932458245,0.19008755102469602,1
48,63,1.4783307936030365,-0.7768986383240942,-0.555941921382816,-0.7354883271858657,-0.5554941194646728,40,neutral,-0.5,-0.04668537349067967,2,-1.582488007121358,-1.4122224723498855,0.1958837507724903,0
49,55,0.9463179124143594,-0.10198759203814554,-0.07287585562575856,-0.0965462864096511,-0.07284008116148637,1,fear,0.5,-0.08121017626445963,20,-0.04276994613841508,-1.2455531743647148,0.22347085473263958,0
49,55,0.9463179124143594,-0.10198759203814554,-0.07287585562575856,-0.0965462864096511,-0.07284008116148637,2,fear,0.5,0.053067844990018875,7,-1.1547885457372071,-0.945067839874289,0.2798778001252999,0
49,55,0.9463179124143594,-0.10198759203814554,-0.07287585562575856,-0.0965462864096511,-0.07284008116148637,3,fear,0.5,-0.11676296957720594,23,0.2138497306920754,-1.3194615015011417,0.21090789954665878,0
49,55,0.9463179124143594,-0.10198759203814554,-0.07287585562575856,-0.0965462864096511,-0.07284008116148637,4,fear,0.5,-0.11848507274328071,18,-0.2138497306920754,-1.2572577149610826,0.22144632251134738,0
49,55,0.9463179124143594,-0.10198759203814554,-0.07287585562575856,-0.0965462864096511,-0.07284008116148637,5,fear,0.5,-0.027683151933853067,31,0.8981688689067168,-1.3326631073876025,0.20871919721360002,0
49,55,0.9463179124143594,-0.10198759203814554,-0.07287585562575856,-0.0965462864096511,-0.07284008116148637,6,fear,0.5,0.06278918644554837,6,-1.2403284380140374,-0.9225613204775327,0.28443629517475594,0
49,55,0.9463179124143594,-0.10198759203814554,-0.07287585562575856,-0.0965462864096511,-0.07284008116148637,7,fear,0.5,-0.04999597070532241,28,0.6415491920762262,-1.3166203923353916,0.21138112165055734,1
49,55,0.9463179124143594,-0.10198759203814554,-0.07287585562575856,-0.0965462864096511,-0.07284008116148637,8,fear,0.5,0.01022656605323173,33,1.0692486534603771,-1.3203237452829713,0.21076443574196133,0
49,55,0.9463179124143594,-0.10198759203814554,-0.07287585562575856,-0.0965462864096511,-0.07284008116148637,9,fear,0.5,0.07192665896287707,34,1.1547885457372071,-1.2714088303145528,0.21901617895919473,0
49,55,0.9463179124143594,-0.10198759203814554,-0.07287585562575856,-0.0965462864096511,-0.07284008116148637,10,fear,0.5,-0.12515440144751105,3,-1.4969481148445278,-1.072149374546912,0.2549945475039766,0
49,55,0.9463179124143594,-0.10198759203814554,-0.07287585562575856,-0.0965462864096511,-0.07284008116148637,11,fear,0.5,0.1274762977942073,10,-0.8981688689067168,-0.9090149208937808,0.2872014571900026,0
49,55,0.9463179124143594,-0.10198759203814554,-0.07287585562575856,-0.0965462864096511,-0.07284008116148637,12,fear,0.5,0.19901381146458244,11,-0.8126289766298865,-0.8502625851646326,0.29937777719636954,1
49,55,0.9463179124143594,-0.10198759203814554,-0.07287585562575856,-0.0965462864096511,-0.07284008116148637,13,fear,0.5,-0.07533295985117497,15,-0.4704694075225659,-1.1757500682452966,0.23581720553271418,0
49,55,0.9463179124143594,-0.10198759203814554,-0.07287585562575856,-0.0965462864096511,-0.07284008116148637,14,fear,0.5,0.01703070109921553,25,0.3849295152457357,-1.2112381867071735,0.22948204140799128,0
49,55,0.9463179124143594,-0.10198759203814554,-0.07287585562575856,-0.0965462864096511,-0.07284008116148637,15,fear,0.5,0.02684780492684079,9,-0.9837087611835469,-0.9968582358199205,0.2695595779301202,0
49,55,0.9463179124143594,-0.10198759203814554,-0.07287585562575856,-0.0965462864096511,-0.07284008116148637,16,fear,0.5,0.20218327567498928,19,-0.12830983841524524,-0.9493745444840395,0.2790106235278212,0
49,55,0.9463179124143594,-0.10198759203814554,-0.07287585562575856,-0.0965462864096511,-0.07284008116148637,17,fear,0.5,-0.1334771970566687,5,-1.3258683302908676,-1.1060425260385232,0.2486094199756022,0
49,55,0.9463179124143594,-0.10198759203814554,-0.07287585562575856,-0.0965462864096511,-0.07284008116148637,18,fear,0.5,-0.019829893319496802,27,0.5560092997993961,-1.2736691370083393,0.21862980336653107,0
49,55,0.9463179124143594,-0.10198759203814554,-0.07287585562575856,-0.0965462864096511,-0.07284008116148637,19,fear,0.5,0.03493782098342581,35,1.2403284380140374,-1.3211828462352309,0.21062156600349646,0
49,55,0.9463179124143594,-0.10198759203814554,-0.07287585562575856,-0.0965462864096511,-0.07284008116148637,20,fear,0.5,0.050130844365563365,13,-0.6415491920762262,-1.024715908146105,0.2641098172782308,0
49,55,0.9463179124143594,-0.10198759203814554,-0.07287585562575856,-0.0965462864096511,-0.07284008116148637,21,neutral,-0.5,-0.034648782698473574,26,0.4704694075225659,-0.5242990688241371,0.37184751835302987,0
49,55,0.9463179124143594,-0.10198759203814554,-0.07287585562575856,-0.0965462864096511,-0.07284008116148637,22,neutral,-0.5,0.20511447081031445,8,-1.0692486534603771,-0.4733655377461143,0.3838199759252888,0
49,55,0.9463179124143594,-0.10198759203814554,-0.07287585562575856,-0.0965462864096511,-0.07284008116148637,23,neutral,-0.5,0.06768230030033125,4,-1.4114082225676976,-0.6527598687962674,0.3423678769782358,0
49,55,0.9463179124143594,-0.10198759203814554,-0.07287585562575856,-0.0965462864096511,-0.07284008116148637,24,neutral,-0.5,-0.08847636608881047,12,-0.7270890843530564,-0.7249942141050691,0.326294172435991,0
49,55,0.9463179124143594,-0.10198759203814554,-0.07287585562575856,-0.0965462864096511,-0.07284008116148637,25,neutral,-0.5,-0.06387461728079331,14,-0.5560092997993961,-0.6794113850269669,0.33639268801798095,1
49,55,0.9463179124143594,-0.10198759203814554,-0.07287585562575856,-0.0965462864096511,-0.07284008116148637,26,neutral,-0.5,0.020253570607942934,40,1.668027899398188,-0.32252915362712575,0.4200594976939465,1
49,55,0.9463179124143594,-0.10198759203814554,-0.07287585562575856,-0.0965462864096511,-0.07284008116148637,27,neutral,-0.5,-0.1657771424201549,30,0.8126289766298865,-0.6134652680056485,0.3512691292629018,0
49,55,0.9463179124143594,-0.10198759203814554,-0.07287585562575856,-0.0965462864096511,-0.07284008116148637,28,neutral,-0.5,0.03240578810212312,39,1.582488007121358,-0.320867476267988,0.420464351797075,1
49,55,0.9463179124143594,-0.10198759203814554,-0.07287585562575856,-0.0965462864096511,-0.07284008116148637,29,neutral,-0.5,-0.06427368638861679,29,0.7270890843530564,-0.5224523521091529,0.37227897078052413,0
49,55,0.9463179124143594,-0.10198759203814554,-0.07287585562575856,-0.0965462864096511,-0.07284008116148637,30,neutral,-0.5,0.03388482847826553,36,1.3258683302908676,-0.35086005629697314,0.41317387521976773,1
49,55,0.9463179124143594,-0.10198759203814554,-0.07287585562575856,-0.0965462864096511,-0.07284008116148637,31,neutral,-0.5,0.10063449276941816,16,-0.3849295152457357,-0.4939211947066705,0.3789702704102598,0
49,55,0.9463179124143594,-0.10198759203814554,-0.07287585562575856,-0.0965462864096511,-0.07284008116148637,32,neutral,-0.5,-0.16523159438711074,32,0.9837087611835469,-0.5919386397025193,0.35619016407063253,0
49,55,0.9463179124143594,-0.10198759203814554,-0.07287585562575856,-0.0965462864096511,-0.07284008116148637,33,neutral,-0.5,-0.17814514840944695,38,1.4969481148445278,-0.5419089529146007,0.36774362300886476,1
49,55,0.9463179124143594,-0.10198759203814554,-0.07287585562575856,-0.0965462864096511,-0.07284008116148637,34,neutral,-0.5,0.20327413635404867,1,-1.668027899398188,-0.5486396531476775,0.3661800774080039,1
49,55,0.9463179124143594,-0.10198759203814554,-0.07287585562575856,-0.0965462864096511,-0.07284008116148637,35,neutral,-0.5,0.10974661130988755,37,1.4114082225676976,-0.26450773333030847,0.4342559321400129,1
49,55,0.9463179124143594,-0.10198759203814554,-0.07287585562575856,-0.0965462864096511,-0.07284008116148637,36,neutral,-0.5,-0.11455850646691589,21,0.04276994613841508,-0.6566614932677921,0.3414899590332172,0
49,55,0.9463179124143594,-0.10198759203814554,-0.07287585562575856,-0.0965462864096511,-0.07284008116148637,37,neutral,-0.5,0.022093603635536613,22,0.12830983841524524,-0.509518843030297,0.3753063267290695,0
49,55,0.9463179124143594,-0.10198759203814554,-0.07287585562575856,-0.0965462864096511,-0.07284008116148637,38,neutral,-0.5,-0.03248467960018497,2,-1.582488007121358,-0.7739079289668687,0.31563434967403925,0
49,55,0.9463179124143594,-0.10198759203814554,-0.07287585562575856,-0.0965462864096511,-0.07284008116148637,39,neutral,-0.5,-0.021721780340038743,24,0.2993896229689056,-0.5323531467357874,0.369968221343657,1
49,55,0.9463179124143594,-0.10198759203814554,-0.07287585562575856,-0.0965462864096511,-0.07284008116148637,40,neutral,-0.5,-0.04668537349067967,17,-0.2993896229689056,-0.6307505208317259,0.34734037896937664,1
50,65,1.611334013900206,-0.14950559602541466,-0.1069364310282977,-0.14159958230109662,-0.10680098844927922,1,fear,0.5,-0.08121017626445963,27,0.5560092997993961,-1.832510176849481,0.13793951114611375,0
50,65,1.611334013900206,-0.14950559602541466,-0.1069364310282977,-0.14159958230109662,-0.10680098844927922,2,fear,0.5,0.053067844990018875,13,-0.6415491920762262,-1.3864394354880436,0.19997678911132774,0
50,65,1.611334013900206,-0.14950559602541466,-0.1069364310282977,-0.14159958230109662,-0.10680098844927922,3,fear,0.5,-0.11676296957720594,6,-1.2403284380140374,-1.4003738900017892,0.19775678744813524,0
50,65,1.611334013900206,-0.14950559602541466,-0.1069364310282977,-0.14159958230109662,-0.10680098844927922,4,fear,0.5,-0.11848507274328071,9,-0.9837087611835469,-1.4689087189050696,0.18710853998722704,0
50,65,1.611334013900206,-0.14950559602541466,-0.1069364310282977,-0.14159958230109662,-0.10680098844927922,5,fear,0.5,-0.027683151933853067,32,0.9837087611835469,-1.8903376954142175,0.13120597041850027,0
50,65,1.611334013900206,-0.14950559602541466,-0.1069364310282977,-0.14159958230109662,-0.10680098844927922,6,fear,0.5,0.06278918644554837,4,-1.4114082225676976,-1.1762799168208977,0.2357217362371595,1
50,65,1.611334013900206,-0.14950559602541466,-0.1069364310282977,-0.14159958230109662,-0.10680098844927922,7,fear,0.5,-0.04999597070532241,24,0.2993896229689056,-1.734483245553139,0.1500150213733239,1
50,65,1.611334013900206,-0.14950559602541466,-0.1069364310282977,-0.14159958230109662,-0.10680098844927922,8,fear,0.5,0.01022656605323173,14,-0.5560092997993961,-1.4515516230038994,0.1897628845823229,0
50,65,1.611334013900206,-0.14950559602541466,-0.1069364310282977,-0.14159958230109662,-0.10680098844927922,9,fear,0.5,0.07192665896287707,12,-0.7270890843530564,-1.345309712936117,0.20663823423407868,0
50,65,1.611334013900206,-0.14950559602541466,-0.1069364310282977,-0.14159958230109662,-0.10680098844927922,10,fear,0.5,-0.12515440144751105,2,-1.582488007121358,-1.31968168755582,0.21087125724830658,1
50,65,1.611334013900206,-0.14950559602541466,-0.1069364310282977,-0.14159958230109662,-0.10680098844927922,11,fear,0.5,0.1274762977942073,21,0.04276994613841508,-1.4901982513164036,0.18389197284682485,0
50,65,1.611334013900206,-0.14950559602541466,-0.1069364310282977,-0.14159958230109662,-0.10680098844927922,12,fear,0.5,0.19901381146458244,26,0.4704694075225659,-1.530015280541371,0.17799145007169268,0
50,65,1.611334013900206,-0.14950559602541466,-0.1069364310282977,-0.14159958230109662,-0.10680098844927922,13,fear,0.5,-0.07533295985117497,10,-0.8981688689067168,-1.4480275145920323,0.19030531907134196,0
50,65,1.611334013900206,-0.14950559602541466,-0.1069364310282977,-0.14159958230109662,-0.10680098844927922,14,fear,0.5,0.01703070109921553,20,-0.04276994613841508,-1.5783729394323265,0.17102603691775486,0
50,65,1.611334013900206,-0.14950559602541466,-0.1069364310282977,-0.14159958230109662,-0.10680098844927922,15,fear,0.5,0.02684780492684079,33,1.0692486534603771,-1.8580776471325917,0.13492727521335898,0
50,65,1.611334013900206,-0.14950559602541466,-0.1069364310282977,-0.14159958230109662,-0.10680098844927922,16,fear,0.5,0.20218327567498928,29,0.7270890843530564,-1.5936585420681693,0.16886978812818323,1
50,65,1.611334013900206,-0.14950559602541466,-0.1069364310282977,-0.14159958230109662,-0.10680098844927922,17,fear,0.5,-0.1334771970566687,37,1.4114082225676976,-2.1074862834323755,0.10837132058937614,0
50,65,1.611334013900206,-0.14950559602541466,-0.1069364310282977,-0.14159958230109662,-0.10680098844927922,18,fear,0.5,-0.019829893319496802,25,0.3849295152457357,-1.7265880767463815,0.1510245226121949,0
50,65,1.611334013900206,-0.14950559602541466,-0.1069364310282977,-0.14159958230109662,-0.10680098844927922,19,fear,0.5,0.03493782098342581,18,-0.2138497306920754,-1.5159240023899794,0.18006251514882704,0
50,65,1.611334013900206,-0.14950559602541466,-0.1069364310282977,-0.14159958230109662,-0.10680098844927922,20,fear,0.5,0.050130844365563365,34,1.1547885457372071,-1.8570655162729381,0.13504545671416907,0
50,65,1.611334013900206,-0.14950559602541466,-0.1069364310282977,-0.14159958230109662,-0.10680098844927922,21,neutral,-0.5,-0.034648782698473574,17,-0.2993896229689056,-1.3587594626157529,0.20444199608839342,0
50,65,1.611334013900206,-0.14950559602541466,-0.1069364310282977,-0.14159958230109662,-0.10680098844927922,22,neutral,-0.5,0.20511447081031445,7,-1.1547885457372071,-1.271865238956098,0.21893812114350122,0
50,65,1.611334013900206,-0.14950559602541466,-0.1069364310282977,-0.14159958230109662,-0.10680098844927922,23,neutral,-0.5,0.06768230030033125,38,1.4969481148445278,-0.9354034169337685,0.2818297653377627,0
50,65,1.611334013900206,-0.14950559602541466,-0.1069364310282977,-0.14159958230109662,-0.10680098844927922,24,neutral,-0.5,-0.08847636608881047,22,0.12830983841524524,-1.3361525310815232,0.20814348545872194,0
50,65,1.611334013900206,-0.14950559602541466,-0.1069364310282977,-0.14159958230109662,-0.10680098844927922,25,neutral,-0.5,-0.06387461728079331,39,1.582488007121358,-1.0516734315299798,0.2589038855309912,0
50,65,1.611334013900206,-0.14950559602541466,-0.1069364310282977,-0.14159958230109662,-0.10680098844927922,26,neutral,-0.5,0.020253570607942934,28,0.6415491920762262,-1.1357011764752898,0.2431105042097505,1
50,65,1.611334013900206,-0.14950559602541466,-0.1069364310282977,-0.14159958230109662,-0.10680098844927922,27,neutral,-0.5,-0.1657771424201549,30,0.8126289766298865,-1.2911580835335612,0.21565685767293363,1
50,65,1.611334013900206,-0.14950559602541466,-0.1069364310282977,-0.14159958230109662,-0.10680098844927922,28,neutral,-0.5,0.03240578810212312,23,0.2138497306920754,-1.199983473905676,0.23147815641433445,0
50,65,1.611334013900206,-0.14950559602541466,-0.1069364310282977,-0.14159958230109662,-0.10680098844927922,29,neutral,-0.5,-0.06427368638861679,5,-1.3258683302908676,-1.5718272021248558,0.17195606561358795,1
50,65,1.611334013900206,-0.14950559602541466,-0.1069364310282977,-0.14159958230109662,-0.10680098844927922,30,neutral,-0.5,0.03388482847826553,36,1.3258683302908676,-0.9997746947256607,0.2689857213815668,0
50,65,1.611334013900206,-0.14950559602541466,-0.1069364310282977,-0.14159958230109662,-0.10680098844927922,31,neutral,-0.5,0.10063449276941816,16,-0.3849295152457357,-1.2387630901327744,0.22465136117919868,0
50,65,1.611334013900206,-0.14950559602541466,-0.1069364310282977,-0.14159958230109662,-0.10680098844927922,32,neutral,-0.5,-0.16523159438711074,40,1.668027899398188,-1.1377435056513834,0.24273489693183917,0
50,65,1.611334013900206,-0.14950559602541466,-0.1069364310282977,-0.14159958230109662,-0.10680098844927922,33,neutral,-0.5,-0.17814514840944695,8,-1.0692486534603771,-1.639837955190946,0.16248711325079737,0
50,65,1.611334013900206,-0.14950559602541466,-0.1069364310282977,-0.14159958230109662,-0.10680098844927922,34,neutral,-0.5,0.20327413635404867,15,-0.4704694075225659,-1.1514103495330572,0.24023157124112096,0
50,65,1.611334013900206,-0.14950559602541466,-0.1069364310282977,-0.14159958230109662,-0.10680098844927922,35,neutral,-0.5,0.10974661130988755,3,-1.4969481148445278,-1.428380710396178,0.19335111370144364,0
50,65,1.611334013900206,-0.14950559602541466,-0.1069364310282977,-0.14159958230109662,-0.10680098844927922,36,neutral,-0.5,-0.11455850646691589,19,-0.12830983841524524,-1.4080953804143683,0.19653463868714274,1
50,65,1.611334013900206,-0.14950559602541466,-0.1069364310282977,-0.14159958230109662,-0.10680098844927922,37,neutral,-0.5,0.022093603635536613,31,0.8981688689067168,-1.0880004344929561,0.2519949965894769,1
50,65,1.611334013900206,-0.14950559602541466,-0.1069364310282977,-0.14159958230109662,-0.10680098844927922,38,neutral,-0.5,-0.03248467960018497,11,-0.8126289766298865,-1.4483167774269439,0.19026075078406762,0
50,65,1.611334013900206,-0.14950559602541466,-0.1069364310282977,-0.14159958230109662,-0.10680098844927922,39,neutral,-0.5,-0.021721780340038743,1,-1.668027899398188,-1.5904229080159311,0.16932440505880275,0
50,65,1.611334013900206,-0.14950559602541466,-0.1069364310282977,-0.14159958230109662,-0.10680098844927922,40,neutral,-0.5,-0.04668537349067967,35,1.2403284380140374,-1.095631799679519,0.25055925798692336,0
51,44,0.2148002007799282,0.08345438079468624,0.0596853603547067,0.07892214450626195,0.05971888143713182,1,fear,0.5,-0.08121017626445963,37,1.4114082225676976,-0.4138225643701493,0.39799589708241845,0
51,44,0.2148002007799282,0.08345438079468624,0.0596853603547067,0.07892214450626195,0.05971888143713182,2,fear,0.5,0.053067844990018875,10,-0.8981688689067168,-0.545637347384595,0.3668771687882617,1
51,44,0.2148002007799282,0.08345438079468624,0.0596853603547067,0.07892214450626195,0.05971888143713182,3,fear,0.5,-0.11676296957720594,12,-0.7270890843530564,-0.6957575838578253,0.33275349630892304,0
51,44,0.2148002007799282,0.08345438079468624,0.0596853603547067,0.07892214450626195,0.05971888143713182,4,fear,0.5,-0.11848507274328071,23,0.2138497306920754,-0.5890715075069312,0.3568479219449211,0
51,44,0.2148002007799282,0.08345438079468624,0.0596853603547067,0.07892214450626195,0.05971888143713182,5,fear,0.5,-0.027683151933853067,24,0.2993896229689056,-0.4884142976505062,0.380267189686852,1
51,44,0.2148002007799282,0.08345438079468624,0.0596853603547067,0.07892214450626195,0.05971888143713182,6,fear,0.5,0.06278918644554837,8,-1.0692486534603771,-0.5556265840230599,0.36455998641249265,0
51,44,0.2148002007799282,0.08345438079468624,0.0596853603547067,0.07892214450626195,0.05971888143713182,7,fear,0.5,-0.04999597070532241,31,0.8981688689067168,-0.44174009309299517,0.3913264181002297,1
51,44,0.2148002007799282,0.08345438079468624,0.0596853603547067,0.07892214450626195,0.05971888143713182,8,fear,0.5,0.01022656605323173,27,0.5560092997993961,-0.4209387125224298,0.3962921463081092,0
51,44,0.2148002007799282,0.08345438079468624,0.0596853603547067,0.07892214450626195,0.05971888143713182,9,fear,0.5,0.07192665896287707,19,-0.12830983841524524,-0.4380809319887621,0.3921983396264365,0
51,44,0.2148002007799282,0.08345438079468624,0.0596853603547067,0.07892214450626195,0.05971888143713182,10,fear,0.5,-0.12515440144751105,1,-1.668027899398188,-0.8125571952450995,0.30734584075709803,0
51,44,0.2148002007799282,0.08345438079468624,0.0596853603547067,0.07892214450626195,0.05971888143713182,11,fear,0.5,0.1274762977942073,39,1.582488007121358,-0.18542551221748793,0.4537759880015746,1
51,44,0.2148002007799282,0.08345438079468624,0.0596853603547067,0.07892214450626195,0.05971888143713182,12,fear,0.5,0.19901381146458244,9,-0.9837087611835469,-0.4095466699570286,0.39902082617147644,0
51,44,0.2148002007799282,0.08345438079468624,0.0596853603547067,0.07892214450626195,0.05971888143713182,13,fear,0.5,-0.07533295985117497,18,-0.2138497306920754,-0.5951958398498113,0.35544357744019844,1
51,44,0.2148002007799282,0.08345438079468624,0.0596853603547067,0.07892214450626195,0.05971888143713182,14,fear,0.5,0.01703070109921553,40,1.668027899398188,-0.2860158198654825,0.4289795389073676,1
51,44,0.2148002007799282,0.08345438079468624,0.0596853603547067,0.07892214450626195,0.05971888143713182,15,fear,0.5,0.02684780492684079,7,-1.1547885457372071,-0.6014232545887647,0.3540181430977025,0
51,44,0.2148002007799282,0.08345438079468624,0.0596853603547067,0.07892214450626195,0.05971888143713182,16,fear,0.5,0.20218327567498928,14,-0.5560092997993961,-0.35710076051163575,0.411661570796613,1
51,44,0.2148002007799282,0.08345438079468624,0.0596853603547067,0.07892214450626195,0.05971888143713182,17,fear,0.5,-0.1334771970566687,2,-1.582488007121358,-0.8110247018072602,0.30767218094990434,0
51,44,0.2148002007799282,0.08345438079468624,0.0596853603547067,0.07892214450626195,0.05971888143713182,18,fear,0.5,-0.019829893319496802,15,-0.4704694075225659,-0.5692586404591248,0.3614079072882215,0
51,44,0.2148002007799282,0.08345438079468624,0.0596853603547067,0.07892214450626195,0.05971888143713182,19,fear,0.5,0.03493782098342581,17,-0.2993896229689056,-0.49478034806220766,0.37876808815361845,1
51,44,0.2148002007799282,0.08345438079468624,0.0596853603547067,0.07892214450626195,0.05971888143713182,20,fear,0.5,0.050130844365563365,11,-0.8126289766298865,-0.5387190589620533,0.36848561207584307,0
51,44,0.2148002007799282,0.08345438079468624,0.0596853603547067,0.07892214450626195,0.05971888143713182,21,neutral,-0.5,-0.034648782698473574,35,1.2403284380140374,0.41832282315658753,0.6030818466034055,0
51,44,0.2148002007799282,0.08345438079468624,0.0596853603547067,0.07892214450626195,0.05971888143713182,22,neutral,-0.5,0.20511447081031445,20,-0.04276994613841508,0.5189289992869993,0.6268972964424383,1
51,44,0.2148002007799282,0.08345438079468624,0.0596853603547067,0.07892214450626195,0.05971888143713182,23,neutral,-0.5,0.06768230030033125,33,1.0692486534603771,0.5020996291716089,0.6229526248349515,1
51,44,0.2148002007799282,0.08345438079468624,0.0596853603547067,0.07892214450626195,0.05971888143713182,24,neutral,-0.5,-0.08847636608881047,16,-0.3849295152457357,0.18822960842030723,0.546918954119565,1
51,44,0.2148002007799282,0.08345438079468624,0.0596853603547067,0.07892214450626195,0.05971888143713182,25,neutral,-0.5,-0.06387461728079331,30,0.8126289766298865,0.342711296114809,0.5848489784715314,1
51,44,0.2148002007799282,0.08345438079468624,0.0596853603547067,0.07892214450626195,0.05971888143713182,26,neutral,-0.5,0.020253570607942934,36,1.3258683302908676,0.4825023149548958,0.6183385856504799,1
51,44,0.2148002007799282,0.08345438079468624,0.0596853603547067,0.07892214450626195,0.05971888143713182,27,neutral,-0.5,-0.1657771424201549,5,-1.3258683302908676,0.008880308678153478,0.5022200625800681,0
51,44,0.2148002007799282,0.08345438079468624,0.0596853603547067,0.07892214450626195,0.05971888143713182,28,neutral,-0.5,0.03240578810212312,6,-1.2403284380140374,0.2163403776923233,0.5538751309574609,0
51,44,0.2148002007799282,0.08345438079468624,0.0596853603547067,0.07892214450626195,0.05971888143713182,29,neutral,-0.5,-0.06427368638861679,4,-1.4114082225676976,0.10110662621779985,0.52525514588673206,0
51,44,0.2148002007799282,0.08345438079468624,0.0596853603547067,0.07892214450626195,0.05971888143713182,30,neutral,-0.5,0.03388482847826553,21,0.04276994613841508,0.356976495446842,0.588308332331404,1
51,44,0.2148002007799282,0.08345438079468624,0.0596853603547067,0.07892214450626195,0.05971888143713182,31,neutral,-0.5,0.10063449276941816,38,1.4969481148445278,0.5814375141001545,0.6413981111909969,1
51,44,0.2148002007799282,0.08345438079468624,0.0596853603547067,0.07892214450626195,0.05971888143713182,32,neutral,-0.5,-0.16523159438711074,3,-1.4969481148445278,-0.009128420272585869,0.4977179107786699,0
51,44,0.2148002007799282,0.08345438079468624,0.0596853603547067,0.07892214450626195,0.05971888143713182,33,neutral,-0.5,-0.17814514840944695,26,0.4704694075225659,0.1913322110185883,0.5476876622180664,0
51,44,0.2148002007799282,0.08345438079468624,0.0596853603547067,0.07892214450626195,0.05971888143713182,34,neutral,-0.5,0.20327413635404867,29,0.7270890843530564,0.6005829112577593,0.6457896558093732,1
51,44,0.2148002007799282,0.08345438079468624,0.0596853603547067,0.07892214450626195,0.05971888143713182,35,neutral,-0.5,0.10974661130988755,22,0.12830983841524524,0.4421154167703558,0.6087629766189613,1
51,44,0.2148002007799282,0.08345438079468624,0.0596853603547067,0.07892214450626195,0.05971888143713182,36,neutral,-0.5,-0.11455850646691589,34,1.1547885457372071,0.32913596089625347,0.5815491279783855,1
51,44,0.2148002007799282,0.08345438079468624,0.0596853603547067,0.07892214450626195,0.05971888143713182,37,neutral,-0.5,0.022093603635536613,25,0.3849295152457357,0.38229382457168015,0.5944262261834881,0
51,44,0.2148002007799282,0.08345438079468624,0.0596853603547067,0.07892214450626195,0.05971888143713182,38,neutral,-0.5,-0.03248467960018497,32,0.9837087611835469,0.3926555107792009,0.5969217956759423,0
51,44,0.2148002007799282,0.08345438079468624,0.0596853603547067,0.07892214450626195,0.05971888143713182,39,neutral,-0.5,-0.021721780340038743,13,-0.6415491920762262,0.22715277869340372,0.5565452664729497,1
51,44,0.2148002007799282,0.08345438079468624,0.0596853603547067,0.07892214450626195,0.05971888143713182,40,neutral,-0.5,-0.04668537349067967,28,0.6415491920762262,0.3413462629211391,0.5845175091838154,0
52,28,-0.8492255615974261,-0.5840632085032592,-0.41796412469296657,-0.5529692382570874,-0.41762073389723803,1,fear,0.5,-0.08121017626445963,38,1.4969481148445278,-1.7311579792291885,0.1504395214330785,0
52,28,-0.8492255615974261,-0.5840632085032592,-0.41796412469296657,-0.5529692382570874,-0.41762073389723803,2,fear,0.5,0.053067844990018875,2,-1.582488007121358,-0.04070480188246001,0.4898252043593016,1
52,28,-0.8492255615974261,-0.5840632085032592,-0.41796412469296657,-0.5529692382570874,-0.41762073389723803,3,fear,0.5,-0.11676296957720594,1,-1.668027899398188,-0.16730852878045585,0.4582701647173143,0
52,28,-0.8492255615974261,-0.5840632085032592,-0.41796412469296657,-0.5529692382570874,-0.41762073389723803,4,fear,0.5,-0.11848507274328071,17,-0.2993896229689056,-0.8606640346541969,0.297200628458101,0
52,28,-0.8492255615974261,-0.5840632085032592,-0.41796412469296657,-0.5529692382570874,-0.41762073389723803,5,fear,0.5,-0.027683151933853067,13,-0.6415491920762262,-0.5969537631678528,0.3550409335827419,0
52,28,-0.8492255615974261,-0.5840632085032592,-0.41796412469296657,-0.5529692382570874,-0.41762073389723803,6,fear,0.5,0.06278918644554837,29,0.7270890843530564,-1.1981148274961182,0.23181074796095205,0
52,28,-0.8492255615974261,-0.5840632085032592,-0.41796412469296657,-0.5529692382570874,-0.41762073389723803,7,fear,0.5,-0.04999597070532241,36,1.3258683302908676,-1.6134895983315929,0.16610469226427899,0
52,28,-0.8492255615974261,-0.5840632085032592,-0.41796412469296657,-0.5529692382570874,-0.41762073389723803,8,fear,0.5,0.01022656605323173,3,-1.4969481148445278,-0.12677316848847647,0.46834908616484416,1
52,28,-0.8492255615974261,-0.5840632085032592,-0.41796412469296657,-0.5529692382570874,-0.41762073389723803,9,fear,0.5,0.07192665896287707,5,-1.3258683302908676,-0.15152725091728939,0.46219050337173623,1
52,28,-0.8492255615974261,-0.5840632085032592,-0.41796412469296657,-0.5529692382570874,-0.41762073389723803,10,fear,0.5,-0.12515440144751105,30,0.8126289766298865,-1.4292855030584066,0.19321003554467642,0
52,28,-0.8492255615974261,-0.5840632085032592,-0.41796412469296657,-0.5529692382570874,-0.41762073389723803,11,fear,0.5,0.1274762977942073,6,-1.2403284380140374,-0.13920469975518823,0.46525491432201305,0
52,28,-0.8492255615974261,-0.5840632085032592,-0.41796412469296657,-0.5529692382570874,-0.41762073389723803,12,fear,0.5,0.19901381146458244,32,0.9837087611835469,-1.1915714654847716,0.23297799823899373,0
52,28,-0.8492255615974261,-0.5840632085032592,-0.41796412469296657,-0.5529692382570874,-0.41762073389723803,13,fear,0.5,-0.07533295985117497,25,0.3849295152457357,-1.1633286231159246,0.23806298321462713,0
52,28,-0.8492255615974261,-0.5840632085032592,-0.41796412469296657,-0.5529692382570874,-0.41762073389723803,14,fear,0.5,0.01703070109921553,8,-1.0692486534603771,-0.33610447178863845,0.4167560566908966,1
52,28,-0.8492255615974261,-0.5840632085032592,-0.41796412469296657,-0.5529692382570874,-0.41762073389723803,15,fear,0.5,0.02684780492684079,27,0.5560092997993961,-1.1476020336763673,0.24092735391842043,0
52,28,-0.8492255615974261,-0.5840632085032592,-0.41796412469296657,-0.5529692382570874,-0.41762073389723803,16,fear,0.5,0.20218327567498928,35,1.2403284380140374,-1.318083264282052,0.2111373651111601,0
52,28,-0.8492255615974261,-0.5840632085032592,-0.41796412469296657,-0.5529692382570874,-0.41762073389723803,17,fear,0.5,-0.1334771970566687,31,0.8981688689067168,-1.4808353863367933,0.18530127228018084,0
52,28,-0.8492255615974261,-0.5840632085032592,-0.41796412469296657,-0.5529692382570874,-0.41762073389723803,18,fear,0.5,-0.019829893319496802,14,-0.5560092997993961,-0.6323275922227257,0.3469829508338782,1
52,28,-0.8492255615974261,-0.5840632085032592,-0.41796412469296657,-0.5529692382570874,-0.41762073389723803,19,fear,0.5,0.03493782098342581,23,0.2138497306920754,-0.9666036669428656,0.2755579807663728,0
52,28,-0.8492255615974261,-0.5840632085032592,-0.41796412469296657,-0.5529692382570874,-0.41762073389723803,20,fear,0.5,0.050130844365563365,7,-1.1547885457372071,-0.25977724085306153,0.43541846811757956,0
52,28,-0.8492255615974261,-0.5840632085032592,-0.41796412469296657,-0.5529692382570874,-0.41762073389723803,21,neutral,-0.5,-0.034648782698473574,34,1.1547885457372071,0.7635701192377926,0.6821283429688991,1
52,28,-0.8492255615974261,-0.5840632085032592,-0.41796412469296657,-0.5529692382570874,-0.41762073389723803,22,neutral,-0.5,0.20511447081031445,37,1.4114082225676976,0.9398024064429549,0.7190597427107384,0
52,28,-0.8492255615974261,-0.5840632085032592,-0.41796412469296657,-0.5529692382570874,-0.41762073389723803,23,neutral,-0.5,0.06768230030033125,10,-0.8981688689067168,1.3741489326656031,0.7980496490678646,1
52,28,-0.8492255615974261,-0.5840632085032592,-0.41796412469296657,-0.5529692382570874,-0.41762073389723803,24,neutral,-0.5,-0.08847636608881047,21,0.04276994613841508,0.9850433898298339,0.7281077880986369,1
52,28,-0.8492255615974261,-0.5840632085032592,-0.41796412469296657,-0.5529692382570874,-0.41762073389723803,25,neutral,-0.5,-0.06387461728079331,33,1.0692486534603771,0.75552127342334785,0.680380564961027,1
52,28,-0.8492255615974261,-0.5840632085032592,-0.41796412469296657,-0.5529692382570874,-0.41762073389723803,26,neutral,-0.5,0.020253570607942934,24,0.2993896229689056,1.0302423602229613,0.7369628797198666,0
52,28,-0.8492255615974261,-0.5840632085032592,-0.41796412469296657,-0.5529692382570874,-0.41762073389723803,27,neutral,-0.5,-0.1657771424201549,12,-0.7270890843530564,1.0983355124093666,0.7499481008607045,0
52,28,-0.8492255615974261,-0.5840632085032592,-0.41796412469296657,-0.5529692382570874,-0.41762073389723803,28,neutral,-0.5,0.03240578810212312,26,0.4704694075225659,1.0000406001813913,0.7310665610352739,1
52,28,-0.8492255615974261,-0.5840632085032592,-0.41796412469296657,-0.5529692382570874,-0.41762073389723803,29,neutral,-0.5,-0.06427368638861679,19,-0.12830983841524524,1.0516000470657783,0.7410820337472767,1
52,28,-0.8492255615974261,-0.5840632085032592,-0.41796412469296657,-0.5529692382570874,-0.41762073389723803,30,neutral,-0.5,0.03388482847826553,18,-0.2138497306920754,1.1709355507005357,0.7633140792803914,1
52,28,-0.8492255615974261,-0.5840632085032592,-0.41796412469296657,-0.5529692382570874,-0.41762073389723803,31,neutral,-0.5,0.10063449276941816,22,0.12830983841524524,1.1529772599201873,0.7600543053922278,0
52,28,-0.8492255615974261,-0.5840632085032592,-0.41796412469296657,-0.5529692382570874,-0.41762073389723803,32,neutral,-0.5,-0.16523159438711074,16,-0.3849295152457357,1.0141731053709098,0.7338360381100745,1
52,28,-0.8492255615974261,-0.5840632085032592,-0.41796412469296657,-0.5529692382570874,-0.41762073389723803,33,neutral,-0.5,-0.17814514840944695,40,1.668027899398188,0.49301182091956774,0.620815683284474,1
52,28,-0.8492255615974261,-0.5840632085032592,-0.41796412469296657,-0.5529692382570874,-0.41762073389723803,34,neutral,-0.5,0.20327413635404867,39,1.582488007121358,0.8956080944509384,0.7100461291882874,0
52,28,-0.8492255615974261,-0.5840632085032592,-0.41796412469296657,-0.5529692382570874,-0.41762073389723803,35,neutral,-0.5,0.10974661130988755,9,-0.9837087611835469,1.4373902324430348,0.8080501886226138,0
52,28,-0.8492255615974261,-0.5840632085032592,-0.41796412469296657,-0.5529692382570874,-0.41762073389723803,36,neutral,-0.5,-0.11455850646691589,11,-0.8126289766298865,1.170731137130481,0.763277146772794,0
52,28,-0.8492255615974261,-0.5840632085032592,-0.41796412469296657,-0.5529692382570874,-0.41762073389723803,37,neutral,-0.5,0.022093603635536613,28,0.6415491920762262,0.9473744381790541,0.7205868499130491,0
52,28,-0.8492255615974261,-0.5840632085032592,-0.41796412469296657,-0.5529692382570874,-0.41762073389723803,38,neutral,-0.5,-0.03248467960018497,20,-0.04276994613841508,1.0622120650863347,0.7431130468235688,0
52,28,-0.8492255615974261,-0.5840632085032592,-0.41796412469296657,-0.5529692382570874,-0.41762073389723803,39,neutral,-0.5,-0.021721780340038743,4,-1.4114082225676976,1.4118067846324849,0.8040507646030287,0
52,28,-0.8492255615974261,-0.5840632085032592,-0.41796412469296657,-0.5529692382570874,-0.41762073389723803,40,neutral,-0.5,-0.04668537349067967,15,-0.4704694075225659,1.153896315035216,0.7602218750278331,1
53,61,1.3453275733058672,-0.7286908070133976,-0.5214031383255826,-0.6897513119450236,-0.5209369271936488,1,fear,0.5,-0.08121017626445963,7,-1.1547885457372071,-1.4039547205169494,0.19718930690302136,0
53,61,1.3453275733058672,-0.7286908070133976,-0.5214031383255826,-0.6897513119450236,-0.5209369271936488,2,fear,0.5,0.053067844990018875,36,1.3258683302908676,-3.397958953891935,0.032359313354109694,0
53,61,1.3453275733058672,-0.7286908070133976,-0.5214031383255826,-0.6897513119450236,-0.5209369271936488,3,fear,0.5,-0.11676296957720594,23,0.2138497306920754,-2.613732206039055,0.06825985093895104,1
53,61,1.3453275733058672,-0.7286908070133976,-0.5214031383255826,-0.6897513119450236,-0.5209369271936488,4,fear,0.5,-0.11848507274328071,14,-0.5560092997993961,-1.9549529198373647,0.124014296222588,1
53,61,1.3453275733058672,-0.7286908070133976,-0.5214031383255826,-0.6897513119450236,-0.5209369271936488,5,fear,0.5,-0.027683151933853067,32,0.9837087611835469,-3.1851537777634666,0.03972825068748107,0
53,61,1.3453275733058672,-0.7286908070133976,-0.5214031383255826,-0.6897513119450236,-0.5209369271936488,6,fear,0.5,0.06278918644554837,9,-0.9837087611835469,-1.4067334443331112,0.19674978923321437,0
53,61,1.3453275733058672,-0.7286908070133976,-0.5214031383255826,-0.6897513119450236,-0.5209369271936488,7,fear,0.5,-0.04999597070532241,5,-1.3258683302908676,-1.2259624284316417,0.2268888763568101,0
53,61,1.3453275733058672,-0.7286908070133976,-0.5214031383255826,-0.6897513119450236,-0.5209369271936488,8,fear,0.5,0.01022656605323173,17,-0.2993896229689056,-2.046408410830107,0.11441579474085498,0
53,61,1.3453275733058672,-0.7286908070133976,-0.5214031383255826,-0.6897513119450236,-0.5209369271936488,9,fear,0.5,0.07192665896287707,31,0.8981688689067168,-3.012154923603652,0.04687976519560941,0
53,61,1.3453275733058672,-0.7286908070133976,-0.5214031383255826,-0.6897513119450236,-0.5209369271936488,10,fear,0.5,-0.12515440144751105,20,-0.04276994613841508,-2.401956508120105,0.08302362458864704,0
53,61,1.3453275733058672,-0.7286908070133976,-0.5214031383255826,-0.6897513119450236,-0.5209369271936488,11,fear,0.5,0.1274762977942073,35,1.2403284380140374,-3.250161457824661,0.03732108601810693,0
53,61,1.3453275733058672,-0.7286908070133976,-0.5214031383255826,-0.6897513119450236,-0.5209369271936488,12,fear,0.5,0.19901381146458244,25,0.3849295152457357,-2.4447335115234363,0.07982453131409754,0
53,61,1.3453275733058672,-0.7286908070133976,-0.5214031383255826,-0.6897513119450236,-0.5209369271936488,13,fear,0.5,-0.07533295985117497,10,-0.8981688689067168,-1.6182446338929193,0.1654470989219343,0
53,61,1.3453275733058672,-0.7286908070133976,-0.5214031383255826,-0.6897513119450236,-0.5209369271936488,14,fear,0.5,0.01703070109921553,26,0.4704694075225659,-2.700105665151888,0.06296712128601241,0
53,61,1.3453275733058672,-0.7286908070133976,-0.5214031383255826,-0.6897513119450236,-0.5209369271936488,15,fear,0.5,0.02684780492684079,2,-1.582488007121358,-0.9289515230102239,0.2831374761624513,1
53,61,1.3453275733058672,-0.7286908070133976,-0.5214031383255826,-0.6897513119450236,-0.5209369271936488,16,fear,0.5,0.20218327567498928,4,-1.4114082225676976,-0.9003941387882453,0.28896950846761615,0
53,61,1.3453275733058672,-0.7286908070133976,-0.5214031383255826,-0.6897513119450236,-0.5209369271936488,17,fear,0.5,-0.1334771970566687,12,-0.7270890843530564,-1.8231669576245833,0.1390542969211419,0
53,61,1.3453275733058672,-0.7286908070133976,-0.5214031383255826,-0.6897513119450236,-0.5209369271936488,18,fear,0.5,-0.019829893319496802,18,-0.2138497306920754,-2.1498539134659205,0.1043448751423464,0
53,61,1.3453275733058672,-0.7286908070133976,-0.5214031383255826,-0.6897513119450236,-0.5209369271936488,19,fear,0.5,0.03493782098342581,13,-0.6415491920762262,-1.7281409828475736,0.15082552290623985,0
53,61,1.3453275733058672,-0.7286908070133976,-0.5214031383255826,-0.6897513119450236,-0.5209369271936488,20,fear,0.5,0.050130844365563365,24,0.2993896229689056,-2.5202274353593705,0.07445227127622754,0
53,61,1.3453275733058672,-0.7286908070133976,-0.5214031383255826,-0.6897513119450236,-0.5209369271936488,21,neutral,-0.5,-0.034648782698473574,40,1.668027899398188,-1.4277178367401564,0.1934545207750676,0
53,61,1.3453275733058672,-0.7286908070133976,-0.5214031383255826,-0.6897513119450236,-0.5209369271936488,22,neutral,-0.5,0.20511447081031445,27,0.5560092997993961,-1.1235146158782772,0.24535994050068663,0
53,61,1.3453275733058672,-0.7286908070133976,-0.5214031383255826,-0.6897513119450236,-0.5209369271936488,23,neutral,-0.5,0.06768230030033125,29,0.7270890843530564,-1.2708606275195056,0.21910996244518358,0
53,61,1.3453275733058672,-0.7286908070133976,-0.5214031383255826,-0.6897513119450236,-0.5209369271936488,24,neutral,-0.5,-0.08847636608881047,6,-1.2403284380140374,-1.3130101208993323,0.21198357790568761,0
53,61,1.3453275733058672,-0.7286908070133976,-0.5214031383255826,-0.6897513119450236,-0.5209369271936488,25,neutral,-0.5,-0.06387461728079331,22,0.12830983841524524,-1.3677191011412735,0.20298860992641227,0
53,61,1.3453275733058672,-0.7286908070133976,-0.5214031383255826,-0.6897513119450236,-0.5209369271936488,26,neutral,-0.5,0.020253570607942934,1,-1.668027899398188,-1.1794955813744672,0.2351429041682083,0
53,61,1.3453275733058672,-0.7286908070133976,-0.5214031383255826,-0.6897513119450236,-0.5209369271936488,27,neutral,-0.5,-0.1657771424201549,15,-0.4704694075225659,-1.4349231823212785,0.19233275421992466,0
53,61,1.3453275733058672,-0.7286908070133976,-0.5214031383255826,-0.6897513119450236,-0.5209369271936488,28,neutral,-0.5,0.03240578810212312,28,0.6415491920762262,-1.3011802191520911,0.21396645501429698,0
53,61,1.3453275733058672,-0.7286908070133976,-0.5214031383255826,-0.6897513119450236,-0.5209369271936488,29,neutral,-0.5,-0.06427368638861679,30,0.8126289766298865,-1.4077735347740756,0.19658546590157883,0
53,61,1.3453275733058672,-0.7286908070133976,-0.5214031383255826,-0.6897513119450236,-0.5209369271936488,30,neutral,-0.5,0.03388482847826553,39,1.582488007121358,-1.354227304997795,0.20518011844047343,0
53,61,1.3453275733058672,-0.7286908070133976,-0.5214031383255826,-0.6897513119450236,-0.5209369271936488,31,neutral,-0.5,0.10063449276941816,3,-1.4969481148445278,-1.1090285003442366,0.24805205048660967,1
53,61,1.3453275733058672,-0.7286908070133976,-0.5214031383255826,-0.6897513119450236,-0.5209369271936488,32,neutral,-0.5,-0.16523159438711074,11,-0.8126289766298865,-1.4145499520257445,0.1955174012283968,0
53,61,1.3453275733058672,-0.7286908070133976,-0.5214031383255826,-0.6897513119450236,-0.5209369271936488,33,neutral,-0.5,-0.17814514840944695,21,0.04276994613841508,-1.4770327117043045,0.18587602907328957,0
53,61,1.3453275733058672,-0.7286908070133976,-0.5214031383255826,-0.6897513119450236,-0.5209369271936488,34,neutral,-0.5,0.20327413635404867,33,1.0692486534603771,-1.1550964737282774,0.2395594228825251,0
53,61,1.3453275733058672,-0.7286908070133976,-0.5214031383255826,-0.6897513119450236,-0.5209369271936488,35,neutral,-0.5,0.10974661130988755,37,1.4114082225676976,-1.2684516810349278,0.2195224139695442,0
53,61,1.3453275733058672,-0.7286908070133976,-0.5214031383255826,-0.6897513119450236,-0.5209369271936488,36,neutral,-0.5,-0.11455850646691589,16,-0.3849295152457357,-1.3886614669336614,0.19962153200865046,1
53,61,1.3453275733058672,-0.7286908070133976,-0.5214031383255826,-0.6897513119450236,-0.5209369271936488,37,neutral,-0.5,0.022093603635536613,19,-0.12830983841524524,-1.2668801185280765,0.21979179210896138,0
53,61,1.3453275733058672,-0.7286908070133976,-0.5214031383255826,-0.6897513119450236,-0.5209369271936488,38,neutral,-0.5,-0.03248467960018497,34,1.1547885457372071,-1.395812210248133,0.19848149148335684,0
53,61,1.3453275733058672,-0.7286908070133976,-0.5214031383255826,-0.6897513119450236,-0.5209369271936488,39,neutral,-0.5,-0.021721780340038743,8,-1.0692486534603771,-1.2561693762818051,0.22163401752499395,0
53,61,1.3453275733058672,-0.7286908070133976,-0.5214031383255826,-0.6897513119450236,-0.5209369271936488,40,neutral,-0.5,-0.04668537349067967,38,1.4969481148445278,-1.4298405864011179,0.19312352393352217,0
54,41,0.015295370334174262,0.26100686679136226,0.18675080601322486,0.24713556897289596,0.1865737484608033,1,fear,0.5,-0.08121017626445963,7,-1.1547885457372071,-0.5788081060869539,0.35920689452668136,1
54,41,0.015295370334174262,0.26100686679136226,0.18675080601322486,0.24713556897289596,0.1865737484608033,2,fear,0.5,0.053067844990018875,3,-1.4969481148445278,-0.5552738262892185,0.3646417087626858,0
54,41,0.015295370334174262,0.26100686679136226,0.18675080601322486,0.24713556897289596,0.1865737484608033,3,fear,0.5,-0.11676296957720594,19,-0.12830983841524524,-0.2821296750294703,0.42993173537140256,0
54,41,0.015295370334174262,0.26100686679136226,0.18675080601322486,0.24713556897289596,0.1865737484608033,4,fear,0.5,-0.11848507274328071,23,0.2138497306920754,-0.1731080367388017,0.45683073926345474,0
54,41,0.015295370334174262,0.26100686679136226,0.18675080601322486,0.24713556897289596,0.1865737484608033,5,fear,0.5,-0.027683151933853067,14,-0.5560092997993961,-0.3314795342070465,0.4178806733016849,1
54,41,0.015295370334174262,0.26100686679136226,0.18675080601322486,0.24713556897289596,0.1865737484608033,6,fear,0.5,0.06278918644554837,5,-1.3258683302908676,-0.49018061410531744,0.3798510205123941,1
54,41,0.015295370334174262,0.26100686679136226,0.18675080601322486,0.24713556897289596,0.1865737484608033,7,fear,0.5,-0.04999597070532241,24,0.2993896229689056,-0.07693299933665758,0.4807762308523849,0
54,41,0.015295370334174262,0.26100686679136226,0.18675080601322486,0.24713556897289596,0.1865737484608033,8,fear,0.5,0.01022656605323173,1,-1.668027899398188,-0.6534869759543773,0.3422041860333565,0
54,41,0.015295370334174262,0.26100686679136226,0.18675080601322486,0.24713556897289596,0.1865737484608033,9,fear,0.5,0.07192665896287707,25,0.3849295152457357,0.07267556569572768,0.5181608987019923,1
54,41,0.015295370334174262,0.26100686679136226,0.18675080601322486,0.24713556897289596,0.1865737484608033,10,fear,0.5,-0.12515440144751105,2,-1.582488007121358,-0.7611820080909344,0.31838969449026633,0
54,41,0.015295370334174262,0.26100686679136226,0.18675080601322486,0.24713556897289596,0.1865737484608033,11,fear,0.5,0.1274762977942073,17,-0.2993896229689056,-0.09326227838642871,0.47670131533285987,0
54,41,0.015295370334174262,0.26100686679136226,0.18675080601322486,0.24713556897289596,0.1865737484608033,12,fear,0.5,0.19901381146458244,20,-0.04276994613841508,0.06133304137650398,0.5153284555041673,0
54,41,0.015295370334174262,0.26100686679136226,0.18675080601322486,0.24713556897289596,0.1865737484608033,13,fear,0.5,-0.07533295985117497,11,-0.8126289766298865,-0.46218714821692586,0.38646709993397155,0
54,41,0.015295370334174262,0.26100686679136226,0.18675080601322486,0.24713556897289596,0.1865737484608033,14,fear,0.5,0.01703070109921553,18,-0.2138497306920754,-0.17602193971723465,0.45610778527761175,0
54,41,0.015295370334174262,0.26100686679136226,0.18675080601322486,0.24713556897289596,0.1865737484608033,15,fear,0.5,0.02684780492684079,12,-0.7270890843530564,-0.33232044807472433,0.41767612974478135,0
54,41,0.015295370334174262,0.26100686679136226,0.18675080601322486,0.24713556897289596,0.1865737484608033,16,fear,0.5,0.20218327567498928,29,0.7270890843530564,0.3136759238645832,0.5777822579267923,1
54,41,0.015295370334174262,0.26100686679136226,0.18675080601322486,0.24713556897289596,0.1865737484608033,17,fear,0.5,-0.1334771970566687,9,-0.9837087611835469,-0.5757032561507913,0.359921872478536,1
54,41,0.015295370334174262,0.26100686679136226,0.18675080601322486,0.24713556897289596,0.1865737484608033,18,fear,0.5,-0.019829893319496802,31,0.8981688689067168,0.1470346255984688,0.5366925749211355,0
54,41,0.015295370334174262,0.26100686679136226,0.18675080601322486,0.24713556897289596,0.1865737484608033,19,fear,0.5,0.03493782098342581,15,-0.4704694075225659,-0.2411726259255818,0.4399973957732693,0
54,41,0.015295370334174262,0.26100686679136226,0.18675080601322486,0.24713556897289596,0.1865737484608033,20,fear,0.5,0.050130844365563365,26,0.4704694075225659,0.07856568646259983,0.5196313246819498,1
54,41,0.015295370334174262,0.26100686679136226,0.18675080601322486,0.24713556897289596,0.1865737484608033,21,neutral,-0.5,-0.034648782698473574,8,-1.0692486534603771,0.42618630065460134,0.6049626254946001,1
54,41,0.015295370334174262,0.26100686679136226,0.18675080601322486,0.24713556897289596,0.1865737484608033,22,neutral,-0.5,0.20511447081031445,39,1.582488007121358,1.0640983272137612,0.7434729616516571,1
54,41,0.015295370334174262,0.26100686679136226,0.18675080601322486,0.24713556897289596,0.1865737484608033,23,neutral,-0.5,0.06768230030033125,38,1.4969481148445278,0.9138226478957012,0.7137817574034192,1
54,41,0.015295370334174262,0.26100686679136226,0.18675080601322486,0.24713556897289596,0.1865737484608033,24,neutral,-0.5,-0.08847636608881047,37,1.4114082225676976,0.7448204726984832,0.678049060258005,0
54,41,0.015295370334174262,0.26100686679136226,0.18675080601322486,0.24713556897289596,0.1865737484608033,25,neutral,-0.5,-0.06387461728079331,10,-0.8981688689067168,0.42264748368843474,0.6041165955707172,0
54,41,0.015295370334174262,0.26100686679136226,0.18675080601322486,0.24713556897289596,0.1865737484608033,26,neutral,-0.5,0.020253570607942934,33,1.0692486534603771,0.8021763741629304,0.6904398360770484,0
54,41,0.015295370334174262,0.26100686679136226,0.18675080601322486,0.24713556897289596,0.1865737484608033,27,neutral,-0.5,-0.1657771424201549,16,-0.3849295152457357,0.3978060113975321,0.598160416827663,1
54,41,0.015295370334174262,0.26100686679136226,0.18675080601322486,0.24713556897289596,0.1865737484608033,28,neutral,-0.5,0.03240578810212312,27,0.5560092997993961,0.7372675388086517,0.6763980534631907,1
54,41,0.015295370334174262,0.26100686679136226,0.18675080601322486,0.24713556897289596,0.1865737484608033,29,neutral,-0.5,-0.06427368638861679,32,0.9837087611835469,0.7048056083582942,0.6692523748970209,0
54,41,0.015295370334174262,0.26100686679136226,0.18675080601322486,0.24713556897289596,0.1865737484608033,30,neutral,-0.5,0.03388482847826553,35,1.2403284380140374,0.841494649649406,0.6987799130848613,0
54,41,0.015295370334174262,0.26100686679136226,0.18675080601322486,0.24713556897289596,0.1865737484608033,31,neutral,-0.5,0.10063449276941816,22,0.12830983841524524,0.7412786994355642,0.6772754092906927,0
54,41,0.015295370334174262,0.26100686679136226,0.18675080601322486,0.24713556897289596,0.1865737484608033,32,neutral,-0.5,-0.16523159438711074,36,1.3258683302908676,0.6552217355921064,0.6581862022337484,1
54,41,0.015295370334174262,0.26100686679136226,0.18675080601322486,0.24713556897289596,0.1865737484608033,33,neutral,-0.5,-0.17814514840944695,21,0.04276994613841508,0.44965554944862257,0.610557334624033,0
54,41,0.015295370334174262,0.26100686679136226,0.18675080601322486,0.24713556897289596,0.1865737484608033,34,neutral,-0.5,0.20327413635404867,4,-1.4114082225676976,0.6127351844748178,0.6485644818785566,1
54,41,0.015295370334174262,0.26100686679136226,0.18675080601322486,0.24713556897289596,0.1865737484608033,35,neutral,-0.5,0.10974661130988755,6,-1.2403284380140374,0.5448946770468095,0.6329503079506257,1
54,41,0.015295370334174262,0.26100686679136226,0.18675080601322486,0.24713556897289596,0.1865737484608033,36,neutral,-0.5,-0.11455850646691589,28,0.6415491920762262,0.6031467530476892,0.6463759033146107,0
54,41,0.015295370334174262,0.26100686679136226,0.18675080601322486,0.24713556897289596,0.1865737484608033,37,neutral,-0.5,0.022093603635536613,34,1.1547885457372071,0.8168599159986007,0.6935693811876266,1
54,41,0.015295370334174262,0.26100686679136226,0.18675080601322486,0.24713556897289596,0.1865737484608033,38,neutral,-0.5,-0.03248467960018497,40,1.668027899398188,0.8393426856113381,0.6983267599378543,1
54,41,0.015295370334174262,0.26100686679136226,0.18675080601322486,0.24713556897289596,0.1865737484608033,39,neutral,-0.5,-0.021721780340038743,13,-0.6415491920762262,0.5033308470534187,0.623241772748115,1
54,41,0.015295370334174262,0.26100686679136226,0.18675080601322486,0.24713556897289596,0.1865737484608033,40,neutral,-0.5,-0.04668537349067967,30,0.8126289766298865,0.6967069036400785,0.6674572463644026,1
55,47,0.41430503122568213,-0.09547779192362513,-0.06820176788912397,-0.09035911403121226,-0.06820551669059559,1,fear,0.5,-0.08121017626445963,5,-1.3258683302908676,-0.824318783062867,0.30484767193271106,0
55,47,0.41430503122568213,-0.09547779192362513,-0.06820176788912397,-0.09035911403121226,-0.06820551669059559,2,fear,0.5,0.053067844990018875,39,1.582488007121358,-0.9651479435315025,0.27584867561391874,1
55,47,0.41430503122568213,-0.09547779192362513,-0.06820176788912397,-0.09035911403121226,-0.06820551669059559,3,fear,0.5,-0.11676296957720594,2,-1.582488007121358,-0.8355974132823976,0.3024628290353752,0
55,47,0.41430503122568213,-0.09547779192362513,-0.06820176788912397,-0.09035911403121226,-0.06820551669059559,4,fear,0.5,-0.11848507274328071,6,-1.2403284380140374,-0.8696850672394267,0.2953198371837563,0
55,47,0.41430503122568213,-0.09547779192362513,-0.06820176788912397,-0.09035911403121226,-0.06820551669059559,5,fear,0.5,-0.027683151933853067,35,1.2403284380140374,-1.01353338966442,0.26628893030376244,0
55,47,0.41430503122568213,-0.09547779192362513,-0.06820176788912397,-0.09035911403121226,-0.06820551669059559,6,fear,0.5,0.06278918644554837,8,-1.0692486534603771,-0.7045935834460749,0.3307945592718013,1
55,47,0.41430503122568213,-0.09547779192362513,-0.06820176788912397,-0.09035911403121226,-0.06820551669059559,7,fear,0.5,-0.04999597070532241,11,-0.8126289766298865,-0.8416529036901617,0.30118677761658935,0
55,47,0.41430503122568213,-0.09547779192362513,-0.06820176788912397,-0.09035911403121226,-0.06820551669059559,8,fear,0.5,0.01022656605323173,1,-1.668027899398188,-0.7005164899542211,0.3316977253091263,0
55,47,0.41430503122568213,-0.09547779192362513,-0.06820176788912397,-0.09035911403121226,-0.06820551669059559,9,fear,0.5,0.07192665896287707,37,1.4114082225676976,-0.9301063541631671,0.28290313805118655,1
55,47,0.41430503122568213,-0.09547779192362513,-0.06820176788912397,-0.09035911403121226,-0.06820551669059559,10,fear,0.5,-0.12515440144751105,32,0.9837087611835469,-1.086730476084862,0.25223445090329183,0
55,47,0.41430503122568213,-0.09547779192362513,-0.06820176788912397,-0.09035911403121226,-0.06820551669059559,11,fear,0.5,0.1274762977942073,33,1.0692486534603771,-0.8421911645408823,0.30107350020260815,0
55,47,0.41430503122568213,-0.09547779192362513,-0.06820176788912397,-0.09035911403121226,-0.06820551669059559,12,fear,0.5,0.19901381146458244,3,-1.4969481148445278,-0.5279120199383477,0.3710040077524357,0
55,47,0.41430503122568213,-0.09547779192362513,-0.06820176788912397,-0.09035911403121226,-0.06820551669059559,13,fear,0.5,-0.07533295985117497,38,1.4969481148445278,-1.085457360674958,0.2524746517783267,0
55,47,0.41430503122568213,-0.09547779192362513,-0.06820176788912397,-0.09035911403121226,-0.06820551669059559,14,fear,0.5,0.01703070109921553,23,0.2138497306920754,-0.8717228842584875,0.2948959321299168,0
55,47,0.41430503122568213,-0.09547779192362513,-0.06820176788912397,-0.09035911403121226,-0.06820551669059559,15,fear,0.5,0.02684780492684079,30,0.8126289766298865,-0.9185454943150329,0.28525435253183423,0
55,47,0.41430503122568213,-0.09547779192362513,-0.06820176788912397,-0.09035911403121226,-0.06820551669059559,16,fear,0.5,0.20218327567498928,22,0.12830983841524524,-0.6784789219849751,0.3366008759571124,0
55,47,0.41430503122568213,-0.09547779192362513,-0.06820176788912397,-0.09035911403121226,-0.06820551669059559,17,fear,0.5,-0.1334771970566687,29,0.7270890843530564,-1.0707791086008034,0.2552549474975024,0
55,47,0.41430503122568213,-0.09547779192362513,-0.06820176788912397,-0.09035911403121226,-0.06820551669059559,18,fear,0.5,-0.019829893319496802,19,-0.12830983841524524,-0.8762179278862454,0.2939621297668873,1
55,47,0.41430503122568213,-0.09547779192362513,-0.06820176788912397,-0.09035911403121226,-0.06820551669059559,19,fear,0.5,0.03493782098342581,14,-0.5560092997993961,-0.7809932750946293,0.31410585202973457,0
55,47,0.41430503122568213,-0.09547779192362513,-0.06820176788912397,-0.09035911403121226,-0.06820551669059559,20,fear,0.5,0.050130844365563365,15,-0.4704694075225659,-0.7738916394102305,0.3156378683804471,0
55,47,0.41430503122568213,-0.09547779192362513,-0.06820176788912397,-0.09035911403121226,-0.06820551669059559,21,neutral,-0.5,-0.034648782698473574,12,-0.7270890843530564,-0.06830021564395222,0.4829315808065884,1
55,47,0.41430503122568213,-0.09547779192362513,-0.06820176788912397,-0.09035911403121226,-0.06820551669059559,22,neutral,-0.5,0.20511447081031445,13,-0.6415491920762262,0.1771492631884233,0.5441718599049673,0
55,47,0.41430503122568213,-0.09547779192362513,-0.06820176788912397,-0.09035911403121226,-0.06820551669059559,23,neutral,-0.5,0.06768230030033125,16,-0.3849295152457357,0.05677576864920246,0.5141901305575541,1
55,47,0.41430503122568213,-0.09547779192362513,-0.06820176788912397,-0.09035911403121226,-0.06820551669059559,24,neutral,-0.5,-0.08847636608881047,20,-0.04276994613841508,-0.07663799644558937,0.48084987297295534,1
55,47,0.41430503122568213,-0.09547779192362513,-0.06820176788912397,-0.09035911403121226,-0.06820551669059559,25,neutral,-0.5,-0.06387461728079331,34,1.1547885457372071,0.02757090689265223,0.5068922901280143,0
55,47,0.41430503122568213,-0.09547779192362513,-0.06820176788912397,-0.09035911403121226,-0.06820551669059559,26,neutral,-0.5,0.020253570607942934,24,0.2993896229689056,0.054836841545513854,0.513705776029007,1
55,47,0.41430503122568213,-0.09547779192362513,-0.06820176788912397,-0.09035911403121226,-0.06820551669059559,27,neutral,-0.5,-0.1657771424201549,9,-0.9837087611835469,-0.2164872513363959,0.4460885772238768,1
55,47,0.41430503122568213,-0.09547779192362513,-0.06820176788912397,-0.09035911403121226,-0.06820551669059559,28,neutral,-0.5,0.03240578810212312,31,0.8981688689067168,0.10679263630480629,0.5266728143457734,0
55,47,0.41430503122568213,-0.09547779192362513,-0.06820176788912397,-0.09035911403121226,-0.06820551669059559,29,neutral,-0.5,-0.06427368638861679,27,0.5560092997993961,-0.012631739480283507,0.4968421071194882,0
55,47,0.41430503122568213,-0.09547779192362513,-0.06820176788912397,-0.09035911403121226,-0.06820551669059559,30,neutral,-0.5,0.03388482847826553,40,1.668027899398188,0.15944770459323584,0.539777687598824,1
55,47,0.41430503122568213,-0.09547779192362513,-0.06820176788912397,-0.09035911403121226,-0.06820551669059559,31,neutral,-0.5,0.10063449276941816,17,-0.2993896229689056,0.09541418644187682,0.5238354664439665,1
55,47,0.41430503122568213,-0.09547779192362513,-0.06820176788912397,-0.09035911403121226,-0.06820551669059559,32,neutral,-0.5,-0.16523159438711074,18,-0.2138497306920754,-0.1647656753910646,0.45890151664713713,1
55,47,0.41430503122568213,-0.09547779192362513,-0.06820176788912397,-0.09035911403121226,-0.06820551669059559,33,neutral,-0.5,-0.17814514840944695,25,0.3849295152457357,-0.1378756521482886,0.4655855869906715,1
55,47,0.41430503122568213,-0.09547779192362513,-0.06820176788912397,-0.09035911403121226,-0.06820551669059559,34,neutral,-0.5,0.20327413635404867,4,-1.4114082225676976,0.12413290081987036,0.5309934373249406,1
55,47,0.41430503122568213,-0.09547779192362513,-0.06820176788912397,-0.09035911403121226,-0.06820551669059559,35,neutral,-0.5,0.10974661130988755,7,-1.1547885457372071,0.04766405174647162,0.5119137574877781,1
55,47,0.41430503122568213,-0.09547779192362513,-0.06820176788912397,-0.09035911403121226,-0.06820551669059559,36,neutral,-0.5,-0.11455850646691589,26,0.4704694075225659,-0.0686027848821701,0.4828560270355773,1
55,47,0.41430503122568213,-0.09547779192362513,-0.06820176788912397,-0.09035911403121226,-0.06820551669059559,37,neutral,-0.5,0.022093603635536613,21,0.04276994613841508,0.03961819860234513,0.5099032543374337,0
55,47,0.41430503122568213,-0.09547779192362513,-0.06820176788912397,-0.09035911403121226,-0.06820551669059559,38,neutral,-0.5,-0.03248467960018497,10,-0.8981688689067168,-0.07750856319283855,0.4806325541835401,1
55,47,0.41430503122568213,-0.09547779192362513,-0.06820176788912397,-0.09035911403121226,-0.06820551669059559,39,neutral,-0.5,-0.021721780340038743,28,0.6415491920762262,0.03560639189188204,0.5089006576271294,0
55,47,0.41430503122568213,-0.09547779192362513,-0.06820176788912397,-0.09035911403121226,-0.06820551669059559,40,neutral,-0.5,-0.04668537349067967,36,1.3258683302908676,0.056132601329940815,0.5140294667750047,0
56,53,0.8133146921171901,-0.5915889614978181,-0.4231740122938979,-0.5600433062501811,-0.42296835750530687,1,fear,0.5,-0.08121017626445963,2,-1.582488007121358,-0.851181388753586,0.29918509301012985,0
56,53,0.8133146921171901,-0.5915889614978181,-0.4231740122938979,-0.5600433062501811,-0.42296835750530687,2,fear,0.5,0.053067844990018875,25,0.3849295152457357,-2.0210188866536725,0.11701367691604345,0
56,53,0.8133146921171901,-0.5915889614978181,-0.4231740122938979,-0.5600433062501811,-0.42296835750530687,3,fear,0.5,-0.11676296957720594,18,-0.2138497306920754,-1.7939449779999423,0.14258973836416788,1
56,53,0.8133146921171901,-0.5915889614978181,-0.4231740122938979,-0.5600433062501811,-0.42296835750530687,4,fear,0.5,-0.11848507274328071,28,0.6415491920762262,-2.3626738286245237,0.08606364706401787,0
56,53,0.8133146921171901,-0.5915889614978181,-0.4231740122938979,-0.5600433062501811,-0.42296835750530687,5,fear,0.5,-0.027683151933853067,6,-1.2403284380140374,-1.0244570634063819,0.26416012833196956,0
56,53,0.8133146921171901,-0.5915889614978181,-0.4231740122938979,-0.5600433062501811,-0.42296835750530687,6,fear,0.5,0.06278918644554837,15,-0.4704694075225659,-1.4442907977396362,0.1908817732247782,0
56,53,0.8133146921171901,-0.5915889614978181,-0.4231740122938979,-0.5600433062501811,-0.42296835750530687,7,fear,0.5,-0.04999597070532241,19,-0.12830983841524524,-1.7838786538739102,0.14382485935962258,0
56,53,0.8133146921171901,-0.5915889614978181,-0.4231740122938979,-0.5600433062501811,-0.42296835750530687,8,fear,0.5,0.01022656605323173,26,0.4704694075225659,-2.1205608403363096,0.10711441938008226,0
56,53,0.8133146921171901,-0.5915889614978181,-0.4231740122938979,-0.5600433062501811,-0.42296835750530687,9,fear,0.5,0.07192665896287707,4,-1.4114082225676976,-0.8114459030179507,0.3075824681446399,0
56,53,0.8133146921171901,-0.5915889614978181,-0.4231740122938979,-0.5600433062501811,-0.42296835750530687,10,fear,0.5,-0.12515440144751105,27,0.5560092997993961,-2.3126424825829033,0.09008131445678459,0
56,53,0.8133146921171901,-0.5915889614978181,-0.4231740122938979,-0.5600433062501811,-0.42296835750530687,11,fear,0.5,0.1274762977942073,21,0.04276994613841508,-1.7198077348660814,0.1518959302773655,0
56,53,0.8133146921171901,-0.5915889614978181,-0.4231740122938979,-0.5600433062501811,-0.42296835750530687,12,fear,0.5,0.19901381146458244,29,0.7270890843530564,-2.101875619162511,0.10891465456013305,0
56,53,0.8133146921171901,-0.5915889614978181,-0.4231740122938979,-0.5600433062501811,-0.42296835750530687,13,fear,0.5,-0.07533295985117497,8,-1.0692486534603771,-1.185508220815405,0.2340632492354907,0
56,53,0.8133146921171901,-0.5915889614978181,-0.4231740122938979,-0.5600433062501811,-0.42296835750530687,14,fear,0.5,0.01703070109921553,34,1.1547885457372071,-2.5673621032571314,0.07126870775271431,0
56,53,0.8133146921171901,-0.5915889614978181,-0.4231740122938979,-0.5600433062501811,-0.42296835750530687,15,fear,0.5,0.02684780492684079,7,-1.1547885457372071,-1.0266267812915386,0.2637385954014202,0
56,53,0.8133146921171901,-0.5915889614978181,-0.4231740122938979,-0.5600433062501811,-0.42296835750530687,16,fear,0.5,0.20218327567498928,20,-0.04276994613841508,-1.5884000822394484,0.1696091132333858,1
56,53,0.8133146921171901,-0.5915889614978181,-0.4231740122938979,-0.5600433062501811,-0.42296835750530687,17,fear,0.5,-0.1334771970566687,22,0.12830983841524524,-2.0374619044628077,0.11532542973231522,0
56,53,0.8133146921171901,-0.5915889614978181,-0.4231740122938979,-0.5600433062501811,-0.42296835750530687,18,fear,0.5,-0.019829893319496802,17,-0.2993896229689056,-1.6403112269963827,0.16242271832023367,0
56,53,0.8133146921171901,-0.5915889614978181,-0.4231740122938979,-0.5600433062501811,-0.42296835750530687,19,fear,0.5,0.03493782098342581,40,1.668027899398188,-2.889659031848025,0.052667127867564695,0
56,53,0.8133146921171901,-0.5915889614978181,-0.4231740122938979,-0.5600433062501811,-0.42296835750530687,20,fear,0.5,0.050130844365563365,1,-1.668027899398188,-0.6631396933777126,0.34003467605016086,0
56,53,0.8133146921171901,-0.5915889614978181,-0.4231740122938979,-0.5600433062501811,-0.42296835750530687,21,neutral,-0.5,-0.034648782698473574,14,-0.5560092997993961,-0.6628186717341702,0.34010672056778507,0
56,53,0.8133146921171901,-0.5915889614978181,-0.4231740122938979,-0.5600433062501811,-0.42296835750530687,22,neutral,-0.5,0.20511447081031445,12,-0.7270890843530564,-0.41155454251458795,0.3985394296604932,0
56,53,0.8133146921171901,-0.5915889614978181,-0.4231740122938979,-0.5600433062501811,-0.42296835750530687,23,neutral,-0.5,0.06768230030033125,13,-0.6415491920762262,-0.554737150879968,0.36476605374939075,1
56,53,0.8133146921171901,-0.5915889614978181,-0.4231740122938979,-0.5600433062501811,-0.42296835750530687,24,neutral,-0.5,-0.08847636608881047,3,-1.4969481148445278,-0.6533914387151395,0.3422256918360631,0
56,53,0.8133146921171901,-0.5915889614978181,-0.4231740122938979,-0.5600433062501811,-0.42296835750530687,25,neutral,-0.5,-0.06387461728079331,24,0.2993896229689056,-0.7495488848704601,0.3209196044971846,0
56,53,0.8133146921171901,-0.5915889614978181,-0.4231740122938979,-0.5600433062501811,-0.42296835750530687,26,neutral,-0.5,0.020253570607942934,10,-0.8981688689067168,-0.5849145670061653,0.35780253758728675,0
56,53,0.8133146921171901,-0.5915889614978181,-0.4231740122938979,-0.5600433062501811,-0.42296835750530687,27,neutral,-0.5,-0.1657771424201549,16,-0.3849295152457357,-0.8054479071666456,0.30886136643809387,1
56,53,0.8133146921171901,-0.5915889614978181,-0.4231740122938979,-0.5600433062501811,-0.42296835750530687,28,neutral,-0.5,0.03240578810212312,5,-1.3258683302908676,-0.5440101602349999,0.3672552108788308,0
56,53,0.8133146921171901,-0.5915889614978181,-0.4231740122938979,-0.5600433062501811,-0.42296835750530687,29,neutral,-0.5,-0.06427368638861679,32,0.9837087611835469,-0.7959514568214602,0.31089220691827074,0
56,53,0.8133146921171901,-0.5915889614978181,-0.4231740122938979,-0.5600433062501811,-0.42296835750530687,30,neutral,-0.5,0.03388482847826553,36,1.3258683302908676,-0.720794693376166,0.3272180100430384,0
56,53,0.8133146921171901,-0.5915889614978181,-0.4231740122938979,-0.5600433062501811,-0.42296835750530687,31,neutral,-0.5,0.10063449276941816,23,0.2138497306920754,-0.5792893369648516,0.3590961336084635,0
56,53,0.8133146921171901,-0.5915889614978181,-0.4231740122938979,-0.5600433062501811,-0.42296835750530687,32,neutral,-0.5,-0.16523159438711074,9,-0.9837087611835469,-0.7646492941458221,0.3176377063324916,1
56,53,0.8133146921171901,-0.5915889614978181,-0.4231740122938979,-0.5600433062501811,-0.42296835750530687,33,neutral,-0.5,-0.17814514840944695,38,1.4969481148445278,-0.9443255459746728,0.28002743109489703,0
56,53,0.8133146921171901,-0.5915889614978181,-0.4231740122938979,-0.5600433062501811,-0.42296835750530687,34,neutral,-0.5,0.20327413635404867,31,0.8981688689067168,-0.5226531962233978,0.37223203725807097,1
56,53,0.8133146921171901,-0.5915889614978181,-0.4231740122938979,-0.5600433062501811,-0.42296835750530687,35,neutral,-0.5,0.10974661130988755,30,0.8126289766298865,-0.6104302834121618,0.3519610507052197,0
56,53,0.8133146921171901,-0.5915889614978181,-0.4231740122938979,-0.5600433062501811,-0.42296835750530687,36,neutral,-0.5,-0.11455850646691589,37,1.4114082225676976,-0.8749884661767445,0.2942173671961643,0
56,53,0.8133146921171901,-0.5915889614978181,-0.4231740122938979,-0.5600433062501811,-0.42296835750530687,37,neutral,-0.5,0.022093603635536613,39,1.582488007121358,-0.7498372317850859,0.3208567682380949,0
56,53,0.8133146921171901,-0.5915889614978181,-0.4231740122938979,-0.5600433062501811,-0.42296835750530687,38,neutral,-0.5,-0.03248467960018497,35,1.2403284380140374,-0.7814137635992197,0.3140152676530313,0
56,53,0.8133146921171901,-0.5915889614978181,-0.4231740122938979,-0.5600433062501811,-0.42296835750530687,39,neutral,-0.5,-0.021721780340038743,33,1.0692486534603771,-0.7591499886282793,0.31883084132129774,1
56,53,0.8133146921171901,-0.5915889614978181,-0.4231740122938979,-0.5600433062501811,-0.42296835750530687,40,neutral,-0.5,-0.04668537349067967,11,-0.8126289766298865,-0.657603948960185,0.3412780563890992,0
57,59,1.212324353008698,0.5174343389371528,0.37038256732283587,0.4899090849095084,0.3701396859133264,1,fear,0.5,-0.08121017626445963,30,0.8126289766298865,-0.0863199521965636,0.47843340158963554,1
57,59,1.212324353008698,0.5174343389371528,0.37038256732283587,0.4899090849095084,0.3701396859133264,2,fear,0.5,0.053067844990018875,18,-0.2138497306920754,-0.45639528272832436,0.3878413105795806,1
57,59,1.212324353008698,0.5174343389371528,0.37038256732283587,0.4899090849095084,0.3701396859133264,3,fear,0.5,-0.11676296957720594,12,-0.7270890843530564,-0.8784027731886691,0.2935088728476301,0
57,59,1.212324353008698,0.5174343389371528,0.37038256732283587,0.4899090849095084,0.3701396859133264,4,fear,0.5,-0.11848507274328071,26,0.4704694075225659,-0.29171263260413116,0.427584638045836,1
57,59,1.212324353008698,0.5174343389371528,0.37038256732283587,0.4899090849095084,0.3701396859133264,5,fear,0.5,-0.027683151933853067,5,-1.3258683302908676,-1.0835290774206225,0.2528387526668554,1
57,59,1.212324353008698,0.5174343389371528,0.37038256732283587,0.4899090849095084,0.3701396859133264,6,fear,0.5,0.06278918644554837,29,0.7270890843530564,0.01564996453125783,0.503912411280373,1
57,59,1.212324353008698,0.5174343389371528,0.37038256732283587,0.4899090849095084,0.3701396859133264,7,fear,0.5,-0.04999597070532241,35,1.2403284380140374,0.15504148327350661,0.5386829139671895,1
57,59,1.212324353008698,0.5174343389371528,0.37038256732283587,0.4899090849095084,0.3701396859133264,8,fear,0.5,0.01022656605323173,3,-1.4969481148445278,-1.129678251397911,0.2442204833575939,0
57,59,1.212324353008698,0.5174343389371528,0.37038256732283587,0.4899090849095084,0.3701396859133264,9,fear,0.5,0.07192665896287707,24,0.2993896229689056,-0.1853597928623465,0.453792277469968,1
57,59,1.212324353008698,0.5174343389371528,0.37038256732283587,0.4899090849095084,0.3701396859133264,10,fear,0.5,-0.12515440144751105,16,-0.3849295152457357,-0.7186764211302277,0.32768451058262876,1
57,59,1.212324353008698,0.5174343389371528,0.37038256732283587,0.4899090849095084,0.3701396859133264,11,fear,0.5,0.1274762977942073,31,0.8981688689067168,0.16439596784428995,0.5410066795399043,0
57,59,1.212324353008698,0.5174343389371528,0.37038256732283587,0.4899090849095084,0.3701396859133264,12,fear,0.5,0.19901381146458244,13,-0.6415491920762262,-0.520596546164694,0.3727127518254689,0
57,59,1.212324353008698,0.5174343389371528,0.37038256732283587,0.4899090849095084,0.3701396859133264,13,fear,0.5,-0.07533295985117497,19,-0.12830983841524524,-0.5427666415873318,0.3675442259466728,1
57,59,1.212324353008698,0.5174343389371528,0.37038256732283587,0.4899090849095084,0.3701396859133264,14,fear,0.5,0.01703070109921553,25,0.3849295152457357,-0.19822630474382152,0.45060506035171005,1
57,59,1.212324353008698,0.5174343389371528,0.37038256732283587,0.4899090849095084,0.3701396859133264,15,fear,0.5,0.02684780492684079,34,1.1547885457372071,0.18985581292348314,0.5473218945047884,0
57,59,1.212324353008698,0.5174343389371528,0.37038256732283587,0.4899090849095084,0.3701396859133264,16,fear,0.5,0.20218327567498928,40,1.668027899398188,0.6173679595647513,0.6496196956396,1
57,59,1.212324353008698,0.5174343389371528,0.37038256732283587,0.4899090849095084,0.3701396859133264,17,fear,0.5,-0.1334771970566687,7,-1.1547885457372071,-1.1052642305790648,0.2487548361724237,0
57,59,1.212324353008698,0.5174343389371528,0.37038256732283587,0.4899090849095084,0.3701396859133264,18,fear,0.5,-0.019829893319496802,2,-1.582488007121358,-1.2017641567528259,0.2311615315023786,0
57,59,1.212324353008698,0.5174343389371528,0.37038256732283587,0.4899090849095084,0.3701396859133264,19,fear,0.5,0.03493782098342581,28,0.6415491920762262,-0.05423084691305151,0.48644561004677256,0
57,59,1.212324353008698,0.5174343389371528,0.37038256732283587,0.4899090849095084,0.3701396859133264,20,fear,0.5,0.050130844365563365,20,-0.04276994613841508,-0.37527339138840676,0.4072674015101119,1
57,59,1.212324353008698,0.5174343389371528,0.37038256732283587,0.4899090849095084,0.3701396859133264,21,neutral,-0.5,-0.034648782698473574,9,-0.9837087611835469,-0.9026904388776903,0.28849792530253937,0
57,59,1.212324353008698,0.5174343389371528,0.37038256732283587,0.4899090849095084,0.3701396859133264,22,neutral,-0.5,0.20511447081031445,37,1.4114082225676976,0.2320523534197503,0.5577541570764062,0
57,59,1.212324353008698,0.5174343389371528,0.37038256732283587,0.4899090849095084,0.3701396859133264,23,neutral,-0.5,0.06768230030033125,15,-0.4704694075225659,-0.6085780261384597,0.35238363757798385,0
57,59,1.212324353008698,0.5174343389371528,0.37038256732283587,0.4899090849095084,0.3701396859133264,24,neutral,-0.5,-0.08847636608881047,4,-1.4114082225676976,-1.116335797051715,0.24669158794875976,0
57,59,1.212324353008698,0.5174343389371528,0.37038256732283587,0.4899090849095084,0.3701396859133264,25,neutral,-0.5,-0.06387461728079331,10,-0.8981688689067168,-0.8999527185032722,0.2890602138340154,0
57,59,1.212324353008698,0.5174343389371528,0.37038256732283587,0.4899090849095084,0.3701396859133264,26,neutral,-0.5,0.020253570607942934,14,-0.5560092997993961,-0.6879703107875857,0.33448473971364523,0
57,59,1.212324353008698,0.5174343389371528,0.37038256732283587,0.4899090849095084,0.3701396859133264,27,neutral,-0.5,-0.1657771424201549,17,-0.2993896229689056,-0.7781103589454709,0.31472728979689124,0
57,59,1.212324353008698,0.5174343389371528,0.37038256732283587,0.4899090849095084,0.3701396859133264,28,neutral,-0.5,0.03240578810212312,33,1.0692486534603771,-0.0685105491153912,0.4828790589041257,0
57,59,1.212324353008698,0.5174343389371528,0.37038256732283587,0.4899090849095084,0.3701396859133264,29,neutral,-0.5,-0.06427368638861679,22,0.12830983841524524,-0.5167891281302447,0.37360334892061303,0
57,59,1.212324353008698,0.5174343389371528,0.37038256732283587,0.4899090849095084,0.3701396859133264,30,neutral,-0.5,0.03388482847826553,11,-0.8126289766298865,-0.770229717787476,0.3164294157882315,0
57,59,1.212324353008698,0.5174343389371528,0.37038256732283587,0.4899090849095084,0.3701396859133264,31,neutral,-0.5,0.10063449276941816,38,1.4969481148445278,0.15953593033559169,0.5397996043610297,1
57,59,1.212324353008698,0.5174343389371528,0.37038256732283587,0.4899090849095084,0.3701396859133264,32,neutral,-0.5,-0.16523159438711074,6,-1.2403284380140374,-1.1291639154365405,0.24431543035226988,0
57,59,1.212324353008698,0.5174343389371528,0.37038256732283587,0.4899090849095084,0.3701396859133264,33,neutral,-0.5,-0.17814514840944695,27,0.5560092997993961,-0.4708428153673868,0.38441677992364837,0
57,59,1.212324353008698,0.5174343389371528,0.37038256732283587,0.4899090849095084,0.3701396859133264,34,neutral,-0.5,0.20327413635404867,36,1.3258683302908676,0.19824846400674706,0.549400425392516,0
57,59,1.212324353008698,0.5174343389371528,0.37038256732283587,0.4899090849095084,0.3701396859133264,35,neutral,-0.5,0.10974661130988755,8,-1.0692486534603771,-0.7902585998260665,0.3121131457171993,0
57,59,1.212324353008698,0.5174343389371528,0.37038256732283587,0.4899090849095084,0.3701396859133264,36,neutral,-0.5,-0.11455850646691589,1,-1.668027899398188,-1.2383086023000331,0.2247305351978144,0
57,59,1.212324353008698,0.5174343389371528,0.37038256732283587,0.4899090849095084,0.3701396859133264,37,neutral,-0.5,0.022093603635536613,39,1.582488007121358,0.11295859615844772,0.5282096599805849,0
57,59,1.212324353008698,0.5174343389371528,0.37038256732283587,0.4899090849095084,0.3701396859133264,38,neutral,-0.5,-0.03248467960018497,21,0.04276994613841508,-0.5169636762985504,0.3735625013811624,1
57,59,1.212324353008698,0.5174343389371528,0.37038256732283587,0.4899090849095084,0.3701396859133264,39,neutral,-0.5,-0.021721780340038743,32,0.9837087611835469,-0.15460167251429074,0.46142638246165785,0
57,59,1.212324353008698,0.5174343389371528,0.37038256732283587,0.4899090849095084,0.3701396859133264,40,neutral,-0.5,-0.04668537349067967,23,0.2138497306920754,-0.46723726027557,0.38527035514836716,1
58,59,1.212324353008698,-0.18653772416813286,-0.1332908791398854,-0.17651340208181376,-0.13329222748272182,1,fear,0.5,-0.08121017626445963,29,0.7270890843530564,-1.7147680942538455,0.15254629427492292,1
58,59,1.212324353008698,-0.18653772416813286,-0.1332908791398854,-0.17651340208181376,-0.13329222748272182,2,fear,0.5,0.053067844990018875,18,-0.2138497306920754,-1.3320387688956985,0.20882232889756164,0
58,59,1.212324353008698,-0.18653772416813286,-0.1332908791398854,-0.17651340208181376,-0.13329222748272182,3,fear,0.5,-0.11676296957720594,39,1.582488007121358,-1.9761857094790176,0.1217260311200946,0
58,59,1.212324353008698,-0.18653772416813286,-0.1332908791398854,-0.17651340208181376,-0.13329222748272182,4,fear,0.5,-0.11848507274328071,40,1.668027899398188,-2.0004942948363347,0.11915103400273666,0
58,59,1.212324353008698,-0.18653772416813286,-0.1332908791398854,-0.17651340208181376,-0.13329222748272182,5,fear,0.5,-0.027683151933853067,26,0.4704694075225659,-1.5934816233495108,0.1688946206173741,1
58,59,1.212324353008698,-0.18653772416813286,-0.1332908791398854,-0.17651340208181376,-0.13329222748272182,6,fear,0.5,0.06278918644554837,34,1.1547885457372071,-1.68370114250005,0.1566059983788427,0
58,59,1.212324353008698,-0.18653772416813286,-0.1332908791398854,-0.17651340208181376,-0.13329222748272182,7,fear,0.5,-0.04999597070532241,35,1.2403284380140374,-1.8190727818421635,0.1395451689868247,0
58,59,1.212324353008698,-0.18653772416813286,-0.1332908791398854,-0.17651340208181376,-0.13329222748272182,8,fear,0.5,0.01022656605323173,4,-1.4114082225676976,-1.0586692971550895,0.2575638358544558,0
58,59,1.212324353008698,-0.18653772416813286,-0.1332908791398854,-0.17651340208181376,-0.13329222748272182,9,fear,0.5,0.07192665896287707,15,-0.4704694075225659,-1.2454205083491128,0.22349387732738732,1
58,59,1.212324353008698,-0.18653772416813286,-0.1332908791398854,-0.17651340208181376,-0.13329222748272182,10,fear,0.5,-0.12515440144751105,28,0.6415491920762262,-1.7361258372456543,0.14980569404677607,1
58,59,1.212324353008698,-0.18653772416813286,-0.1332908791398854,-0.17651340208181376,-0.13329222748272182,11,fear,0.5,0.1274762977942073,24,0.2993896229689056,-1.3931492092389657,0.19890547941851316,1
58,59,1.212324353008698,-0.18653772416813286,-0.1332908791398854,-0.17651340208181376,-0.13329222748272182,12,fear,0.5,0.19901381146458244,10,-0.8981688689067168,-1.0054009448911942,0.26788085724639643,0
58,59,1.212324353008698,-0.18653772416813286,-0.1332908791398854,-0.17651340208181376,-0.13329222748272182,13,fear,0.5,-0.07533295985117497,8,-1.0692486534603771,-1.2345747518244665,0.22538174028746935,1
58,59,1.212324353008698,-0.18653772416813286,-0.1332908791398854,-0.17651340208181376,-0.13329222748272182,14,fear,0.5,0.01703070109921553,27,0.5560092997993961,-1.571354252507685,0.17202341802284646,0
58,59,1.212324353008698,-0.18653772416813286,-0.1332908791398854,-0.17651340208181376,-0.13329222748272182,15,fear,0.5,0.02684780492684079,25,0.3849295152457357,-1.5163641842975746,0.17999753584157235,0
58,59,1.212324353008698,-0.18653772416813286,-0.1332908791398854,-0.17651340208181376,-0.13329222748272182,16,fear,0.5,0.20218327567498928,2,-1.582488007121358,-0.8215396231508467,0.3054369384013971,0
58,59,1.212324353008698,-0.18653772416813286,-0.1332908791398854,-0.17651340208181376,-0.13329222748272182,17,fear,0.5,-0.1334771970566687,1,-1.668027899398188,-1.1346136136912623,0.24331068013692309,0
58,59,1.212324353008698,-0.18653772416813286,-0.1332908791398854,-0.17651340208181376,-0.13329222748272182,18,fear,0.5,-0.019829893319496802,36,1.3258683302908676,-1.8114931866475803,0.1404577574425224,0
58,59,1.212324353008698,-0.18653772416813286,-0.1332908791398854,-0.17651340208181376,-0.13329222748272182,19,fear,0.5,0.03493782098342581,11,-0.8126289766298865,-1.1920634175635936,0.23289009831967372,0
58,59,1.212324353008698,-0.18653772416813286,-0.1332908791398854,-0.17651340208181376,-0.13329222748272182,20,fear,0.5,0.050130844365563365,19,-0.12830983841524524,-1.3575622517113963,0.2046367859164125,0
58,59,1.212324353008698,-0.18653772416813286,-0.1332908791398854,-0.17651340208181376,-0.13329222748272182,21,neutral,-0.5,-0.034648782698473574,9,-0.9837087611835469,-1.0255984683599684,0.26393832227688085,0
58,59,1.212324353008698,-0.18653772416813286,-0.1332908791398854,-0.17651340208181376,-0.13329222748272182,22,neutral,-0.5,0.20511447081031445,20,-0.04276994613841508,-0.6713126921880069,0.33820296939947203,0
58,59,1.212324353008698,-0.18653772416813286,-0.1332908791398854,-0.17651340208181376,-0.13329222748272182,23,neutral,-0.5,0.06768230030033125,6,-1.2403284380140374,-0.9545008006329382,0.2779805760399641,0
58,59,1.212324353008698,-0.18653772416813286,-0.1332908791398854,-0.17651340208181376,-0.13329222748272182,24,neutral,-0.5,-0.08847636608881047,30,0.8126289766298865,-0.8607921448478832,0.2971738704677992,0
58,59,1.212324353008698,-0.18653772416813286,-0.1332908791398854,-0.17651340208181376,-0.13329222748272182,25,neutral,-0.5,-0.06387461728079331,16,-0.3849295152457357,-0.9819463339748141,0.272505759210808,1
58,59,1.212324353008698,-0.18653772416813286,-0.1332908791398854,-0.17651340208181376,-0.13329222748272182,26,neutral,-0.5,0.020253570607942934,5,-1.3258683302908676,-1.0123406687492513,0.2665220280343837,0
58,59,1.212324353008698,-0.18653772416813286,-0.1332908791398854,-0.17651340208181376,-0.13329222748272182,27,neutral,-0.5,-0.1657771424201549,37,1.4114082225676976,-0.8652149522117538,0.29625094544140296,0
58,59,1.212324353008698,-0.18653772416813286,-0.1332908791398854,-0.17651340208181376,-0.13329222748272182,28,neutral,-0.5,0.03240578810212312,33,1.0692486534603771,-0.7086765753851749,0.3298913345714918,1
58,59,1.212324353008698,-0.18653772416813286,-0.1332908791398854,-0.17651340208181376,-0.13329222748272182,29,neutral,-0.5,-0.06427368638861679,22,0.12830983841524524,-0.9198785725390884,0.2849826366271849,1
58,59,1.212324353008698,-0.18653772416813286,-0.1332908791398854,-0.17651340208181376,-0.13329222748272182,30,neutral,-0.5,0.03388482847826553,32,0.9837087611835469,-0.7176086734329574,0.3279197865378322,0
58,59,1.212324353008698,-0.18653772416813286,-0.1332908791398854,-0.17651340208181376,-0.13329222748272182,31,neutral,-0.5,0.10063449276941816,13,-0.6415491920762262,-0.8486706391963772,0.2997117956235063,0
58,59,1.212324353008698,-0.18653772416813286,-0.1332908791398854,-0.17651340208181376,-0.13329222748272182,32,neutral,-0.5,-0.16523159438711074,7,-1.1547885457372071,-1.1770035568964552,0.23559139234553117,0
58,59,1.212324353008698,-0.18653772416813286,-0.1332908791398854,-0.17651340208181376,-0.13329222748272182,33,neutral,-0.5,-0.17814514840944695,12,-0.7270890843530564,-1.1378614187991671,0.2427132234233643,0
58,59,1.212324353008698,-0.18653772416813286,-0.1332908791398854,-0.17651340208181376,-0.13329222748272182,34,neutral,-0.5,0.20327413635404867,14,-0.5560092997993961,-0.7356198571878217,0.323962702001625,1
58,59,1.212324353008698,-0.18653772416813286,-0.1332908791398854,-0.17651340208181376,-0.13329222748272182,35,neutral,-0.5,0.10974661130988755,17,-0.2993896229689056,-0.7979139669602081,0.310471918309976,1
58,59,1.212324353008698,-0.18653772416813286,-0.1332908791398854,-0.17651340208181376,-0.13329222748272182,36,neutral,-0.5,-0.11455850646691589,38,1.4969481148445278,-0.8035851778345896,0.3092591373672506,0
58,59,1.212324353008698,-0.18653772416813286,-0.1332908791398854,-0.17651340208181376,-0.13329222748272182,37,neutral,-0.5,0.022093603635536613,23,0.2138497306920754,-0.8231001440910101,0.30510598190302435,1
58,59,1.212324353008698,-0.18653772416813286,-0.1332908791398854,-0.17651340208181376,-0.13329222748272182,38,neutral,-0.5,-0.03248467960018497,31,0.8981688689067168,-0.7943893199353328,0.3112269752060277,1
58,59,1.212324353008698,-0.18653772416813286,-0.1332908791398854,-0.17651340208181376,-0.13329222748272182,39,neutral,-0.5,-0.021721780340038743,3,-1.4969481148445278,-1.0751382965450826,0.2544271509611741,0
58,59,1.212324353008698,-0.18653772416813286,-0.1332908791398854,-0.17651340208181376,-0.13329222748272182,40,neutral,-0.5,-0.04668537349067967,21,0.04276994613841508,-0.9127013980650761,0.2864473658745813,0
59,19,-1.447740052934688,-0.2142557462204457,-0.15326399086289216,-0.202898768312366,-0.15319299064991043,1,fear,0.5,-0.08121017626445963,23,0.2138497306920754,-0.11232674887498777,0.4719478018271343,1
59,19,-1.447740052934688,-0.2142557462204457,-0.15326399086289216,-0.202898768312366,-0.15319299064991043,2,fear,0.5,0.053067844990018875,21,0.04276994613841508,0.03128604945787311,0.5078208744412082,0
59,19,-1.447740052934688,-0.2142557462204457,-0.15326399086289216,-0.202898768312366,-0.15319299064991043,3,fear,0.5,-0.11676296957720594,9,-0.9837087611835469,-0.08253610263905718,0.479377679972813,0
59,19,-1.447740052934688,-0.2142557462204457,-0.15326399086289216,-0.202898768312366,-0.15319299064991043,4,fear,0.5,-0.11848507274328071,40,1.668027899398188,-0.22894725052005951,0.4430118982085148,1
59,19,-1.447740052934688,-0.2142557462204457,-0.15326399086289216,-0.202898768312366,-0.15319299064991043,5,fear,0.5,-0.027683151933853067,7,-1.1547885457372071,0.015878492082678136,0.5039695396188388,1
59,19,-1.447740052934688,-0.2142557462204457,-0.15326399086289216,-0.202898768312366,-0.15319299064991043,6,fear,0.5,0.06278918644554837,33,1.0692486534603771,-0.015001271556892015,0.49624975243957714,1
59,19,-1.447740052934688,-0.2142557462204457,-0.15326399086289216,-0.202898768312366,-0.15319299064991043,7,fear,0.5,-0.04999597070532241,25,0.3849295152457357,-0.09044732039423302,0.47740357238457937,0
59,19,-1.447740052934688,-0.2142557462204457,-0.15326399086289216,-0.202898768312366,-0.15319299064991043,8,fear,0.5,0.01022656605323173,2,-1.582488007121358,0.07712515276571894,0.5192717363166124,1
59,19,-1.447740052934688,-0.2142557462204457,-0.15326399086289216,-0.202898768312366,-0.15319299064991043,9,fear,0.5,0.07192665896287707,18,-0.2138497306920754,0.06414702904830501,0.5160312604646041,0
59,19,-1.447740052934688,-0.2142557462204457,-0.15326399086289216,-0.202898768312366,-0.15319299064991043,10,fear,0.5,-0.12515440144751105,31,0.8981688689067168,-0.19361008237156885,0.45174811161463685,0
59,19,-1.447740052934688,-0.2142557462204457,-0.15326399086289216,-0.202898768312366,-0.15319299064991043,11,fear,0.5,0.1274762977942073,17,-0.2993896229689056,0.12436405641882656,0.5310510037655132,0
59,19,-1.447740052934688,-0.2142557462204457,-0.15326399086289216,-0.202898768312366,-0.15319299064991043,12,fear,0.5,0.19901381146458244,16,-0.3849295152457357,0.2005689586283927,0.5499748200055798,1
59,19,-1.447740052934688,-0.2142557462204457,-0.15326399086289216,-0.202898768312366,-0.15319299064991043,13,fear,0.5,-0.07533295985117497,15,-0.4704694075225659,-0.06911042414817355,0.4827292675281863,1
59,19,-1.447740052934688,-0.2142557462204457,-0.15326399086289216,-0.202898768312366,-0.15319299064991043,14,fear,0.5,0.01703070109921553,20,-0.04276994613841508,-8.370589373901324e-5,0.49997907352657756,0
59,19,-1.447740052934688,-0.2142557462204457,-0.15326399086289216,-0.202898768312366,-0.15319299064991043,15,fear,0.5,0.02684780492684079,1,-1.668027899398188,0.09841378017851912,0.5245836066700331,1
59,19,-1.447740052934688,-0.2142557462204457,-0.15326399086289216,-0.202898768312366,-0.15319299064991043,16,fear,0.5,0.20218327567498928,27,0.5560092997993961,0.15239714890769623,0.5380257204308798,1
59,19,-1.447740052934688,-0.2142557462204457,-0.15326399086289216,-0.202898768312366,-0.15319299064991043,17,fear,0.5,-0.1334771970566687,36,1.3258683302908676,-0.22526982067668258,0.4439195018707662,1
59,19,-1.447740052934688,-0.2142557462204457,-0.15326399086289216,-0.202898768312366,-0.15319299064991043,18,fear,0.5,-0.019829893319496802,3,-1.4969481148445278,0.04240130485379934,0.5105987383309788,1
59,19,-1.447740052934688,-0.2142557462204457,-0.15326399086289216,-0.202898768312366,-0.15319299064991043,19,fear,0.5,0.03493782098342581,38,1.4969481148445278,-0.06618957971497041,0.4834586436871909,0
59,19,-1.447740052934688,-0.2142557462204457,-0.15326399086289216,-0.202898768312366,-0.15319299064991043,20,fear,0.5,0.050130844365563365,32,0.9837087611835469,-0.022992225097685642,0.49425219693438877,1
59,19,-1.447740052934688,-0.2142557462204457,-0.15326399086289216,-0.202898768312366,-0.15319299064991043,21,neutral,-0.5,-0.034648782698473574,10,-0.8981688689067168,2.0351676358177193,0.8844402897586663,1
59,19,-1.447740052934688,-0.2142557462204457,-0.15326399086289216,-0.202898768312366,-0.15319299064991043,22,neutral,-0.5,0.20511447081031445,12,-0.7270890843530564,2.243979322660025,0.9041299371045279,1
59,19,-1.447740052934688,-0.2142557462204457,-0.15326399086289216,-0.202898768312366,-0.15319299064991043,23,neutral,-0.5,0.06768230030033125,39,1.582488007121358,1.6887010021525282,0.8440532526264375,1
59,19,-1.447740052934688,-0.2142557462204457,-0.15326399086289216,-0.202898768312366,-0.15319299064991043,24,neutral,-0.5,-0.08847636608881047,19,-0.12830983841524524,1.8420580024282114,0.8631919219861598,1
59,19,-1.447740052934688,-0.2142557462204457,-0.15326399086289216,-0.202898768312366,-0.15319299064991043,25,neutral,-0.5,-0.06387461728079331,4,-1.4114082225676976,2.0987965012348466,0.89078615005495565,1
59,19,-1.447740052934688,-0.2142557462204457,-0.15326399086289216,-0.202898768312366,-0.15319299064991043,26,neutral,-0.5,0.020253570607942934,8,-1.0692486534603771,2.1210215557906182,0.8929296358949185,1
59,19,-1.447740052934688,-0.2142557462204457,-0.15326399086289216,-0.202898768312366,-0.15319299064991043,27,neutral,-0.5,-0.1657771424201549,6,-1.2403284380140374,1.965942409429003,0.8771746198012197,1
59,19,-1.447740052934688,-0.2142557462204457,-0.15326399086289216,-0.202898768312366,-0.15319299064991043,28,neutral,-0.5,0.03240578810212312,30,0.8126289766298865,1.7927065399534914,0.8572587857664782,1
59,19,-1.447740052934688,-0.2142557462204457,-0.15326399086289216,-0.202898768312366,-0.15319299064991043,29,neutral,-0.5,-0.06427368638861679,11,-0.8126289766298865,1.9900669487943348,0.8797502202098865,1
59,19,-1.447740052934688,-0.2142557462204457,-0.15326399086289216,-0.202898768312366,-0.15319299064991043,30,neutral,-0.5,0.03388482847826553,14,-0.5560092997993961,2.041798113661493,0.8851162366662482,1
59,19,-1.447740052934688,-0.2142557462204457,-0.15326399086289216,-0.202898768312366,-0.15319299064991043,31,neutral,-0.5,0.10063449276941816,22,0.12830983841524524,1.9847415112867162,0.8791857030902958,1
59,19,-1.447740052934688,-0.2142557462204457,-0.15326399086289216,-0.202898768312366,-0.15319299064991043,32,neutral,-0.5,-0.16523159438711074,24,0.2993896229689056,1.6879238574637048,0.8439509317698947,1
59,19,-1.447740052934688,-0.2142557462204457,-0.15326399086289216,-0.202898768312366,-0.15319299064991043,33,neutral,-0.5,-0.17814514840944695,29,0.7270890843530564,1.5976313867751624,0.8316870783755929,1
59,19,-1.447740052934688,-0.2142557462204457,-0.15326399086289216,-0.202898768312366,-0.15319299064991043,34,neutral,-0.5,0.20327413635404867,35,1.2403284380140374,1.8861959715392105,0.8683211889241726,0
59,19,-1.447740052934688,-0.2142557462204457,-0.15326399086289216,-0.202898768312366,-0.15319299064991043,35,neutral,-0.5,0.10974661130988755,37,1.4114082225676976,1.761716879828567,0.8534245568988771,1
59,19,-1.447740052934688,-0.2142557462204457,-0.15326399086289216,-0.202898768312366,-0.15319299064991043,36,neutral,-0.5,-0.11455850646691589,34,1.1547885457372071,1.583839112051487,0.8297475428915363,1
59,19,-1.447740052934688,-0.2142557462204457,-0.15326399086289216,-0.202898768312366,-0.15319299064991043,37,neutral,-0.5,0.022093603635536613,26,0.4704694075225659,1.8442974888198698,0.8634561715382494,0
59,19,-1.447740052934688,-0.2142557462204457,-0.15326399086289216,-0.202898768312366,-0.15319299064991043,38,neutral,-0.5,-0.03248467960018497,13,-0.6415491920762262,1.990904388916284,0.8798387846377217,1
59,19,-1.447740052934688,-0.2142557462204457,-0.15326399086289216,-0.202898768312366,-0.15319299064991043,39,neutral,-0.5,-0.021721780340038743,5,-1.3258683302908676,2.1254735548423604,0.8933545310769189,1
59,19,-1.447740052934688,-0.2142557462204457,-0.15326399086289216,-0.202898768312366,-0.15319299064991043,40,neutral,-0.5,-0.04668537349067967,28,0.6415491920762262,1.744566945027171,0.851266223782729,1
60,42,0.08179698048275891,-0.6819758868852674,-0.4879501481492875,-0.6456149271080874,-0.48763810529759627,1,fear,0.5,-0.08121017626445963,15,-0.4704694075225659,-1.3044144990400297,0.21342300149156634,0
60,42,0.08179698048275891,-0.6819758868852674,-0.4879501481492875,-0.6456149271080874,-0.48763810529759627,2,fear,0.5,0.053067844990018875,20,-0.04276994613841508,-1.4670159022666953,0.18739660590058213,0
60,42,0.08179698048275891,-0.6819758868852674,-0.4879501481492875,-0.6456149271080874,-0.48763810529759627,3,fear,0.5,-0.11676296957720594,7,-1.1547885457372071,-0.8649602131829451,0.29630405780117924,1
60,42,0.08179698048275891,-0.6819758868852674,-0.4879501481492875,-0.6456149271080874,-0.48763810529759627,4,fear,0.5,-0.11848507274328071,3,-1.4969481148445278,-0.6291787767641043,0.34769677099381807,0
60,42,0.08179698048275891,-0.6819758868852674,-0.4879501481492875,-0.6456149271080874,-0.48763810529759627,5,fear,0.5,-0.027683151933853067,14,-0.5560092997993961,-1.1915115898131938,0.23298869814770062,0
60,42,0.08179698048275891,-0.6819758868852674,-0.4879501481492875,-0.6456149271080874,-0.48763810529759627,6,fear,0.5,0.06278918644554837,36,1.3258683302908676,-2.4073087191508273,0.08261706531114972,0
60,42,0.08179698048275891,-0.6819758868852674,-0.4879501481492875,-0.6456149271080874,-0.48763810529759627,7,fear,0.5,-0.04999597070532241,12,-0.7270890843530564,-1.0950726387922056,0.25066427148028636,0
60,42,0.08179698048275891,-0.6819758868852674,-0.4879501481492875,-0.6456149271080874,-0.48763810529759627,8,fear,0.5,0.01022656605323173,16,-0.3849295152457357,-1.272353641618567,0.2188546136918782,0
60,42,0.08179698048275891,-0.6819758868852674,-0.4879501481492875,-0.6456149271080874,-0.48763810529759627,9,fear,0.5,0.07192665896287707,30,0.8126289766298865,-2.0419159372561255,0.11487178292810898,0
60,42,0.08179698048275891,-0.6819758868852674,-0.4879501481492875,-0.6456149271080874,-0.48763810529759627,10,fear,0.5,-0.12515440144751105,10,-0.8981688689067168,-1.0514792997419364,0.25894113585761314,0
60,42,0.08179698048275891,-0.6819758868852674,-0.4879501481492875,-0.6456149271080874,-0.48763810529759627,11,fear,0.5,0.1274762977942073,28,0.6415491920762262,-1.8676145286323378,0.13381798281254392,0
60,42,0.08179698048275891,-0.6819758868852674,-0.4879501481492875,-0.6456149271080874,-0.48763810529759627,12,fear,0.5,0.19901381146458244,25,0.3849295152457357,-1.6179493602732762,0.1654878726644461,0
60,42,0.08179698048275891,-0.6819758868852674,-0.4879501481492875,-0.6456149271080874,-0.48763810529759627,13,fear,0.5,-0.07533295985117497,40,1.668027899398188,-2.7829344050324663,0.05825336551461597,0
60,42,0.08179698048275891,-0.6819758868852674,-0.4879501481492875,-0.6456149271080874,-0.48763810529759627,14,fear,0.5,0.01703070109921553,8,-1.0692486534603771,-0.7905424274027522,0.3120522116035861,1
60,42,0.08179698048275891,-0.6819758868852674,-0.4879501481492875,-0.6456149271080874,-0.48763810529759627,15,fear,0.5,0.02684780492684079,13,-0.6415491920762262,-1.0776047480562712,0.25395956341965087,0
60,42,0.08179698048275891,-0.6819758868852674,-0.4879501481492875,-0.6456149271080874,-0.48763810529759627,16,fear,0.5,0.20218327567498928,6,-1.2403284380140374,-0.4866380830345209,0.38068586855511644,0
60,42,0.08179698048275891,-0.6819758868852674,-0.4879501481492875,-0.6456149271080874,-0.48763810529759627,17,fear,0.5,-0.1334771970566687,37,1.4114082225676976,-2.6629509875492734,0.06519525505143386,0
60,42,0.08179698048275891,-0.6819758868852674,-0.4879501481492875,-0.6456149271080874,-0.48763810529759627,18,fear,0.5,-0.019829893319496802,26,0.4704694075225659,-1.896168949953584,0.13054268838235866,0
60,42,0.08179698048275891,-0.6819758868852674,-0.4879501481492875,-0.6456149271080874,-0.48763810529759627,19,fear,0.5,0.03493782098342581,31,0.8981688689067168,-2.1382806601318056,0.10543144020784803,0
60,42,0.08179698048275891,-0.6819758868852674,-0.4879501481492875,-0.6456149271080874,-0.48763810529759627,20,fear,0.5,0.050130844365563365,24,0.2993896229689056,-1.7074564424760663,0.15349391798152204,0
60,42,0.08179698048275891,-0.6819758868852674,-0.4879501481492875,-0.6456149271080874,-0.48763810529759627,21,neutral,-0.5,-0.034648782698473574,23,0.2138497306920754,-0.018225520527628235,0.4954437459881502,0
60,42,0.08179698048275891,-0.6819758868852674,-0.4879501481492875,-0.6456149271080874,-0.48763810529759627,22,neutral,-0.5,0.20511447081031445,29,0.7270890843530564,0.1290861690026784,0.5322268044283672,0
60,42,0.08179698048275891,-0.6819758868852674,-0.4879501481492875,-0.6456149271080874,-0.48763810529759627,23,neutral,-0.5,0.06768230030033125,17,-0.2993896229689056,0.17655712644965801,0.5440249772322339,1
60,42,0.08179698048275891,-0.6819758868852674,-0.4879501481492875,-0.6456149271080874,-0.48763810529759627,24,neutral,-0.5,-0.08847636608881047,39,1.582488007121358,-0.31859060786058224,0.4210192658639275,0
60,42,0.08179698048275891,-0.6819758868852674,-0.4879501481492875,-0.6456149271080874,-0.48763810529759627,25,neutral,-0.5,-0.06387461728079331,2,-1.582488007121358,0.2761291188147371,0.5685969714875446,1
60,42,0.08179698048275891,-0.6819758868852674,-0.4879501481492875,-0.6456149271080874,-0.48763810529759627,26,neutral,-0.5,0.020253570607942934,18,-0.2138497306920754,0.11371980276085626,0.5283993517919708,1
60,42,0.08179698048275891,-0.6819758868852674,-0.4879501481492875,-0.6456149271080874,-0.48763810529759627,27,neutral,-0.5,-0.1657771424201549,9,-0.9837087611835469,0.06636643570048054,0.5165855217891581,0
60,42,0.08179698048275891,-0.6819758868852674,-0.4879501481492875,-0.6456149271080874,-0.48763810529759627,28,neutral,-0.5,0.03240578810212312,32,0.9837087611835469,-0.08984829569475364,0.4775530247168022,1
60,42,0.08179698048275891,-0.6819758868852674,-0.4879501481492875,-0.6456149271080874,-0.48763810529759627,29,neutral,-0.5,-0.06427368638861679,34,1.1547885457372071,-0.21734495817832064,0.4458766532005612,1
60,42,0.08179698048275891,-0.6819758868852674,-0.4879501481492875,-0.6456149271080874,-0.48763810529759627,30,neutral,-0.5,0.03388482847826553,21,0.04276994613841508,0.08112527864193814,0.5202702038370275,1
60,42,0.08179698048275891,-0.6819758868852674,-0.4879501481492875,-0.6456149271080874,-0.48763810529759627,31,neutral,-0.5,0.10063449276941816,11,-0.8126289766298865,0.30196088289722645,0.5749218008180131,0
60,42,0.08179698048275891,-0.6819758868852674,-0.4879501481492875,-0.6456149271080874,-0.48763810529759627,32,neutral,-0.5,-0.16523159438711074,19,-0.12830983841524524,-0.0871739562306111,0.47822030173173125,0
60,42,0.08179698048275891,-0.6819758868852674,-0.4879501481492875,-0.6456149271080874,-0.48763810529759627,33,neutral,-0.5,-0.17814514840944695,5,-1.3258683302908676,0.11563280569684266,0.5288760336021907,1
60,42,0.08179698048275891,-0.6819758868852674,-0.4879501481492875,-0.6456149271080874,-0.48763810529759627,34,neutral,-0.5,0.20327413635404867,1,-1.668027899398188,0.5586864664459926,0.6361485595225015,0
60,42,0.08179698048275891,-0.6819758868852674,-0.4879501481492875,-0.6456149271080874,-0.48763810529759627,35,neutral,-0.5,0.10974661130988755,4,-1.4114082225676976,0.4189331594125908,0.6032279361197674,1
60,42,0.08179698048275891,-0.6819758868852674,-0.4879501481492875,-0.6456149271080874,-0.48763810529759627,36,neutral,-0.5,-0.11455850646691589,27,0.5560092997993961,-0.15976962028172476,0.46014234385949,0
60,42,0.08179698048275891,-0.6819758868852674,-0.4879501481492875,-0.6456149271080874,-0.48763810529759627,37,neutral,-0.5,0.022093603635536613,33,1.0692486534603771,-0.11556907415775387,0.47113984617082916,0
60,42,0.08179698048275891,-0.6819758868852674,-0.4879501481492875,-0.6456149271080874,-0.48763810529759627,38,neutral,-0.5,-0.03248467960018497,22,0.12830983841524524,-6.528234329260094e-4,0.4998367941475648,0
60,42,0.08179698048275891,-0.6819758868852674,-0.4879501481492875,-0.6456149271080874,-0.48763810529759627,39,neutral,-0.5,-0.021721780340038743,38,1.4969481148445278,-0.2364274281153968,0.44116694183431016,1
60,42,0.08179698048275891,-0.6819758868852674,-0.4879501481492875,-0.6456149271080874,-0.48763810529759627,40,neutral,-0.5,-0.04668537349067967,35,1.2403284380140374,-0.21516523927679726,0.44641526112374436,1
61,44,0.2148002007799282,0.15910205084079498,0.11388940647117719,0.15065390010935215,0.1138648137386554,1,fear,0.5,-0.08121017626445963,7,-1.1547885457372071,-0.6918254507303535,0.3336271157473035,0
61,44,0.2148002007799282,0.15910205084079498,0.11388940647117719,0.15065390010935215,0.1138648137386554,2,fear,0.5,0.053067844990018875,38,1.4969481148445278,-0.03650823592739079,0.49087395463408107,1
61,44,0.2148002007799282,0.15910205084079498,0.11388940647117719,0.15065390010935215,0.1138648137386554,3,fear,0.5,-0.11676296957720594,22,0.12830983841524524,-0.4752625052293172,0.38337143792605,1
61,44,0.2148002007799282,0.15910205084079498,0.11388940647117719,0.15065390010935215,0.1138648137386554,4,fear,0.5,-0.11848507274328071,19,-0.12830983841524524,-0.5274077561581484,0.37112169041784904,0
61,44,0.2148002007799282,0.15910205084079498,0.11388940647117719,0.15065390010935215,0.1138648137386554,5,fear,0.5,-0.027683151933853067,36,1.3258683302908676,-0.15087466469310046,0.46235272101469704,1
61,44,0.2148002007799282,0.15910205084079498,0.11388940647117719,0.15065390010935215,0.1138648137386554,6,fear,0.5,0.06278918644554837,4,-1.4114082225676976,-0.5982492357831021,0.3547443431029727,1
61,44,0.2148002007799282,0.15910205084079498,0.11388940647117719,0.15065390010935215,0.1138648137386554,7,fear,0.5,-0.04999597070532241,31,0.8981688689067168,-0.257226063069164,0.43604572518293816,1
61,44,0.2148002007799282,0.15910205084079498,0.11388940647117719,0.15065390010935215,0.1138648137386554,8,fear,0.5,0.01022656605323173,24,0.2993896229689056,-0.3146575377570418,0.42197829574379386,0
61,44,0.2148002007799282,0.15910205084079498,0.11388940647117719,0.15065390010935215,0.1138648137386554,9,fear,0.5,0.07192665896287707,14,-0.5560092997993961,-0.4210346040565849,0.396269204996764,1
61,44,0.2148002007799282,0.15910205084079498,0.11388940647117719,0.15065390010935215,0.1138648137386554,10,fear,0.5,-0.12515440144751105,11,-0.8126289766298865,-0.6685388122297297,0.3388241023549136,0
61,44,0.2148002007799282,0.15910205084079498,0.11388940647117719,0.15065390010935215,0.1138648137386554,11,fear,0.5,0.1274762977942073,12,-0.7270890843530564,-0.39910039706709244,0.40152849833498583,0
61,44,0.2148002007799282,0.15910205084079498,0.11388940647117719,0.15065390010935215,0.1138648137386554,12,fear,0.5,0.19901381146458244,34,1.1547885457372071,0.042206866863497366,0.510550150575279,0
61,44,0.2148002007799282,0.15910205084079498,0.11388940647117719,0.15065390010935215,0.1138648137386554,13,fear,0.5,-0.07533295985117497,30,0.8126289766298865,-0.29937076813593544,0.42571131134797446,0
61,44,0.2148002007799282,0.15910205084079498,0.11388940647117719,0.15065390010935215,0.1138648137386554,14,fear,0.5,0.01703070109921553,20,-0.04276994613841508,-0.3750842663947334,0.40731305720996225,0
61,44,0.2148002007799282,0.15910205084079498,0.11388940647117719,0.15065390010935215,0.1138648137386554,15,fear,0.5,0.02684780492684079,32,0.9837087611835469,-0.16357457151608198,0.4591972951839447,1
61,44,0.2148002007799282,0.15910205084079498,0.11388940647117719,0.15065390010935215,0.1138648137386554,16,fear,0.5,0.20218327567498928,26,0.4704694075225659,-0.08908539629344654,0.4777433684178886,0
61,44,0.2148002007799282,0.15910205084079498,0.11388940647117719,0.15065390010935215,0.1138648137386554,17,fear,0.5,-0.1334771970566687,39,1.582488007121358,-0.20624556205315964,0.4486206085874033,0
61,44,0.2148002007799282,0.15910205084079498,0.11388940647117719,0.15065390010935215,0.1138648137386554,18,fear,0.5,-0.019829893319496802,2,-1.582488007121358,-0.714483747389985,0.32860885396594436,1
61,44,0.2148002007799282,0.15910205084079498,0.11388940647117719,0.15065390010935215,0.1138648137386554,19,fear,0.5,0.03493782098342581,17,-0.2993896229689056,-0.4076002942732797,0.3994876649080978,1
61,44,0.2148002007799282,0.15910205084079498,0.11388940647117719,0.15065390010935215,0.1138648137386554,20,fear,0.5,0.050130844365563365,27,0.5560092997993961,-0.22433011168195366,0.44415148592206943,1
61,44,0.2148002007799282,0.15910205084079498,0.11388940647117719,0.15065390010935215,0.1138648137386554,21,neutral,-0.5,-0.034648782698473574,6,-1.2403284380140374,0.15541614910078888,0.5387760184356504,1
61,44,0.2148002007799282,0.15910205084079498,0.11388940647117719,0.15065390010935215,0.1138648137386554,22,neutral,-0.5,0.20511447081031445,13,-0.6415491920762262,0.4763648996561647,0.6168891321394387,0
61,44,0.2148002007799282,0.15910205084079498,0.11388940647117719,0.15065390010935215,0.1138648137386554,23,neutral,-0.5,0.06768230030033125,40,1.668027899398188,0.6520767891830201,0.6574783096470347,1
61,44,0.2148002007799282,0.15910205084079498,0.11388940647117719,0.15065390010935215,0.1138648137386554,24,neutral,-0.5,-0.08847636608881047,21,0.04276994613841508,0.2755574879531401,0.5684567481119595,0
61,44,0.2148002007799282,0.15910205084079498,0.11388940647117719,0.15065390010935215,0.1138648137386554,25,neutral,-0.5,-0.06387461728079331,35,1.2403284380140374,0.4625302308543329,0.6136142453171636,1
61,44,0.2148002007799282,0.15910205084079498,0.11388940647117719,0.15065390010935215,0.1138648137386554,26,neutral,-0.5,0.020253570607942934,16,-0.3849295152457357,0.32629778390233083,0.5808582989163718,1
61,44,0.2148002007799282,0.15910205084079498,0.11388940647117719,0.15065390010935215,0.1138648137386554,27,neutral,-0.5,-0.1657771424201549,9,-0.9837087611835469,0.059081573827645145,0.5147660984550108,1
61,44,0.2148002007799282,0.15910205084079498,0.11388940647117719,0.15065390010935215,0.1138648137386554,28,neutral,-0.5,0.03240578810212312,5,-1.3258683302908676,0.210872791751873,0.5525237095857773,1
61,44,0.2148002007799282,0.15910205084079498,0.11388940647117719,0.15065390010935215,0.1138648137386554,29,neutral,-0.5,-0.06427368638861679,8,-1.0692486534603771,0.1489871017096707,0.5371780303094684,0
61,44,0.2148002007799282,0.15910205084079498,0.11388940647117719,0.15065390010935215,0.1138648137386554,30,neutral,-0.5,0.03388482847826553,18,-0.2138497306920754,0.3631248980716785,0.5897966727301774,1
61,44,0.2148002007799282,0.15910205084079498,0.11388940647117719,0.15065390010935215,0.1138648137386554,31,neutral,-0.5,0.10063449276941816,15,-0.4704694075225659,0.3950807779142934,0.597505192481748,1
61,44,0.2148002007799282,0.15910205084079498,0.11388940647117719,0.15065390010935215,0.1138648137386554,32,neutral,-0.5,-0.16523159438711074,3,-1.4969481148445278,-0.009960447036385954,0.4975099088278031,1
61,44,0.2148002007799282,0.15910205084079498,0.11388940647117719,0.15065390010935215,0.1138648137386554,33,neutral,-0.5,-0.17814514840944695,25,0.3849295152457357,0.23228041823055381,0.5578104118179875,1
61,44,0.2148002007799282,0.15910205084079498,0.11388940647117719,0.15065390010935215,0.1138648137386554,34,neutral,-0.5,0.20327413635404867,23,0.2138497306920754,0.5905038466950243,0.6434807431698417,1
61,44,0.2148002007799282,0.15910205084079498,0.11388940647117719,0.15065390010935215,0.1138648137386554,35,neutral,-0.5,0.10974661130988755,1,-1.668027899398188,0.24182190236158727,0.5601625794996735,0
61,44,0.2148002007799282,0.15910205084079498,0.11388940647117719,0.15065390010935215,0.1138648137386554,36,neutral,-0.5,-0.11455850646691589,29,0.7270890843530564,0.34225877277113503,0.5847391012921765,0
61,44,0.2148002007799282,0.15910205084079498,0.11388940647117719,0.15065390010935215,0.1138648137386554,37,neutral,-0.5,0.022093603635536613,37,1.4114082225676976,0.5716943080696879,0.639154035905881,1
61,44,0.2148002007799282,0.15910205084079498,0.11388940647117719,0.15065390010935215,0.1138648137386554,38,neutral,-0.5,-0.03248467960018497,28,0.6415491920762262,0.4127346714883534,0.6017434201431173,0
61,44,0.2148002007799282,0.15910205084079498,0.11388940647117719,0.15065390010935215,0.1138648137386554,39,neutral,-0.5,-0.021721780340038743,10,-0.8981688689067168,0.21473486405727382,0.5534783783669793,0
61,44,0.2148002007799282,0.15910205084079498,0.11388940647117719,0.15065390010935215,0.1138648137386554,40,neutral,-0.5,-0.04668537349067967,33,1.0692486534603771,0.4565236183454215,0.6121891584789959,1
62,38,-0.18420946011157968,0.07667352512003332,0.054840870849536684,0.07253575208473928,0.054723528618189084,1,fear,0.5,-0.08121017626445963,36,1.3258683302908676,-0.176318252517142,0.4560342788886492,0
62,38,-0.18420946011157968,0.07667352512003332,0.054840870849536684,0.07253575208473928,0.054723528618189084,2,fear,0.5,0.053067844990018875,23,0.2138497306920754,-0.2019279186049923,0.4496888568719469,0
62,38,-0.18420946011157968,0.07667352512003332,0.054840870849536684,0.07253575208473928,0.054723528618189084,3,fear,0.5,-0.11676296957720594,18,-0.2138497306920754,-0.43325399753465116,0.3933495752910534,0
62,38,-0.18420946011157968,0.07667352512003332,0.054840870849536684,0.07253575208473928,0.054723528618189084,4,fear,0.5,-0.11848507274328071,4,-1.4114082225676976,-0.6071628409155415,0.35270666358977737,0
62,38,-0.18420946011157968,0.07667352512003332,0.054840870849536684,0.07253575208473928,0.054723528618189084,5,fear,0.5,-0.027683151933853067,35,1.2403284380140374,-0.1350902810590223,0.46627869689492346,0
62,38,-0.18420946011157968,0.07667352512003332,0.054840870849536684,0.07253575208473928,0.054723528618189084,6,fear,0.5,0.06278918644554837,2,-1.582488007121358,-0.45048668747168613,0.38924505797649334,0
62,38,-0.18420946011157968,0.07667352512003332,0.054840870849536684,0.07253575208473928,0.054723528618189084,7,fear,0.5,-0.04999597070532241,25,0.3849295152457357,-0.2803936285553599,0.43035727541920293,1
62,38,-0.18420946011157968,0.07667352512003332,0.054840870849536684,0.07253575208473928,0.054723528618189084,8,fear,0.5,0.01022656605323173,11,-0.8126289766298865,-0.39235783201162133,0.4031498297368586,0
62,38,-0.18420946011157968,0.07667352512003332,0.054840870849536684,0.07253575208473928,0.054723528618189084,9,fear,0.5,0.07192665896287707,38,1.4969481148445278,0.0014166884551683433,0.5003541720545567,0
62,38,-0.18420946011157968,0.07667352512003332,0.054840870849536684,0.07253575208473928,0.054723528618189084,10,fear,0.5,-0.12515440144751105,15,-0.4704694075225659,-0.4785425880224168,0.3825963308536302,0
62,38,-0.18420946011157968,0.07667352512003332,0.054840870849536684,0.07253575208473928,0.054723528618189084,11,fear,0.5,0.1274762977942073,13,-0.6415491920762262,-0.25050999452567213,0.4376979760624402,0
62,38,-0.18420946011157968,0.07667352512003332,0.054840870849536684,0.07253575208473928,0.054723528618189084,12,fear,0.5,0.19901381146458244,9,-0.9837087611835469,-0.22816869234524426,0.4432040177869945,0
62,38,-0.18420946011157968,0.07667352512003332,0.054840870849536684,0.07253575208473928,0.054723528618189084,13,fear,0.5,-0.07533295985117497,37,1.4114082225676976,-0.1581419832313706,0.46054669354698313,1
62,38,-0.18420946011157968,0.07667352512003332,0.054840870849536684,0.07253575208473928,0.054723528618189084,14,fear,0.5,0.01703070109921553,12,-0.7270890843530564,-0.3732546440931506,0.40775481953092707,1
62,38,-0.18420946011157968,0.07667352512003332,0.054840870849536684,0.07253575208473928,0.054723528618189084,15,fear,0.5,0.02684780492684079,3,-1.4969481148445278,-0.47412901611790687,0.3836394276327485,0
62,38,-0.18420946011157968,0.07667352512003332,0.054840870849536684,0.07253575208473928,0.054723528618189084,16,fear,0.5,0.20218327567498928,10,-0.8981688689067168,-0.2127001752623506,0.4470245292988953,1
62,38,-0.18420946011157968,0.07667352512003332,0.054840870849536684,0.07253575208473928,0.054723528618189084,17,fear,0.5,-0.1334771970566687,21,0.04276994613841508,-0.4130710663966534,0.3981759661567416,1
62,38,-0.18420946011157968,0.07667352512003332,0.054840870849536684,0.07253575208473928,0.054723528618189084,18,fear,0.5,-0.019829893319496802,20,-0.04276994613841508,-0.3117228155319685,0.4226942749374314,0
62,38,-0.18420946011157968,0.07667352512003332,0.054840870849536684,0.07253575208473928,0.054723528618189084,19,fear,0.5,0.03493782098342581,27,0.5560092997993961,-0.170861731121638,0.4573881833078322,0
62,38,-0.18420946011157968,0.07667352512003332,0.054840870849536684,0.07253575208473928,0.054723528618189084,20,fear,0.5,0.050130844365563365,30,0.8126289766298865,-0.11877154912203997,0.47034196922313304,0
62,38,-0.18420946011157968,0.07667352512003332,0.054840870849536684,0.07253575208473928,0.054723528618189084,21,neutral,-0.5,-0.034648782698473574,39,1.582488007121358,0.797632977677947,0.6894679245523173,0
62,38,-0.18420946011157968,0.07667352512003332,0.054840870849536684,0.07253575208473928,0.054723528618189084,22,neutral,-0.5,0.20511447081031445,28,0.6415491920762262,0.9788547198355144,0.7268809086244137,1
62,38,-0.18420946011157968,0.07667352512003332,0.054840870849536684,0.07253575208473928,0.054723528618189084,23,neutral,-0.5,0.06768230030033125,26,0.4704694075225659,0.8307786381707638,0.6965195435945751,1
62,38,-0.18420946011157968,0.07667352512003332,0.054840870849536684,0.07253575208473928,0.054723528618189084,24,neutral,-0.5,-0.08847636608881047,5,-1.3258683302908676,0.5628589046565647,0.6371137772522939,1
62,38,-0.18420946011157968,0.07667352512003332,0.054840870849536684,0.07253575208473928,0.054723528618189084,25,neutral,-0.5,-0.06387461728079331,29,0.7270890843530564,0.7151875873217902,0.6715464120353937,1
62,38,-0.18420946011157968,0.07667352512003332,0.054840870849536684,0.07253575208473928,0.054723528618189084,26,neutral,-0.5,0.020253570607942934,24,0.2993896229689056,0.7727059973236082,0.6841059643908444,0
62,38,-0.18420946011157968,0.07667352512003332,0.054840870849536684,0.07253575208473928,0.054723528618189084,27,neutral,-0.5,-0.1657771424201549,19,-0.12830983841524524,0.5600655064085919,0.6364676970650347,1
62,38,-0.18420946011157968,0.07667352512003332,0.054840870849536684,0.07253575208473928,0.054723528618189084,28,neutral,-0.5,0.03240578810212312,14,-0.5560092997993961,0.7316386590439514,0.6751647619752628,1
62,38,-0.18420946011157968,0.07667352512003332,0.054840870849536684,0.07253575208473928,0.054723528618189084,29,neutral,-0.5,-0.06427368638861679,17,-0.2993896229689056,0.6509250512853625,0.6572188905790521,1
62,38,-0.18420946011157968,0.07667352512003332,0.054840870849536684,0.07253575208473928,0.054723528618189084,30,neutral,-0.5,0.03388482847826553,6,-1.2403284380140374,0.6905420548010244,0.6660874986913345,1
62,38,-0.18420946011157968,0.07667352512003332,0.054840870849536684,0.07253575208473928,0.054723528618189084,31,neutral,-0.5,0.10063449276941816,31,0.8981688689067168,0.8903406085267692,0.7089604572078412,1
62,38,-0.18420946011157968,0.07667352512003332,0.054840870849536684,0.07253575208473928,0.054723528618189084,32,neutral,-0.5,-0.16523159438711074,16,-0.3849295152457357,0.544645187709485,0.6328923436136693,1
62,38,-0.18420946011157968,0.07667352512003332,0.054840870849536684,0.07253575208473928,0.054723528618189084,33,neutral,-0.5,-0.17814514840944695,34,1.1547885457372071,0.627526834080055,0.6519284680463726,1
62,38,-0.18420946011157968,0.07667352512003332,0.054840870849536684,0.07253575208473928,0.054723528618189084,34,neutral,-0.5,0.20327413635404867,8,-1.0692486534603771,0.8705752738315748,0.7048653864154756,0
62,38,-0.18420946011157968,0.07667352512003332,0.054840870849536684,0.07253575208473928,0.054723528618189084,35,neutral,-0.5,0.10974661130988755,40,1.668027899398188,0.9473503272636917,0.7205819953607717,1
62,38,-0.18420946011157968,0.07667352512003332,0.054840870849536684,0.07253575208473928,0.054723528618189084,36,neutral,-0.5,-0.11455850646691589,1,-1.668027899398188,0.5154889419689246,0.6260923264910356,0
62,38,-0.18420946011157968,0.07667352512003332,0.054840870849536684,0.07253575208473928,0.054723528618189084,37,neutral,-0.5,0.022093603635536613,32,0.9837087611835469,0.8171216749702714,0.6936250102371033,1
62,38,-0.18420946011157968,0.07667352512003332,0.054840870849536684,0.07253575208473928,0.054723528618189084,38,neutral,-0.5,-0.03248467960018497,7,-1.1547885457372071,0.6294945022999576,0.6523748332904842,0
62,38,-0.18420946011157968,0.07667352512003332,0.054840870849536684,0.07253575208473928,0.054723528618189084,39,neutral,-0.5,-0.021721780340038743,33,1.0692486534603771,0.7786282465720797,0.685384394392282,1
62,38,-0.18420946011157968,0.07667352512003332,0.054840870849536684,0.07253575208473928,0.054723528618189084,40,neutral,-0.5,-0.04668537349067967,22,0.12830983841524524,0.6951231420702182,0.6671056245210445,1
63,40,-0.05120623981441039,0.6127390921434686,0.4384985828063519,0.5800911854934144,0.43806322131673225,1,fear,0.5,-0.08121017626445963,27,0.5560092997993961,0.7429136645789054,0.6776326656023595,1
63,40,-0.05120623981441039,0.6127390921434686,0.4384985828063519,0.5800911854934144,0.43806322131673225,2,fear,0.5,0.053067844990018875,17,-0.2993896229689056,0.27230595651759393,0.5676589261068514,1
63,40,-0.05120623981441039,0.6127390921434686,0.4384985828063519,0.5800911854934144,0.43806322131673225,3,fear,0.5,-0.11676296957720594,34,1.1547885457372071,1.1307808817872118,0.7559829792708674,0
63,40,-0.05120623981441039,0.6127390921434686,0.4384985828063519,0.5800911854934144,0.43806322131673225,4,fear,0.5,-0.11848507274328071,13,-0.6415491920762262,-0.1412012529420216,0.46475822092701663,0
63,40,-0.05120623981441039,0.6127390921434686,0.4384985828063519,0.5800911854934144,0.43806322131673225,5,fear,0.5,-0.027683151933853067,38,1.4969481148445278,1.4618149911568805,0.8118101160016247,1
63,40,-0.05120623981441039,0.6127390921434686,0.4384985828063519,0.5800911854934144,0.43806322131673225,6,fear,0.5,0.06278918644554837,20,-0.04276994613841508,0.4634930167678603,0.6138424889812192,1
63,40,-0.05120623981441039,0.6127390921434686,0.4384985828063519,0.5800911854934144,0.43806322131673225,7,fear,0.5,-0.04999597070532241,33,1.0692486534603771,1.1370593077275166,0.7571393153185149,1
63,40,-0.05120623981441039,0.6127390921434686,0.4384985828063519,0.5800911854934144,0.43806322131673225,8,fear,0.5,0.01022656605323173,16,-0.3849295152457357,0.1689761046492278,0.5421437964655036,1
63,40,-0.05120623981441039,0.6127390921434686,0.4384985828063519,0.5800911854934144,0.43806322131673225,9,fear,0.5,0.07192665896287707,1,-1.668027899398188,-0.6766523964148116,0.33700886209459463,0
63,40,-0.05120623981441039,0.6127390921434686,0.4384985828063519,0.5800911854934144,0.43806322131673225,10,fear,0.5,-0.12515440144751105,10,-0.8981688689067168,-0.32933630044098905,0.41840212024219214,0
63,40,-0.05120623981441039,0.6127390921434686,0.4384985828063519,0.5800911854934144,0.43806322131673225,11,fear,0.5,0.1274762977942073,15,-0.4704694075225659,0.22573726345862435,0.5561958856798407,1
63,40,-0.05120623981441039,0.6127390921434686,0.4384985828063519,0.5800911854934144,0.43806322131673225,12,fear,0.5,0.19901381146458244,36,1.3258683302908676,1.567534808692158,0.8274318917288297,1
63,40,-0.05120623981441039,0.6127390921434686,0.4384985828063519,0.5800911854934144,0.43806322131673225,13,fear,0.5,-0.07533295985117497,8,-1.0692486534603771,-0.4004920047078109,0.4011941362112806,0
63,40,-0.05120623981441039,0.6127390921434686,0.4384985828063519,0.5800911854934144,0.43806322131673225,14,fear,0.5,0.01703070109921553,25,0.3849295152457357,0.7201773960794224,0.6726460796976825,1
63,40,-0.05120623981441039,0.6127390921434686,0.4384985828063519,0.5800911854934144,0.43806322131673225,15,fear,0.5,0.02684780492684079,32,0.9837087611835469,1.1534145104281006,0.7601340384685213,1
63,40,-0.05120623981441039,0.6127390921434686,0.4384985828063519,0.5800911854934144,0.43806322131673225,16,fear,0.5,0.20218327567498928,21,0.04276994613841508,0.6633756789288804,0.6600182797265123,1
63,40,-0.05120623981441039,0.6127390921434686,0.4384985828063519,0.5800911854934144,0.43806322131673225,17,fear,0.5,-0.1334771970566687,7,-1.1547885457372071,-0.5191248148448835,0.37305690400930164,1
63,40,-0.05120623981441039,0.6127390921434686,0.4384985828063519,0.5800911854934144,0.43806322131673225,18,fear,0.5,-0.019829893319496802,29,0.7270890843530564,0.9252710933870262,0.7161149087972849,1
63,40,-0.05120623981441039,0.6127390921434686,0.4384985828063519,0.5800911854934144,0.43806322131673225,19,fear,0.5,0.03493782098342581,39,1.582488007121358,1.5849245370057385,0.8299008222625236,1
63,40,-0.05120623981441039,0.6127390921434686,0.4384985828063519,0.5800911854934144,0.43806322131673225,20,fear,0.5,0.050130844365563365,30,0.8126289766298865,1.0557204040036654,0.7418718598961821,1
63,40,-0.05120623981441039,0.6127390921434686,0.4384985828063519,0.5800911854934144,0.43806322131673225,21,neutral,-0.5,-0.034648782698473574,19,-0.12830983841524524,0.8073171847359975,0.6915375181759752,1
63,40,-0.05120623981441039,0.6127390921434686,0.4384985828063519,0.5800911854934144,0.43806322131673225,22,neutral,-0.5,0.20511447081031445,28,0.6415491920762262,1.2540449408493137,0.7779992743403401,1
63,40,-0.05120623981441039,0.6127390921434686,0.4384985828063519,0.5800911854934144,0.43806322131673225,23,neutral,-0.5,0.06768230030033125,40,1.668027899398188,1.3925654404787013,0.8010014852972086,1
63,40,-0.05120623981441039,0.6127390921434686,0.4384985828063519,0.5800911854934144,0.43806322131673225,24,neutral,-0.5,-0.08847636608881047,24,0.2993896229689056,0.8684698805703984,0.7044272122577888,1
63,40,-0.05120623981441039,0.6127390921434686,0.4384985828063519,0.5800911854934144,0.43806322131673225,25,neutral,-0.5,-0.06387461728079331,11,-0.8126289766298865,0.5941229033940971,0.6443105710181951,0
63,40,-0.05120623981441039,0.6127390921434686,0.4384985828063519,0.5800911854934144,0.43806322131673225,26,neutral,-0.5,0.020253570607942934,6,-1.2403284380140374,0.5632708120580956,0.6372090047865011,1
63,40,-0.05120623981441039,0.6127390921434686,0.4384985828063519,0.5800911854934144,0.43806322131673225,27,neutral,-0.5,-0.1657771424201549,2,-1.582488007121358,0.2852558756502073,0.5708342980873662,0
63,40,-0.05120623981441039,0.6127390921434686,0.4384985828063519,0.5800911854934144,0.43806322131673225,28,neutral,-0.5,0.03240578810212312,37,1.4114082225676976,1.2883007607456505,0.783859436436694,1
63,40,-0.05120623981441039,0.6127390921434686,0.4384985828063519,0.5800911854934144,0.43806322131673225,29,neutral,-0.5,-0.06427368638861679,26,0.4704694075225659,0.9386646719604875,0.7188298484769834,1
63,40,-0.05120623981441039,0.6127390921434686,0.4384985828063519,0.5800911854934144,0.43806322131673225,30,neutral,-0.5,0.03388482847826553,9,-0.9837087611835469,0.6458902374632609,0.6560837403912377,1
63,40,-0.05120623981441039,0.6127390921434686,0.4384985828063519,0.5800911854934144,0.43806322131673225,31,neutral,-0.5,0.10063449276941816,14,-0.5560092997993961,0.8276201809791512,0.6958514945938312,1
63,40,-0.05120623981441039,0.6127390921434686,0.4384985828063519,0.5800911854934144,0.43806322131673225,32,neutral,-0.5,-0.16523159438711074,4,-1.4114082225676976,0.3317935353731467,0.5821957075265075,1
63,40,-0.05120623981441039,0.6127390921434686,0.4384985828063519,0.5800911854934144,0.43806322131673225,33,neutral,-0.5,-0.17814514840944695,23,0.2138497306920754,0.755805042404814,0.6804422710140592,1
63,40,-0.05120623981441039,0.6127390921434686,0.4384985828063519,0.5800911854934144,0.43806322131673225,34,neutral,-0.5,0.20327413635404867,31,0.8981688689067168,1.3211927739278906,0.7893800845711537,1
63,40,-0.05120623981441039,0.6127390921434686,0.4384985828063519,0.5800911854934144,0.43806322131673225,35,neutral,-0.5,0.10974661130988755,22,0.12830983841524524,1.020700746279201,0.7351090738699726,0
63,40,-0.05120623981441039,0.6127390921434686,0.4384985828063519,0.5800911854934144,0.43806322131673225,36,neutral,-0.5,-0.11455850646691589,5,-1.3258683302908676,0.4054626791382891,0.5999994170470884,0
63,40,-0.05120623981441039,0.6127390921434686,0.4384985828063519,0.5800911854934144,0.43806322131673225,37,neutral,-0.5,0.022093603635536613,12,-0.7270890843530564,0.7030871801553745,0.6688718839988331,0
63,40,-0.05120623981441039,0.6127390921434686,0.4384985828063519,0.5800911854934144,0.43806322131673225,38,neutral,-0.5,-0.03248467960018497,18,-0.2138497306920754,0.7864852319893384,0.6870761439508467,1
63,40,-0.05120623981441039,0.6127390921434686,0.4384985828063519,0.5800911854934144,0.43806322131673225,39,neutral,-0.5,-0.021721780340038743,35,1.2403284380140374,1.1881810806135933,0.7664155941209405,1
63,40,-0.05120623981441039,0.6127390921434686,0.4384985828063519,0.5800911854934144,0.43806322131673225,40,neutral,-0.5,-0.04668537349067967,3,-1.4969481148445278,0.4273437004246302,0.6052391905580218,1
64,39,-0.11770784996299503,-0.4366590157602291,-0.31247658517272614,-0.4134201231224287,-0.3121530292537609,1,fear,0.5,-0.08121017626445963,19,-0.12830983841524524,-1.106853183079498,0.248458017852505,0
64,39,-0.11770784996299503,-0.4366590157602291,-0.31247658517272614,-0.4134201231224287,-0.3121530292537609,2,fear,0.5,0.053067844990018875,14,-0.5560092997993961,-0.7959526517358277,0.31089195092197447,0
64,39,-0.11770784996299503,-0.4366590157602291,-0.31247658517272614,-0.4134201231224287,-0.3121530292537609,3,fear,0.5,-0.11676296957720594,7,-1.1547885457372071,-0.718511952178184,0.3277207453320777,0
64,39,-0.11770784996299503,-0.4366590157602291,-0.31247658517272614,-0.4134201231224287,-0.3121530292537609,4,fear,0.5,-0.11848507274328071,2,-1.582488007121358,-0.5436115452550668,0.36734784545833027,1
64,39,-0.11770784996299503,-0.4366590157602291,-0.31247658517272614,-0.4134201231224287,-0.3121530292537609,5,fear,0.5,-0.027683151933853067,27,0.5560092997993961,-1.3359221748915988,0.20818145526667522,1
64,39,-0.11770784996299503,-0.4366590157602291,-0.31247658517272614,-0.4134201231224287,-0.3121530292537609,6,fear,0.5,0.06278918644554837,33,1.0692486534603771,-1.4573968486192272,0.18886579334927606,0
64,39,-0.11770784996299503,-0.4366590157602291,-0.31247658517272614,-0.4134201231224287,-0.3121530292537609,7,fear,0.5,-0.04999597070532241,31,0.8981688689067168,-1.4995330017344215,0.1824951852707883,0
64,39,-0.11770784996299503,-0.4366590157602291,-0.31247658517272614,-0.4134201231224287,-0.3121530292537609,8,fear,0.5,0.01022656605323173,29,0.7270890843530564,-1.3686614609401906,0.20283619363935199,0
64,39,-0.11770784996299503,-0.4366590157602291,-0.31247658517272614,-0.4134201231224287,-0.3121530292537609,9,fear,0.5,0.07192665896287707,15,-0.4704694075225659,-0.8124183397808079,0.3073754017065588,0
64,39,-0.11770784996299503,-0.4366590157602291,-0.31247658517272614,-0.4134201231224287,-0.3121530292537609,10,fear,0.5,-0.12515440144751105,1,-1.668027899398188,-0.5149563719414588,0.37403235690853043,1
64,39,-0.11770784996299503,-0.4366590157602291,-0.31247658517272614,-0.4134201231224287,-0.3121530292537609,11,fear,0.5,0.1274762977942073,16,-0.3849295152457357,-0.7921932029673161,0.3116979403177189,0
64,39,-0.11770784996299503,-0.4366590157602291,-0.31247658517272614,-0.4134201231224287,-0.3121530292537609,12,fear,0.5,0.19901381146458244,34,1.1547885457372071,-1.3564967256180318,0.20481026613339715,0
64,39,-0.11770784996299503,-0.4366590157602291,-0.31247658517272614,-0.4134201231224287,-0.3121530292537609,13,fear,0.5,-0.07533295985117497,36,1.3258683302908676,-1.7014925009694657,0.15427043639102148,0
64,39,-0.11770784996299503,-0.4366590157602291,-0.31247658517272614,-0.4134201231224287,-0.3121530292537609,14,fear,0.5,0.01703070109921553,17,-0.2993896229689056,-0.9379633016801462,0.2813119296777656,0
64,39,-0.11770784996299503,-0.4366590157602291,-0.31247658517272614,-0.4134201231224287,-0.3121530292537609,15,fear,0.5,0.02684780492684079,18,-0.2138497306920754,-0.9634706998703593,0.2761838413360529,1
64,39,-0.11770784996299503,-0.4366590157602291,-0.31247658517272614,-0.4134201231224287,-0.3121530292537609,16,fear,0.5,0.20218327567498928,40,1.668027899398188,-1.5652742735146552,0.17289112532387954,0
64,39,-0.11770784996299503,-0.4366590157602291,-0.31247658517272614,-0.4134201231224287,-0.3121530292537609,17,fear,0.5,-0.1334771970566687,9,-0.9837087611835469,-0.8058751836933233,0.30877016486705855,1
64,39,-0.11770784996299503,-0.4366590157602291,-0.31247658517272614,-0.4134201231224287,-0.3121530292537609,18,fear,0.5,-0.019829893319496802,5,-1.3258683302908676,-0.5509298718847979,0.365648698525582,1
64,39,-0.11770784996299503,-0.4366590157602291,-0.31247658517272614,-0.4134201231224287,-0.3121530292537609,19,fear,0.5,0.03493782098342581,22,0.12830983841524524,-1.0966786918851281,0.25036272462458803,0
64,39,-0.11770784996299503,-0.4366590157602291,-0.31247658517272614,-0.4134201231224287,-0.3121530292537609,20,fear,0.5,0.050130844365563365,4,-1.4114082225676976,-0.44564463218189965,0.39039679136976735,1
64,39,-0.11770784996299503,-0.4366590157602291,-0.31247658517272614,-0.4134201231224287,-0.3121530292537609,21,neutral,-0.5,-0.034648782698473574,39,1.582488007121358,0.17804127130344327,0.544393112756828,1
64,39,-0.11770784996299503,-0.4366590157602291,-0.31247658517272614,-0.4134201231224287,-0.3121530292537609,22,neutral,-0.5,0.20511447081031445,37,1.4114082225676976,0.4373671447322542,0.6076314955359337,1
64,39,-0.11770784996299503,-0.4366590157602291,-0.31247658517272614,-0.4134201231224287,-0.3121530292537609,23,neutral,-0.5,0.06768230030033125,8,-1.0692486534603771,0.5835929630626054,0.6418937273786011,1
64,39,-0.11770784996299503,-0.4366590157602291,-0.31247658517272614,-0.4134201231224287,-0.3121530292537609,24,neutral,-0.5,-0.08847636608881047,25,0.3849295152457357,0.26115202735326776,0.5649194645264719,0
64,39,-0.11770784996299503,-0.4366590157602291,-0.31247658517272614,-0.4134201231224287,-0.3121530292537609,25,neutral,-0.5,-0.06387461728079331,28,0.6415491920762262,0.25640984628125035,0.563753548601705,1
64,39,-0.11770784996299503,-0.4366590157602291,-0.31247658517272614,-0.4134201231224287,-0.3121530292537609,26,neutral,-0.5,0.020253570607942934,6,-1.2403284380140374,0.5557268532902401,0.6354632412496758,1
64,39,-0.11770784996299503,-0.4366590157602291,-0.31247658517272614,-0.4134201231224287,-0.3121530292537609,27,neutral,-0.5,-0.1657771424201549,26,0.4704694075225659,0.1740699410619118,0.5434079342975344,1
64,39,-0.11770784996299503,-0.4366590157602291,-0.31247658517272614,-0.4134201231224287,-0.3121530292537609,28,neutral,-0.5,0.03240578810212312,10,-0.8981688689067168,0.5287538309443741,0.6291924159512409,0
64,39,-0.11770784996299503,-0.4366590157602291,-0.31247658517272614,-0.4134201231224287,-0.3121530292537609,29,neutral,-0.5,-0.06427368638861679,12,-0.7270890843530564,0.4125117365336112,0.6016899929538282,1
64,39,-0.11770784996299503,-0.4366590157602291,-0.31247658517272614,-0.4134201231224287,-0.3121530292537609,30,neutral,-0.5,0.03388482847826553,32,0.9837087611835469,0.3150440522002631,0.5781159771601556,1
64,39,-0.11770784996299503,-0.4366590157602291,-0.31247658517272614,-0.4134201231224287,-0.3121530292537609,31,neutral,-0.5,0.10063449276941816,21,0.04276994613841508,0.48938812605154247,0.6199622798880614,1
64,39,-0.11770784996299503,-0.4366590157602291,-0.31247658517272614,-0.4134201231224287,-0.3121530292537609,32,neutral,-0.5,-0.16523159438711074,38,1.4969481148445278,0.05723976957481751,0.51430603659259,0
64,39,-0.11770784996299503,-0.4366590157602291,-0.31247658517272614,-0.4134201231224287,-0.3121530292537609,33,neutral,-0.5,-0.17814514840944695,11,-0.8126289766298865,0.3084215844727926,0.5764999411251821,1
64,39,-0.11770784996299503,-0.4366590157602291,-0.31247658517272614,-0.4134201231224287,-0.3121530292537609,34,neutral,-0.5,0.20327413635404867,3,-1.4969481148445278,0.7680913489163804,0.6831078696306283,1
64,39,-0.11770784996299503,-0.4366590157602291,-0.31247658517272614,-0.4134201231224287,-0.3121530292537609,35,neutral,-0.5,0.10974661130988755,24,0.2993896229689056,0.4691563147119772,0.6151840479690871,1
64,39,-0.11770784996299503,-0.4366590157602291,-0.31247658517272614,-0.4134201231224287,-0.3121530292537609,36,neutral,-0.5,-0.11455850646691589,35,1.2403284380140374,0.13725678737504712,0.5342604264949705,0
64,39,-0.11770784996299503,-0.4366590157602291,-0.31247658517272614,-0.4134201231224287,-0.3121530292537609,37,neutral,-0.5,0.022093603635536613,13,-0.6415491920762262,0.48909771659775303,0.6198938544087971,1
64,39,-0.11770784996299503,-0.4366590157602291,-0.31247658517272614,-0.4134201231224287,-0.3121530292537609,38,neutral,-0.5,-0.03248467960018497,23,0.2138497306920754,0.3367063337619162,0.5833902308336992,1
64,39,-0.11770784996299503,-0.4366590157602291,-0.31247658517272614,-0.4134201231224287,-0.3121530292537609,39,neutral,-0.5,-0.021721780340038743,20,-0.04276994613841508,0.37681316290209704,0.5931042472174737,0
64,39,-0.11770784996299503,-0.4366590157602291,-0.31247658517272614,-0.4134201231224287,-0.3121530292537609,40,neutral,-0.5,-0.04668537349067967,30,0.8126289766298865,0.25403647015134073,0.5631697631327952,1
65,62,1.4118291834544519,0.015043183614778298,0.010750040975858383,0.014312822776477056,0.01078650204006124,1,fear,0.5,-0.08121017626445963,9,-0.9837087611835469,-1.270669237850063,0.21914271112866238,0
65,62,1.4118291834544519,0.015043183614778298,0.010750040975858383,0.014312822776477056,0.01078650204006124,2,fear,0.5,0.053067844990018875,13,-0.6415491920762262,-1.1589468320082206,0.23885870393643988,0
65,62,1.4118291834544519,0.015043183614778298,0.010750040975858383,0.014312822776477056,0.01078650204006124,3,fear,0.5,-0.11676296957720594,4,-1.4114082225676976,-1.2780275118970146,0.2178861717484316,0
65,62,1.4118291834544519,0.015043183614778298,0.010750040975858383,0.014312822776477056,0.01078650204006124,4,fear,0.5,-0.11848507274328071,17,-0.2993896229689056,-1.3530553651541561,0.20537130587588767,0
65,62,1.4118291834544519,0.015043183614778298,0.010750040975858383,0.014312822776477056,0.01078650204006124,5,fear,0.5,-0.027683151933853067,19,-0.12830983841524524,-1.2735312520510467,0.21865335927966428,0
65,62,1.4118291834544519,0.015043183614778298,0.010750040975858383,0.014312822776477056,0.01078650204006124,6,fear,0.5,0.06278918644554837,30,0.8126289766298865,-1.2450868560563935,0.2235517861443168,0
65,62,1.4118291834544519,0.015043183614778298,0.010750040975858383,0.014312822776477056,0.01078650204006124,7,fear,0.5,-0.04999597070532241,6,-1.2403284380140374,-1.2225383207314489,0.2274900617824802,1
65,62,1.4118291834544519,0.015043183614778298,0.010750040975858383,0.014312822776477056,0.01078650204006124,8,fear,0.5,0.01022656605323173,14,-0.5560092997993961,-1.2074270147981665,0.23015662763024095,0
65,62,1.4118291834544519,0.015043183614778298,0.010750040975858383,0.014312822776477056,0.01078650204006124,9,fear,0.5,0.07192665896287707,2,-1.582488007121358,-1.0780600756506136,0.25387330485011084,0
65,62,1.4118291834544519,0.015043183614778298,0.010750040975858383,0.014312822776477056,0.01078650204006124,10,fear,0.5,-0.12515440144751105,28,0.6415491920762262,-1.4217526362431352,0.19438697254937765,0
65,62,1.4118291834544519,0.015043183614778298,0.010750040975858383,0.014312822776477056,0.01078650204006124,11,fear,0.5,0.1274762977942073,10,-0.8981688689067168,-1.0676216676445551,0.25585564027609764,1
65,62,1.4118291834544519,0.015043183614778298,0.010750040975858383,0.014312822776477056,0.01078650204006124,12,fear,0.5,0.19901381146458244,7,-1.1547885457372071,-0.9791674424147032,0.2730570125139339,0
65,62,1.4118291834544519,0.015043183614778298,0.010750040975858383,0.014312822776477056,0.01078650204006124,13,fear,0.5,-0.07533295985117497,33,1.0692486534603771,-1.400125713912594,0.19779616329991512,0
65,62,1.4118291834544519,0.015043183614778298,0.010750040975858383,0.014312822776477056,0.01078650204006124,14,fear,0.5,0.01703070109921553,18,-0.2138497306920754,-1.2231784951648188,0.2273775782214009,0
65,62,1.4118291834544519,0.015043183614778298,0.010750040975858383,0.014312822776477056,0.01078650204006124,15,fear,0.5,0.02684780492684079,12,-0.7270890843530564,-1.1795279682182398,0.23513707942104103,0
65,62,1.4118291834544519,0.015043183614778298,0.010750040975858383,0.014312822776477056,0.01078650204006124,16,fear,0.5,0.20218327567498928,34,1.1547885457372071,-1.1282483822395886,0.2444845006012012,0
65,62,1.4118291834544519,0.015043183614778298,0.010750040975858383,0.014312822776477056,0.01078650204006124,17,fear,0.5,-0.1334771970566687,8,-1.0692486534603771,-1.3172973547891131,0.21126829463855595,0
65,62,1.4118291834544519,0.015043183614778298,0.010750040975858383,0.014312822776477056,0.01078650204006124,18,fear,0.5,-0.019829893319496802,35,1.2403284380140374,-1.355900455087234,0.20490739364620922,1
65,62,1.4118291834544519,0.015043183614778298,0.010750040975858383,0.014312822776477056,0.01078650204006124,19,fear,0.5,0.03493782098342581,5,-1.3258683302908676,-1.1319656251895418,0.24379853418480388,0
65,62,1.4118291834544519,0.015043183614778298,0.010750040975858383,0.014312822776477056,0.01078650204006124,20,fear,0.5,0.050130844365563365,31,0.8981688689067168,-1.2633841019895378,0.2203918880226829,0
65,62,1.4118291834544519,0.015043183614778298,0.010750040975858383,0.014312822776477056,0.01078650204006124,21,neutral,-0.5,-0.034648782698473574,26,0.4704694075225659,-0.9077221615477088,0.2874661795084042,0
65,62,1.4118291834544519,0.015043183614778298,0.010750040975858383,0.014312822776477056,0.01078650204006124,22,neutral,-0.5,0.20511447081031445,24,0.2993896229689056,-0.7048536322394297,0.3307369949287962,0
65,62,1.4118291834544519,0.015043183614778298,0.010750040975858383,0.014312822776477056,0.01078650204006124,23,neutral,-0.5,0.06768230030033125,22,0.12830983841524524,-0.8791805269499218,0.2933476226324282,0
65,62,1.4118291834544519,0.015043183614778298,0.010750040975858383,0.014312822776477056,0.01078650204006124,24,neutral,-0.5,-0.08847636608881047,15,-0.4704694075225659,-1.1644707280408448,0.23785587992471216,0
65,62,1.4118291834544519,0.015043183614778298,0.010750040975858383,0.014312822776477056,0.01078650204006124,25,neutral,-0.5,-0.06387461728079331,36,1.3258683302908676,-0.7524743751274839,0.3202823860773181,1
65,62,1.4118291834544519,0.015043183614778298,0.010750040975858383,0.014312822776477056,0.01078650204006124,26,neutral,-0.5,0.020253570607942934,21,0.04276994613841508,-0.9450566187425646,0.27988006170753693,1
65,62,1.4118291834544519,0.015043183614778298,0.010750040975858383,0.014312822776477056,0.01078650204006124,27,neutral,-0.5,-0.1657771424201549,23,0.2138497306920754,-1.0941926075701536,0.2508296055033772,0
65,62,1.4118291834544519,0.015043183614778298,0.010750040975858383,0.014312822776477056,0.01078650204006124,28,neutral,-0.5,0.03240578810212312,38,1.4969481148445278,-0.6192992455440588,0.34994084385889485,0
65,62,1.4118291834544519,0.015043183614778298,0.010750040975858383,0.014312822776477056,0.01078650204006124,29,neutral,-0.5,-0.06427368638861679,16,-0.3849295152457357,-1.1218206862403965,0.24567372114191977,0
65,62,1.4118291834544519,0.015043183614778298,0.010750040975858383,0.014312822776477056,0.01078650204006124,30,neutral,-0.5,0.03388482847826553,25,0.3849295152457357,-0.8576359124712241,0.2978335078195006,0
65,62,1.4118291834544519,0.015043183614778298,0.010750040975858383,0.014312822776477056,0.01078650204006124,31,neutral,-0.5,0.10063449276941816,11,-0.8126289766298865,-1.049149317583634,0.2593884886469823,1
65,62,1.4118291834544519,0.015043183614778298,0.010750040975858383,0.014312822776477056,0.01078650204006124,32,neutral,-0.5,-0.16523159438711074,32,0.9837087611835469,-0.9276208006348193,0.2834076516707164,0
65,62,1.4118291834544519,0.015043183614778298,0.010750040975858383,0.014312822776477056,0.01078650204006124,33,neutral,-0.5,-0.17814514840944695,29,0.7270890843530564,-0.9958764409579188,0.2697529343315131,0
65,62,1.4118291834544519,0.015043183614778298,0.010750040975858383,0.014312822776477056,0.01078650204006124,34,neutral,-0.5,0.20327413635404867,3,-1.4969481148445278,-1.094088570801039,0.25084915598750873,1
65,62,1.4118291834544519,0.015043183614778298,0.010750040975858383,0.014312822776477056,0.01078650204006124,35,neutral,-0.5,0.10974661130988755,37,1.4114082225676976,-0.5604057844365486,0.36345357422948865,1
65,62,1.4118291834544519,0.015043183614778298,0.010750040975858383,0.014312822776477056,0.01078650204006124,36,neutral,-0.5,-0.11455850646691589,40,1.668027899398188,-0.7293688159125888,0.32533325170040694,0
65,62,1.4118291834544519,0.015043183614778298,0.010750040975858383,0.014312822776477056,0.01078650204006124,37,neutral,-0.5,0.022093603635536613,1,-1.668027899398188,-1.3121638277200598,0.2121249827120853,1
65,62,1.4118291834544519,0.015043183614778298,0.010750040975858383,0.014312822776477056,0.01078650204006124,38,neutral,-0.5,-0.03248467960018497,20,-0.04276994613841508,-1.0162422310509465,0.26576001438717034,0
65,62,1.4118291834544519,0.015043183614778298,0.010750040975858383,0.014312822776477056,0.01078650204006124,39,neutral,-0.5,-0.021721780340038743,27,0.5560092997993961,-0.8763477970890197,0.2939351763434147,1
65,62,1.4118291834544519,0.015043183614778298,0.010750040975858383,0.014312822776477056,0.01078650204006124,40,neutral,-0.5,-0.04668537349067967,39,1.582488007121358,-0.679943045036607,0.33627401447190886,0
66,41,0.015295370334174262,0.4547040837246837,0.3254165009159822,0.430458561913887,0.3250443462618667,1,fear,0.5,-0.08121017626445963,21,0.04276994613841508,0.10304561672255425,0.5257386329537614,1
66,41,0.015295370334174262,0.4547040837246837,0.3254165009159822,0.430458561913887,0.3250443462618667,2,fear,0.5,0.053067844990018875,31,0.8981688689067168,0.6920212777606838,0.6664164191119738,1
66,41,0.015295370334174262,0.4547040837246837,0.3254165009159822,0.430458561913887,0.3250443462618667,3,fear,0.5,-0.11676296957720594,30,0.8126289766298865,0.47672069921509375,0.6169732172172617,1
66,41,0.015295370334174262,0.4547040837246837,0.3254165009159822,0.430458561913887,0.3250443462618667,4,fear,0.5,-0.11848507274328071,7,-1.1547885457372071,-0.5708059754533783,0.3610508710285859,1
66,41,0.015295370334174262,0.4547040837246837,0.3254165009159822,0.430458561913887,0.3250443462618667,5,fear,0.5,-0.027683151933853067,39,1.582488007121358,0.9750283926637325,0.7261206277307831,1
66,41,0.015295370334174262,0.4547040837246837,0.3254165009159822,0.430458561913887,0.3250443462618667,6,fear,0.5,0.06278918644554837,27,0.5560092997993961,0.5198635633027529,0.6271158622967733,1
66,41,0.015295370334174262,0.4547040837246837,0.3254165009159822,0.430458561913887,0.3250443462618667,7,fear,0.5,-0.04999597070532241,35,1.2403284380140374,0.7708365179788029,0.6837018215873908,0
66,41,0.015295370334174262,0.4547040837246837,0.3254165009159822,0.430458561913887,0.3250443462618667,8,fear,0.5,0.01022656605323173,34,1.1547885457372071,0.7855892907589919,0.6868834820527826,0
66,41,0.015295370334174262,0.4547040837246837,0.3254165009159822,0.430458561913887,0.3250443462618667,9,fear,0.5,0.07192665896287707,32,0.9837087611835469,0.7563498557119069,0.6805607238915484,1
66,41,0.015295370334174262,0.4547040837246837,0.3254165009159822,0.430458561913887,0.3250443462618667,10,fear,0.5,-0.12515440144751105,40,1.668027899398188,0.9230269071284397,0.7156584572307039,0
66,41,0.015295370334174262,0.4547040837246837,0.3254165009159822,0.430458561913887,0.3250443462618667,11,fear,0.5,0.1274762977942073,17,-0.2993896229689056,0.12985303486776067,0.532417719725548,1
66,41,0.015295370334174262,0.4547040837246837,0.3254165009159822,0.430458561913887,0.3250443462618667,12,fear,0.5,0.19901381146458244,33,1.0692486534603771,0.9289067721919775,0.7168534406469224,1
66,41,0.015295370334174262,0.4547040837246837,0.3254165009159822,0.430458561913887,0.3250443462618667,13,fear,0.5,-0.07533295985117497,14,-0.5560092997993961,-0.2093655147127168,0.4478489809229709,0
66,41,0.015295370334174262,0.4547040837246837,0.3254165009159822,0.430458561913887,0.3250443462618667,14,fear,0.5,0.01703070109921553,36,1.3258683302908676,0.8833329537617058,0.7075124145906274,1
66,41,0.015295370334174262,0.4547040837246837,0.3254165009159822,0.430458561913887,0.3250443462618667,15,fear,0.5,0.02684780492684079,22,0.12830983841524524,0.2565733618922198,0.5637937624734932,1
66,41,0.015295370334174262,0.4547040837246837,0.3254165009159822,0.430458561913887,0.3250443462618667,16,fear,0.5,0.20218327567498928,2,-1.582488007121358,-0.47748644692693387,0.38284583959296314,0
66,41,0.015295370334174262,0.4547040837246837,0.3254165009159822,0.430458561913887,0.3250443462618667,17,fear,0.5,-0.1334771970566687,29,0.7270890843530564,0.4145367077572661,0.6021751957481908,1
66,41,0.015295370334174262,0.4547040837246837,0.3254165009159822,0.430458561913887,0.3250443462618667,18,fear,0.5,-0.019829893319496802,24,0.2993896229689056,0.3008351916026124,0.5746466736357062,1
66,41,0.015295370334174262,0.4547040837246837,0.3254165009159822,0.430458561913887,0.3250443462618667,19,fear,0.5,0.03493782098342581,37,1.4114082225676976,0.9467098376242812,0.720453018664211,0
66,41,0.015295370334174262,0.4547040837246837,0.3254165009159822,0.430458561913887,0.3250443462618667,20,fear,0.5,0.050130844365563365,38,1.4969481148445278,1.0073726249847839,0.73250565302345,0
66,41,0.015295370334174262,0.4547040837246837,0.3254165009159822,0.430458561913887,0.3250443462618667,21,neutral,-0.5,-0.034648782698473574,19,-0.12830983841524524,0.6605920151141169,0.6593933638933205,0
66,41,0.015295370334174262,0.4547040837246837,0.3254165009159822,0.430458561913887,0.3250443462618667,22,neutral,-0.5,0.20511447081031445,26,0.4704694075225659,1.0318333104428166,0.7372711668944261,1
66,41,0.015295370334174262,0.4547040837246837,0.3254165009159822,0.430458561913887,0.3250443462618667,23,neutral,-0.5,0.06768230030033125,25,0.3849295152457357,0.8756185625299888,0.7059134575545446,1
66,41,0.015295370334174262,0.4547040837246837,0.3254165009159822,0.430458561913887,0.3250443462618667,24,neutral,-0.5,-0.08847636608881047,12,-0.7270890843530564,0.47528638990386807,0.6166342083422256,0
66,41,0.015295370334174262,0.4547040837246837,0.3254165009159822,0.430458561913887,0.3250443462618667,25,neutral,-0.5,-0.06387461728079331,16,-0.3849295152457357,0.5750184483232637,0.6399203476537164,1
66,41,0.015295370334174262,0.4547040837246837,0.3254165009159822,0.430458561913887,0.3250443462618667,26,neutral,-0.5,0.020253570607942934,1,-1.668027899398188,0.3774079751693316,0.5932477862597602,1
66,41,0.015295370334174262,0.4547040837246837,0.3254165009159822,0.430458561913887,0.3250443462618667,27,neutral,-0.5,-0.1657771424201549,28,0.6415491920762262,0.6985068520180365,0.667856638943122,1
66,41,0.015295370334174262,0.4547040837246837,0.3254165009159822,0.430458561913887,0.3250443462618667,28,neutral,-0.5,0.03240578810212312,4,-1.4114082225676976,0.4459079248720454,0.6096658670951208,1
66,41,0.015295370334174262,0.4547040837246837,0.3254165009159822,0.430458561913887,0.3250443462618667,29,neutral,-0.5,-0.06427368638861679,3,-1.4969481148445278,0.33044587297846095,0.581867860649358,1
66,41,0.015295370334174262,0.4547040837246837,0.3254165009159822,0.430458561913887,0.3250443462618667,30,neutral,-0.5,0.03388482847826553,20,-0.04276994613841508,0.7479082036937006,0.6787227365012949,0
66,41,0.015295370334174262,0.4547040837246837,0.3254165009159822,0.430458561913887,0.3250443462618667,31,neutral,-0.5,0.10063449276941816,8,-1.0692486534603771,0.5892669391507185,0.6431969298247191,1
66,41,0.015295370334174262,0.4547040837246837,0.3254165009159822,0.430458561913887,0.3250443462618667,32,neutral,-0.5,-0.16523159438711074,10,-0.8981688689067168,0.36096600679987884,0.5892742569344437,1
66,41,0.015295370334174262,0.4547040837246837,0.3254165009159822,0.430458561913887,0.3250443462618667,33,neutral,-0.5,-0.17814514840944695,9,-0.9837087611835469,0.32926987537469804,0.5815817156759344,0
66,41,0.015295370334174262,0.4547040837246837,0.3254165009159822,0.430458561913887,0.3250443462618667,34,neutral,-0.5,0.20327413635404867,13,-0.6415491920762262,0.7858194697495717,0.6869329855691607,1
66,41,0.015295370334174262,0.4547040837246837,0.3254165009159822,0.430458561913887,0.3250443462618667,35,neutral,-0.5,0.10974661130988755,5,-1.3258683302908676,0.5420313254826542,0.6322848291623514,1
66,41,0.015295370334174262,0.4547040837246837,0.3254165009159822,0.430458561913887,0.3250443462618667,36,neutral,-0.5,-0.11455850646691589,6,-1.2403284380140374,0.3365087851086954,0.5833422166192063,1
66,41,0.015295370334174262,0.4547040837246837,0.3254165009159822,0.430458561913887,0.3250443462618667,37,neutral,-0.5,0.022093603635536613,18,-0.2138497306920754,0.6985518240452825,0.6678666147494764,0
66,41,0.015295370334174262,0.4547040837246837,0.3254165009159822,0.430458561913887,0.3250443462618667,38,neutral,-0.5,-0.03248467960018497,11,-0.8126289766298865,0.5124954989896491,0.6253912952378404,1
66,41,0.015295370334174262,0.4547040837246837,0.3254165009159822,0.430458561913887,0.3250443462618667,39,neutral,-0.5,-0.021721780340038743,15,-0.4704694075225659,0.5983887078611736,0.645287581519642,1
66,41,0.015295370334174262,0.4547040837246837,0.3254165009159822,0.430458561913887,0.3250443462618667,40,neutral,-0.5,-0.04668537349067967,23,0.2138497306920754,0.7236857339332889,0.6734181238769309,0
67,43,0.14829859063134357,-0.5484896868948532,-0.39247186817728036,-0.519175939502117,-0.39210906589699185,1,fear,0.5,-0.08121017626445963,23,0.2138497306920754,-1.5899392574925577,0.1693924431507826,0
67,43,0.14829859063134357,-0.5484896868948532,-0.39247186817728036,-0.519175939502117,-0.39210906589699185,2,fear,0.5,0.053067844990018875,38,1.4969481148445278,-2.1701844346477657,0.10246007122046809,0
67,43,0.14829859063134357,-0.5484896868948532,-0.39247186817728036,-0.519175939502117,-0.39210906589699185,3,fear,0.5,-0.11676296957720594,1,-1.668027899398188,-0.5775246931377651,0.3595023604048288,1
67,43,0.14829859063134357,-0.5484896868948532,-0.39247186817728036,-0.519175939502117,-0.39210906589699185,4,fear,0.5,-0.11848507274328071,15,-0.4704694075225659,-1.2461351148195468,0.22336988590699777,0
67,43,0.14829859063134357,-0.5484896868948532,-0.39247186817728036,-0.519175939502117,-0.39210906589699185,5,fear,0.5,-0.027683151933853067,24,0.2993896229689056,-1.5840471130559306,0.17022307553783814,0
67,43,0.14829859063134357,-0.5484896868948532,-0.39247186817728036,-0.519175939502117,-0.39210906589699185,6,fear,0.5,0.06278918644554837,5,-1.3258683302908676,-0.5885120566909269,0.35697633037375043,0
67,43,0.14829859063134357,-0.5484896868948532,-0.39247186817728036,-0.519175939502117,-0.39210906589699185,7,fear,0.5,-0.04999597070532241,7,-1.1547885457372071,-0.7965669736297558,0.31076035503056737,0
67,43,0.14829859063134357,-0.5484896868948532,-0.39247186817728036,-0.519175939502117,-0.39210906589699185,8,fear,0.5,0.01022656605323173,32,0.9837087611835469,-1.9272164342206783,0.12705899897716433,0
67,43,0.14829859063134357,-0.5484896868948532,-0.39247186817728036,-0.519175939502117,-0.39210906589699185,9,fear,0.5,0.07192665896287707,36,1.3258683302908676,-2.0560558608869495,0.1134418989469124,0
67,43,0.14829859063134357,-0.5484896868948532,-0.39247186817728036,-0.519175939502117,-0.39210906589699185,10,fear,0.5,-0.12515440144751105,35,1.2403284380140374,-2.205502041403358,0.09925749091038105,0
67,43,0.14829859063134357,-0.5484896868948532,-0.39247186817728036,-0.519175939502117,-0.39210906589699185,11,fear,0.5,0.1274762977942073,40,1.668027899398188,-2.191045741631535,0.10055747124913082,1
67,43,0.14829859063134357,-0.5484896868948532,-0.39247186817728036,-0.519175939502117,-0.39210906589699185,12,fear,0.5,0.19901381146458244,16,-0.3849295152457357,-0.9762711105056628,0.27363230310018466,0
67,43,0.14829859063134357,-0.5484896868948532,-0.39247186817728036,-0.519175939502117,-0.39210906589699185,13,fear,0.5,-0.07533295985117497,9,-0.9837087611835469,-0.9171737225635666,0.28553411763449427,0
67,43,0.14829859063134357,-0.5484896868948532,-0.39247186817728036,-0.519175939502117,-0.39210906589699185,14,fear,0.5,0.01703070109921553,10,-0.8981688689067168,-0.872444941507155,0.2947458153284107,0
67,43,0.14829859063134357,-0.5484896868948532,-0.39247186817728036,-0.519175939502117,-0.39210906589699185,15,fear,0.5,0.02684780492684079,29,0.7270890843530564,-1.7676905556651321,0.14582976604719255,0
67,43,0.14829859063134357,-0.5484896868948532,-0.39247186817728036,-0.519175939502117,-0.39210906589699185,16,fear,0.5,0.20218327567498928,20,-0.04276994613841508,-1.163641165871172,0.23800629603827697,0
67,43,0.14829859063134357,-0.5484896868948532,-0.39247186817728036,-0.519175939502117,-0.39210906589699185,17,fear,0.5,-0.1334771970566687,31,0.8981688689067168,-2.0232853174366,0.11677970912854753,0
67,43,0.14829859063134357,-0.5484896868948532,-0.39247186817728036,-0.519175939502117,-0.39210906589699185,18,fear,0.5,-0.019829893319496802,19,-0.12830983841524524,-1.338019454971679,0.20783594714228035,0
67,43,0.14829859063134357,-0.5484896868948532,-0.39247186817728036,-0.519175939502117,-0.39210906589699185,19,fear,0.5,0.03493782098342581,30,0.8126289766298865,-1.807235419502526,0.14097258235280974,1
67,43,0.14829859063134357,-0.5484896868948532,-0.39247186817728036,-0.519175939502117,-0.39210906589699185,20,fear,0.5,0.050130844365563365,28,0.6415491920762262,-1.6967726363324303,0.15488724754038657,0
67,43,0.14829859063134357,-0.5484896868948532,-0.39247186817728036,-0.519175939502117,-0.39210906589699185,21,neutral,-0.5,-0.034648782698473574,8,-1.0692486534603771,0.15450378774646356,0.5385492918996492,0
67,43,0.14829859063134357,-0.5484896868948532,-0.39247186817728036,-0.519175939502117,-0.39210906589699185,22,neutral,-0.5,0.20511447081031445,26,0.4704694075225659,0.20164139809288625,0.5502402372222979,1
67,43,0.14829859063134357,-0.5484896868948532,-0.39247186817728036,-0.519175939502117,-0.39210906589699185,23,neutral,-0.5,0.06768230030033125,22,0.12830983841524524,0.10701492606342881,0.5267282283110372,0
67,43,0.14829859063134357,-0.5484896868948532,-0.39247186817728036,-0.519175939502117,-0.39210906589699185,24,neutral,-0.5,-0.08847636608881047,12,-0.7270890843530564,0.057870505875601046,0.5144635901527203,1
67,43,0.14829859063134357,-0.5484896868948532,-0.39247186817728036,-0.519175939502117,-0.39210906589699185,25,neutral,-0.5,-0.06387461728079331,17,-0.2993896229689056,0.028965131582961132,0.5072407766646136,1
67,43,0.14829859063134357,-0.5484896868948532,-0.39247186817728036,-0.519175939502117,-0.39210906589699185,26,neutral,-0.5,0.020253570607942934,11,-0.8126289766298865,0.1773018671924859,0.544209712896958,1
67,43,0.14829859063134357,-0.5484896868948532,-0.39247186817728036,-0.519175939502117,-0.39210906589699185,27,neutral,-0.5,-0.1657771424201549,37,1.4114082225676976,-0.28696588595902833,0.4287468301472755,0
67,43,0.14829859063134357,-0.5484896868948532,-0.39247186817728036,-0.519175939502117,-0.39210906589699185,28,neutral,-0.5,0.03240578810212312,39,1.582488007121358,-0.11018580467701342,0.47248138495457875,1
67,43,0.14829859063134357,-0.5484896868948532,-0.39247186817728036,-0.519175939502117,-0.39210906589699185,29,neutral,-0.5,-0.06427368638861679,21,0.04276994613841508,-0.014239636005387812,0.49644015115017504,1
67,43,0.14829859063134357,-0.5484896868948532,-0.39247186817728036,-0.519175939502117,-0.39210906589699185,30,neutral,-0.5,0.03388482847826553,14,-0.5560092997993961,0.15882885120241425,0.5396239496612347,0
67,43,0.14829859063134357,-0.5484896868948532,-0.39247186817728036,-0.519175939502117,-0.39210906589699185,31,neutral,-0.5,0.10063449276941816,2,-1.582488007121358,0.35399561093514387,0.5875861676529907,0
67,43,0.14829859063134357,-0.5484896868948532,-0.39247186817728036,-0.519175939502117,-0.39210906589699185,32,neutral,-0.5,-0.16523159438711074,33,1.0692486534603771,-0.24361463944545883,0.4393957728582166,0
67,43,0.14829859063134357,-0.5484896868948532,-0.39247186817728036,-0.519175939502117,-0.39210906589699185,33,neutral,-0.5,-0.17814514840944695,3,-1.4969481148445278,0.06451454513614728,0.5161230444926466,1
67,43,0.14829859063134357,-0.5484896868948532,-0.39247186817728036,-0.519175939502117,-0.39210906589699185,34,neutral,-0.5,0.20327413635404867,4,-1.4114082225676976,0.4352324052795114,0.607122423871205,1
67,43,0.14829859063134357,-0.5484896868948532,-0.39247186817728036,-0.519175939502117,-0.39210906589699185,35,neutral,-0.5,0.10974661130988755,25,0.3849295152457357,0.11697496321259085,0.5292104408456633,1
67,43,0.14829859063134357,-0.5484896868948532,-0.39247186817728036,-0.519175939502117,-0.39210906589699185,36,neutral,-0.5,-0.11455850646691589,27,0.5560092997993961,-0.12873300380447544,0.4678611210852904,1
67,43,0.14829859063134357,-0.5484896868948532,-0.39247186817728036,-0.519175939502117,-0.39210906589699185,37,neutral,-0.5,0.022093603635536613,34,1.1547885457372071,-0.06699086604294281,0.48325854401323315,1
67,43,0.14829859063134357,-0.5484896868948532,-0.39247186817728036,-0.519175939502117,-0.39210906589699185,38,neutral,-0.5,-0.03248467960018497,13,-0.6415491920762262,0.10316076774409513,0.5257673443390899,0
67,43,0.14829859063134357,-0.5484896868948532,-0.39247186817728036,-0.519175939502117,-0.39210906589699185,39,neutral,-0.5,-0.021721780340038743,18,-0.2138497306920754,0.0604165439035844,0.5150995432777544,1
67,43,0.14829859063134357,-0.5484896868948532,-0.39247186817728036,-0.519175939502117,-0.39210906589699185,40,neutral,-0.5,-0.04668537349067967,6,-1.2403284380140374,0.16387004619452025,0.5408760806763135,1
68,41,0.015295370334174262,0.24907957180784562,0.1783027521010829,0.23577912350596691,0.178135751662967,1,fear,0.5,-0.08121017626445963,14,-0.5560092997993961,-0.3955690773686394,0.4023773806390166,0
68,41,0.015295370334174262,0.24907957180784562,0.1783027521010829,0.23577912350596691,0.178135751662967,2,fear,0.5,0.053067844990018875,34,1.1547885457372071,0.2707568853664946,0.5672787097751252,1
68,41,0.015295370334174262,0.24907957180784562,0.1783027521010829,0.23577912350596691,0.178135751662967,3,fear,0.5,-0.11676296957720594,17,-0.2993896229689056,-0.3513146794592874,0.4130636510841431,0
68,41,0.015295370334174262,0.24907957180784562,0.1783027521010829,0.23577912350596691,0.178135751662967,4,fear,0.5,-0.11848507274328071,5,-1.3258683302908676,-0.6722655475137554,0.3379897325713818,0
68,41,0.015295370334174262,0.24907957180784562,0.1783027521010829,0.23577912350596691,0.178135751662967,5,fear,0.5,-0.027683151933853067,2,-1.582488007121358,-0.661270817926426,0.340454197732964,0
68,41,0.015295370334174262,0.24907957180784562,0.1783027521010829,0.23577912350596691,0.178135751662967,6,fear,0.5,0.06278918644554837,26,0.4704694075225659,0.06765905022976186,0.5169083128845156,0
68,41,0.015295370334174262,0.24907957180784562,0.1783027521010829,0.23577912350596691,0.178135751662967,7,fear,0.5,-0.04999597070532241,29,0.7270890843530564,0.034681084300989394,0.5086694021457678,0
68,41,0.015295370334174262,0.24907957180784562,0.1783027521010829,0.23577912350596691,0.178135751662967,8,fear,0.5,0.01022656605323173,39,1.582488007121358,0.3609275917998713,0.5892649593159948,1
68,41,0.015295370334174262,0.24907957180784562,0.1783027521010829,0.23577912350596691,0.178135751662967,9,fear,0.5,0.07192665896287707,22,0.12830983841524524,-0.02961306554904051,0.4925972745797527,0
68,41,0.015295370334174262,0.24907957180784562,0.1783027521010829,0.23577912350596691,0.178135751662967,10,fear,0.5,-0.12515440144751105,10,-0.8981688689067168,-0.5459228908478219,0.3668108457562202,1
68,41,0.015295370334174262,0.24907957180784562,0.1783027521010829,0.23577912350596691,0.178135751662967,11,fear,0.5,0.1274762977942073,36,1.3258683302908676,0.3983701323187484,0.5982960039775578,1
68,41,0.015295370334174262,0.24907957180784562,0.1783027521010829,0.23577912350596691,0.178135751662967,12,fear,0.5,0.19901381146458244,30,0.8126289766298865,0.31029326354492703,0.5769568418222745,1
68,41,0.015295370334174262,0.24907957180784562,0.1783027521010829,0.23577912350596691,0.178135751662967,13,fear,0.5,-0.07533295985117497,18,-0.2138497306920754,-0.2832822726592236,0.42964926755666955,0
68,41,0.015295370334174262,0.24907957180784562,0.1783027521010829,0.23577912350596691,0.178135751662967,14,fear,0.5,0.01703070109921553,7,-1.1547885457372071,-0.4835449795231936,0.381415380083634,1
68,41,0.015295370334174262,0.24907957180784562,0.1783027521010829,0.23577912350596691,0.178135751662967,15,fear,0.5,0.02684780492684079,37,1.4114082225676976,0.3243440365254148,0.5803825607943128,0
68,41,0.015295370334174262,0.24907957180784562,0.1783027521010829,0.23577912350596691,0.178135751662967,16,fear,0.5,0.20218327567498928,24,0.2993896229689056,0.15384834531113722,0.5383864011997741,0
68,41,0.015295370334174262,0.24907957180784562,0.1783027521010829,0.23577912350596691,0.178135751662967,17,fear,0.5,-0.1334771970566687,8,-1.0692486534603771,-0.6074504806050451,0.3526409968870901,1
68,41,0.015295370334174262,0.24907957180784562,0.1783027521010829,0.23577912350596691,0.178135751662967,18,fear,0.5,-0.019829893319496802,40,1.668027899398188,0.35747352950117545,0.5884287095076214,0
68,41,0.015295370334174262,0.24907957180784562,0.1783027521010829,0.23577912350596691,0.178135751662967,19,fear,0.5,0.03493782098342581,31,0.8981688689067168,0.17281967013780322,0.5430977055917251,1
68,41,0.015295370334174262,0.24907957180784562,0.1783027521010829,0.23577912350596691,0.178135751662967,20,fear,0.5,0.050130844365563365,35,1.2403284380140374,0.2944222818160719,0.5730784343843586,1
68,41,0.015295370334174262,0.24907957180784562,0.1783027521010829,0.23577912350596691,0.178135751662967,21,neutral,-0.5,-0.034648782698473574,38,1.4969481148445278,0.7989118159687513,0.6897416599042254,0
68,41,0.015295370334174262,0.24907957180784562,0.1783027521010829,0.23577912350596691,0.178135751662967,22,neutral,-0.5,0.20511447081031445,33,1.0692486534603771,0.9762662902023264,0.7263667388265304,1
68,41,0.015295370334174262,0.24907957180784562,0.1783027521010829,0.23577912350596691,0.178135751662967,23,neutral,-0.5,0.06768230030033125,3,-1.4969481148445278,0.4643814440410648,0.6140530603710881,0
68,41,0.015295370334174262,0.24907957180784562,0.1783027521010829,0.23577912350596691,0.178135751662967,24,neutral,-0.5,-0.08847636608881047,13,-0.6415491920762262,0.43304033620234916,0.6065994384651268,0
68,41,0.015295370334174262,0.24907957180784562,0.1783027521010829,0.23577912350596691,0.178135751662967,25,neutral,-0.5,-0.06387461728079331,16,-0.3849295152457357,0.49508735257549413,0.6213041481860873,0
68,41,0.015295370334174262,0.24907957180784562,0.1783027521010829,0.23577912350596691,0.178135751662967,26,neutral,-0.5,0.020253570607942934,9,-0.9837087611835469,0.4918432494789321,0.6205405585834819,1
68,41,0.015295370334174262,0.24907957180784562,0.1783027521010829,0.23577912350596691,0.178135751662967,27,neutral,-0.5,-0.1657771424201549,15,-0.4704694075225659,0.38070307158108996,0.5940426640525992,1
68,41,0.015295370334174262,0.24907957180784562,0.1783027521010829,0.23577912350596691,0.178135751662967,28,neutral,-0.5,0.03240578810212312,21,0.04276994613841508,0.6537765372336236,0.6578609913713956,1
68,41,0.015295370334174262,0.24907957180784562,0.1783027521010829,0.23577912350596691,0.178135751662967,29,neutral,-0.5,-0.06427368638861679,1,-1.668027899398188,0.3074619456420315,0.5762656302718745,1
68,41,0.015295370334174262,0.24907957180784562,0.1783027521010829,0.23577912350596691,0.178135751662967,30,neutral,-0.5,0.03388482847826553,6,-1.2403284380140374,0.4680292397841269,0.6149171979369655,0
68,41,0.015295370334174262,0.24907957180784562,0.1783027521010829,0.23577912350596691,0.178135751662967,31,neutral,-0.5,0.10063449276941816,12,-0.7270890843530564,0.6096694392055352,0.6478653930074795,0
68,41,0.015295370334174262,0.24907957180784562,0.1783027521010829,0.23577912350596691,0.178135751662967,32,neutral,-0.5,-0.16523159438711074,23,0.2138497306920754,0.48110266645447497,0.6180082195667599,1
68,41,0.015295370334174262,0.24907957180784562,0.1783027521010829,0.23577912350596691,0.178135751662967,33,neutral,-0.5,-0.17814514840944695,25,0.3849295152457357,0.4931526241422239,0.620848828301957,1
68,41,0.015295370334174262,0.24907957180784562,0.1783027521010829,0.23577912350596691,0.178135751662967,34,neutral,-0.5,0.20327413635404867,4,-1.4114082225676976,0.6124550359498249,0.6485006253616428,1
68,41,0.015295370334174262,0.24907957180784562,0.1783027521010829,0.23577912350596691,0.178135751662967,35,neutral,-0.5,0.10974661130988755,27,0.5560092997993961,0.8060078955716437,0.691258159262906,1
68,41,0.015295370334174262,0.24907957180784562,0.1783027521010829,0.23577912350596691,0.178135751662967,36,neutral,-0.5,-0.11455850646691589,19,-0.12830983841524524,0.48184873095449937,0.6181843305291032,0
68,41,0.015295370334174262,0.24907957180784562,0.1783027521010829,0.23577912350596691,0.178135751662967,37,neutral,-0.5,0.022093603635536613,20,-0.04276994613841508,0.6309825969119947,0.652712229662859,1
68,41,0.015295370334174262,0.24907957180784562,0.1783027521010829,0.23577912350596691,0.178135751662967,38,neutral,-0.5,-0.03248467960018497,32,0.9837087611835469,0.7261853839367841,0.673967623803442,0
68,41,0.015295370334174262,0.24907957180784562,0.1783027521010829,0.23577912350596691,0.178135751662967,39,neutral,-0.5,-0.021721780340038743,28,0.6415491920762262,0.68702125977676,0.6653039638970325,1
68,41,0.015295370334174262,0.24907957180784562,0.1783027521010829,0.23577912350596691,0.178135751662967,40,neutral,-0.5,-0.04668537349067967,11,-0.8126289766298865,0.44986781709039475,0.6106078058185376,1
69,50,0.6138098616714361,-0.1710129114826813,-0.12242244348160063,-0.16191218208650962,-0.12228496180813096,1,fear,0.5,-0.08121017626445963,18,-0.2138497306920754,-1.1293288543211313,0.2442849797288302,0
69,50,0.6138098616714361,-0.1710129114826813,-0.12242244348160063,-0.16191218208650962,-0.12228496180813096,2,fear,0.5,0.053067844990018875,13,-0.6415491920762262,-0.912159336289544,0.28655817356312324,0
69,50,0.6138098616714361,-0.1710129114826813,-0.12242244348160063,-0.16191218208650962,-0.12228496180813096,3,fear,0.5,-0.11676296957720594,15,-0.4704694075225659,-1.1151467495676124,0.24691262095584532,0
69,50,0.6138098616714361,-0.1710129114826813,-0.12242244348160063,-0.16191218208650962,-0.12228496180813096,4,fear,0.5,-0.11848507274328071,33,1.0692486534603771,-1.4152782411312785,0.19540287378391671,0
69,50,0.6138098616714361,-0.1710129114826813,-0.12242244348160063,-0.16191218208650962,-0.12228496180813096,5,fear,0.5,-0.027683151933853067,29,0.7270890843530564,-1.2581631229001642,0.22129026244606703,1
69,50,0.6138098616714361,-0.1710129114826813,-0.12242244348160063,-0.16191218208650962,-0.12228496180813096,6,fear,0.5,0.06278918644554837,26,0.4704694075225659,-1.1179558864544974,0.24639064244874773,0
69,50,0.6138098616714361,-0.1710129114826813,-0.12242244348160063,-0.16191218208650962,-0.12228496180813096,7,fear,0.5,-0.04999597070532241,17,-0.2993896229689056,-1.0815363494065724,0.25321538691924494,0
69,50,0.6138098616714361,-0.1710129114826813,-0.12242244348160063,-0.16191218208650962,-0.12228496180813096,8,fear,0.5,0.01022656605323173,16,-0.3849295152457357,-1.0047355132925964,0.26801138231569854,0
69,50,0.6138098616714361,-0.1710129114826813,-0.12242244348160063,-0.16191218208650962,-0.12228496180813096,9,fear,0.5,0.07192665896287707,23,0.2138497306920754,-1.059083515870903,0.2574846349567875,0
69,50,0.6138098616714361,-0.1710129114826813,-0.12242244348160063,-0.16191218208650962,-0.12228496180813096,10,fear,0.5,-0.12515440144751105,2,-1.582488007121358,-0.9080202898174345,0.287405117950658,0
69,50,0.6138098616714361,-0.1710129114826813,-0.12242244348160063,-0.16191218208650962,-0.12228496180813096,11,fear,0.5,0.1274762977942073,28,0.6415491920762262,-1.0864253738166818,0.25229200127329576,0
69,50,0.6138098616714361,-0.1710129114826813,-0.12242244348160063,-0.16191218208650962,-0.12228496180813096,12,fear,0.5,0.19901381146458244,24,0.2993896229689056,-0.9485746627246197,0.27917155913776043,1
69,50,0.6138098616714361,-0.1710129114826813,-0.12242244348160063,-0.16191218208650962,-0.12228496180813096,13,fear,0.5,-0.07533295985117497,39,1.582488007121358,-1.4715959243717038,0.18670016251065144,0
69,50,0.6138098616714361,-0.1710129114826813,-0.12242244348160063,-0.16191218208650962,-0.12228496180813096,14,fear,0.5,0.01703070109921553,22,0.12830983841524524,-1.0974011743791432,0.2502271526783793,0
69,50,0.6138098616714361,-0.1710129114826813,-0.12242244348160063,-0.16191218208650962,-0.12228496180813096,15,fear,0.5,0.02684780492684079,12,-0.7270890843530564,-0.9218010769973003,0.28459105462527245,0
69,50,0.6138098616714361,-0.1710129114826813,-0.12242244348160063,-0.16191218208650962,-0.12228496180813096,16,fear,0.5,0.20218327567498928,10,-0.8981688689067168,-0.7133090075383084,0.32886808319730204,1
69,50,0.6138098616714361,-0.1710129114826813,-0.12242244348160063,-0.16191218208650962,-0.12228496180813096,17,fear,0.5,-0.1334771970566687,6,-1.2403284380140374,-0.9826562828482794,0.2723650371572966,1
69,50,0.6138098616714361,-0.1710129114826813,-0.12242244348160063,-0.16191218208650962,-0.12228496180813096,18,fear,0.5,-0.019829893319496802,38,1.4969481148445278,-1.3995145584846034,0.19789315497873328,1
69,50,0.6138098616714361,-0.1710129114826813,-0.12242244348160063,-0.16191218208650962,-0.12228496180813096,19,fear,0.5,0.03493782098342581,36,1.3258683302908676,-1.3115902454708375,0.21222086018022082,0
69,50,0.6138098616714361,-0.1710129114826813,-0.12242244348160063,-0.16191218208650962,-0.12228496180813096,20,fear,0.5,0.050130844365563365,30,0.8126289766298865,-1.1969274259561695,0.23202226125747522,0
69,50,0.6138098616714361,-0.1710129114826813,-0.12242244348160063,-0.16191218208650962,-0.12228496180813096,21,neutral,-0.5,-0.034648782698473574,34,1.1547885457372071,-0.1984877210180454,0.45054034493829676,0
69,50,0.6138098616714361,-0.1710129114826813,-0.12242244348160063,-0.16191218208650962,-0.12228496180813096,22,neutral,-0.5,0.20511447081031445,1,-1.668027899398188,-0.13159126875892158,0.467149573018346,0
69,50,0.6138098616714361,-0.1710129114826813,-0.12242244348160063,-0.16191218208650962,-0.12228496180813096,23,neutral,-0.5,0.06768230030033125,35,1.2403284380140374,-0.090918250102584,0.47728608166594244,0
69,50,0.6138098616714361,-0.1710129114826813,-0.12242244348160063,-0.16191218208650962,-0.12228496180813096,24,neutral,-0.5,-0.08847636608881047,27,0.5560092997993961,-0.28898401982497773,0.42825261401035813,0
69,50,0.6138098616714361,-0.1710129114826813,-0.12242244348160063,-0.16191218208650962,-0.12228496180813096,25,neutral,-0.5,-0.06387461728079331,8,-1.0692486534603771,-0.3639116414334339,0.41001299874513547,1
69,50,0.6138098616714361,-0.1710129114826813,-0.12242244348160063,-0.16191218208650962,-0.12228496180813096,26,neutral,-0.5,0.020253570607942934,40,1.668027899398188,-0.11215504021168993,0.4719905940769945,0
69,50,0.6138098616714361,-0.1710129114826813,-0.12242244348160063,-0.16191218208650962,-0.12228496180813096,27,neutral,-0.5,-0.1657771424201549,14,-0.5560092997993961,-0.43438383907285655,0.3930799985900524,0
69,50,0.6138098616714361,-0.1710129114826813,-0.12242244348160063,-0.16191218208650962,-0.12228496180813096,28,neutral,-0.5,0.03240578810212312,31,0.8981688689067168,-0.14714831396741818,0.4632791561683551,1
69,50,0.6138098616714361,-0.1710129114826813,-0.12242244348160063,-0.16191218208650962,-0.12228496180813096,29,neutral,-0.5,-0.06427368638861679,32,0.9837087611835469,-0.23858940054150146,0.4406340000204225,1
69,50,0.6138098616714361,-0.1710129114826813,-0.12242244348160063,-0.16191218208650962,-0.12228496180813096,30,neutral,-0.5,0.03388482847826553,21,0.04276994613841508,-0.19805315275784066,0.4506479262481076,0
69,50,0.6138098616714361,-0.1710129114826813,-0.12242244348160063,-0.16191218208650962,-0.12228496180813096,31,neutral,-0.5,0.10063449276941816,20,-0.04276994613841508,-0.1365418763833445,0.4659174664565851,0
69,50,0.6138098616714361,-0.1710129114826813,-0.12242244348160063,-0.16191218208650962,-0.12228496180813096,32,neutral,-0.5,-0.16523159438711074,37,1.4114082225676976,-0.313355368956713,0.4222959433666121,0
69,50,0.6138098616714361,-0.1710129114826813,-0.12242244348160063,-0.16191218208650962,-0.12228496180813096,33,neutral,-0.5,-0.17814514840944695,4,-1.4114082225676976,-0.49913572422871355,0.37774379829906796,0
69,50,0.6138098616714361,-0.1710129114826813,-0.12242244348160063,-0.16191218208650962,-0.12228496180813096,34,neutral,-0.5,0.20327413635404867,19,-0.12830983841524524,-0.03914062071537043,0.49021609385832093,0
69,50,0.6138098616714361,-0.1710129114826813,-0.12242244348160063,-0.16191218208650962,-0.12228496180813096,35,neutral,-0.5,0.10974661130988755,3,-1.4969481148445278,-0.21648235242603553,0.4460897877133901,0
69,50,0.6138098616714361,-0.1710129114826813,-0.12242244348160063,-0.16191218208650962,-0.12228496180813096,36,neutral,-0.5,-0.11455850646691589,5,-1.3258683302908676,-0.43031069436952596,0.39405214306262465,0
69,50,0.6138098616714361,-0.1710129114826813,-0.12242244348160063,-0.16191218208650962,-0.12228496180813096,37,neutral,-0.5,0.022093603635536613,9,-0.9837087611835469,-0.27270503260044743,0.43224313438087497,1
69,50,0.6138098616714361,-0.1710129114826813,-0.12242244348160063,-0.16191218208650962,-0.12228496180813096,38,neutral,-0.5,-0.03248467960018497,25,0.3849295152457357,-0.24346910916966524,0.43943162122914975,1
69,50,0.6138098616714361,-0.1710129114826813,-0.12242244348160063,-0.16191218208650962,-0.12228496180813096,39,neutral,-0.5,-0.021721780340038743,7,-1.1547885457372071,-0.3269971924093358,0.4189714313710111,0
69,50,0.6138098616714361,-0.1710129114826813,-0.12242244348160063,-0.16191218208650962,-0.12228496180813096,40,neutral,-0.5,-0.04668537349067967,11,-0.8126289766298865,-0.33100723389335085,0.4179955678374033,1
70,55,0.9463179124143594,-0.18252593478470988,-0.13052550519750417,-0.17282782987248613,-0.13055476085251932,1,fear,0.5,-0.08121017626445963,31,0.8981688689067168,-1.5825671310336187,0.17043222086318915,0
70,55,0.9463179124143594,-0.18252593478470988,-0.13052550519750417,-0.17282782987248613,-0.13055476085251932,2,fear,0.5,0.053067844990018875,15,-0.4704694075225659,-1.1253294858243843,0.24502405732925295,1
70,55,0.9463179124143594,-0.18252593478470988,-0.13052550519750417,-0.17282782987248613,-0.13055476085251932,3,fear,0.5,-0.11676296957720594,22,0.12830983841524524,-1.4364551358718147,0.19209489138777272,1
70,55,0.9463179124143594,-0.18252593478470988,-0.13052550519750417,-0.17282782987248613,-0.13055476085251932,4,fear,0.5,-0.11848507274328071,16,-0.3849295152457357,-1.3170673800548562,0.21130661879355062,0
70,55,0.9463179124143594,-0.18252593478470988,-0.13052550519750417,-0.17282782987248613,-0.13055476085251932,5,fear,0.5,-0.027683151933853067,37,1.4114082225676976,-1.6501499656860452,0.16108868231588408,0
70,55,0.9463179124143594,-0.18252593478470988,-0.13052550519750417,-0.17282782987248613,-0.13055476085251932,6,fear,0.5,0.06278918644554837,3,-1.4969481148445278,-0.8733884264027885,0.2945497304313671,1
70,55,0.9463179124143594,-0.18252593478470988,-0.13052550519750417,-0.17282782987248613,-0.13055476085251932,7,fear,0.5,-0.04999597070532241,19,-0.12830983841524524,-1.3091332075084146,0.21263192601883035,0
70,55,0.9463179124143594,-0.18252593478470988,-0.13052550519750417,-0.17282782987248613,-0.13055476085251932,8,fear,0.5,0.01022656605323173,39,1.582488007121358,-1.6526102006933048,0.1607564854788718,0
70,55,0.9463179124143594,-0.18252593478470988,-0.13052550519750417,-0.17282782987248613,-0.13055476085251932,9,fear,0.5,0.07192665896287707,25,0.3849295152457357,-1.3083204368232484,0.21276803153565418,0
70,55,0.9463179124143594,-0.18252593478470988,-0.13052550519750417,-0.17282782987248613,-0.13055476085251932,10,fear,0.5,-0.12515440144751105,24,0.2993896229689056,-1.4852165207364643,0.18464078728452724,0
70,55,0.9463179124143594,-0.18252593478470988,-0.13052550519750417,-0.17282782987248613,-0.13055476085251932,11,fear,0.5,0.1274762977942073,11,-0.8126289766298865,-0.970181127031507,0.27484440122290726,0
70,55,0.9463179124143594,-0.18252593478470988,-0.13052550519750417,-0.17282782987248613,-0.13055476085251932,12,fear,0.5,0.19901381146458244,17,-0.2993896229689056,-1.0197534723441655,0.2650754239139251,0
70,55,0.9463179124143594,-0.18252593478470988,-0.13052550519750417,-0.17282782987248613,-0.13055476085251932,13,fear,0.5,-0.07533295985117497,26,0.4704694075225659,-1.4757650321344729,0.18606793851207695,0
70,55,0.9463179124143594,-0.18252593478470988,-0.13052550519750417,-0.17282782987248613,-0.13055476085251932,14,fear,0.5,0.01703070109921553,18,-0.2138497306920754,-1.2219215592067045,0.2275984686419501,0
70,55,0.9463179124143594,-0.18252593478470988,-0.13052550519750417,-0.17282782987248613,-0.13055476085251932,15,fear,0.5,0.02684780492684079,33,1.0692486534603771,-1.5148791028366626,0.1802168357006366,0
70,55,0.9463179124143594,-0.18252593478470988,-0.13052550519750417,-0.17282782987248613,-0.13055476085251932,16,fear,0.5,0.20218327567498928,34,1.1547885457372071,-1.359728608585686,0.20428441404013223,0
70,55,0.9463179124143594,-0.18252593478470988,-0.13052550519750417,-0.17282782987248613,-0.13055476085251932,17,fear,0.5,-0.1334771970566687,29,0.7270890843530564,-1.5944641988314832,0.16875674212370395,0
70,55,0.9463179124143594,-0.18252593478470988,-0.13052550519750417,-0.17282782987248613,-0.13055476085251932,18,fear,0.5,-0.019829893319496802,23,0.2138497306920754,-1.3597070361112777,0.20428792071766624,0
70,55,0.9463179124143594,-0.18252593478470988,-0.13052550519750417,-0.17282782987248613,-0.13055476085251932,19,fear,0.5,0.03493782098342581,40,1.668027899398188,-1.648083922260283,0.1613680811409404,0
70,55,0.9463179124143594,-0.18252593478470988,-0.13052550519750417,-0.17282782987248613,-0.13055476085251932,20,fear,0.5,0.050130844365563365,38,1.4969481148445278,-1.592520945883801,0.1690295130683019,0
70,55,0.9463179124143594,-0.18252593478470988,-0.13052550519750417,-0.17282782987248613,-0.13055476085251932,21,neutral,-0.5,-0.034648782698473574,13,-0.6415491920762262,-0.6846019785519659,0.33523496384421103,1
70,55,0.9463179124143594,-0.18252593478470988,-0.13052550519750417,-0.17282782987248613,-0.13055476085251932,22,neutral,-0.5,0.20511447081031445,32,0.9837087611835469,-0.2923133928526428,0.42743760476222586,1
70,55,0.9463179124143594,-0.18252593478470988,-0.13052550519750417,-0.17282782987248613,-0.13055476085251932,23,neutral,-0.5,0.06768230030033125,7,-1.1547885457372071,-0.6304367899291193,0.347411503614789,1
70,55,0.9463179124143594,-0.18252593478470988,-0.13052550519750417,-0.17282782987248613,-0.13055476085251932,24,neutral,-0.5,-0.08847636608881047,6,-1.2403284380140374,-0.7946231053809208,0.31117686206041467,1
70,55,0.9463179124143594,-0.18252593478470988,-0.13052550519750417,-0.17282782987248613,-0.13055476085251932,25,neutral,-0.5,-0.06387461728079331,1,-1.668027899398188,-0.8101596018862024,0.3078564865465399,1
70,55,0.9463179124143594,-0.18252593478470988,-0.13052550519750417,-0.17282782987248613,-0.13055476085251932,26,neutral,-0.5,0.020253570607942934,28,0.6415491920762262,-0.5092848893056533,0.3753611791278335,0
70,55,0.9463179124143594,-0.18252593478470988,-0.13052550519750417,-0.17282782987248613,-0.13055476085251932,27,neutral,-0.5,-0.1657771424201549,9,-0.9837087611835469,-0.847840934524286,0.2998859668197095,1
70,55,0.9463179124143594,-0.18252593478470988,-0.13052550519750417,-0.17282782987248613,-0.13055476085251932,28,neutral,-0.5,0.03240578810212312,30,0.8126289766298865,-0.4810773736861537,0.3819977514175708,0
70,55,0.9463179124143594,-0.18252593478470988,-0.13052550519750417,-0.17282782987248613,-0.13055476085251932,29,neutral,-0.5,-0.06427368638861679,12,-0.7270890843530564,-0.7222545313047689,0.32689671310088614,1
70,55,0.9463179124143594,-0.18252593478470988,-0.13052550519750417,-0.17282782987248613,-0.13055476085251932,30,neutral,-0.5,0.03388482847826553,27,0.5560092997993961,-0.5036812804979904,0.3766759450156729,0
70,55,0.9463179124143594,-0.18252593478470988,-0.13052550519750417,-0.17282782987248613,-0.13055476085251932,31,neutral,-0.5,0.10063449276941816,2,-1.582488007121358,-0.6376228427733313,0.34578409653277253,0
70,55,0.9463179124143594,-0.18252593478470988,-0.13052550519750417,-0.17282782987248613,-0.13055476085251932,32,neutral,-0.5,-0.16523159438711074,35,1.2403284380140374,-0.6385765108620889,0.34556839190490424,1
70,55,0.9463179124143594,-0.18252593478470988,-0.13052550519750417,-0.17282782987248613,-0.13055476085251932,33,neutral,-0.5,-0.17814514840944695,8,-1.0692486534603771,-0.8682365895762378,0.29562136346333895,0
70,55,0.9463179124143594,-0.18252593478470988,-0.13052550519750417,-0.17282782987248613,-0.13055476085251932,34,neutral,-0.5,0.20327413635404867,20,-0.04276994613841508,-0.39048551606082554,0.40360042806151114,0
70,55,0.9463179124143594,-0.18252593478470988,-0.13052550519750417,-0.17282782987248613,-0.13055476085251932,35,neutral,-0.5,0.10974661130988755,10,-0.8981688689067168,-0.5642895317315838,0.36255552696204646,0
70,55,0.9463179124143594,-0.18252593478470988,-0.13052550519750417,-0.17282782987248613,-0.13055476085251932,36,neutral,-0.5,-0.11455850646691589,36,1.3258683302908676,-0.5798757738792342,0.3589611785948329,0
70,55,0.9463179124143594,-0.18252593478470988,-0.13052550519750417,-0.17282782987248613,-0.13055476085251932,37,neutral,-0.5,0.022093603635536613,5,-1.3258683302908676,-0.6920807847192336,0.3335703522903683,0
70,55,0.9463179124143594,-0.18252593478470988,-0.13052550519750417,-0.17282782987248613,-0.13055476085251932,38,neutral,-0.5,-0.03248467960018497,4,-1.4114082225676976,-0.7546867170176148,0.3198009473688624,0
70,55,0.9463179124143594,-0.18252593478470988,-0.13052550519750417,-0.17282782987248613,-0.13055476085251932,39,neutral,-0.5,-0.021721780340038743,14,-0.5560092997993961,-0.6636473271308712,0.3399207666560093,0
70,55,0.9463179124143594,-0.18252593478470988,-0.13052550519750417,-0.17282782987248613,-0.13055476085251932,40,neutral,-0.5,-0.04668537349067967,21,0.04276994613841508,-0.632417376842894,0.3469626071949525,0
71,50,0.6138098616714361,-0.05587419829364511,-0.04003243211603796,-0.0528426061647238,-0.03998506748419062,1,fear,0.5,-0.08121017626445963,15,-0.4704694075225659,-0.9680422261987476,0.275270899993018,0
71,50,0.6138098616714361,-0.05587419829364511,-0.04003243211603796,-0.0528426061647238,-0.03998506748419062,2,fear,0.5,0.053067844990018875,38,1.4969481148445278,-0.9720104109993972,0.27447996606437397,0
71,50,0.6138098616714361,-0.05587419829364511,-0.04003243211603796,-0.0528426061647238,-0.03998506748419062,3,fear,0.5,-0.11676296957720594,13,-0.6415491920762262,-0.9915736102893087,0.2706013722264397,1
71,50,0.6138098616714361,-0.05587419829364511,-0.04003243211603796,-0.0528426061647238,-0.03998506748419062,4,fear,0.5,-0.11848507274328071,35,1.2403284380140374,-1.125531214899419,0.24498674193813644,0
71,50,0.6138098616714361,-0.05587419829364511,-0.04003243211603796,-0.0528426061647238,-0.03998506748419062,5,fear,0.5,-0.027683151933853067,30,0.8126289766298865,-1.004675771034529,0.26802310279086855,1
71,50,0.6138098616714361,-0.05587419829364511,-0.04003243211603796,-0.0528426061647238,-0.03998506748419062,6,fear,0.5,0.06278918644554837,26,0.4704694075225659,-0.8901606142107574,0.29107668341108967,0
71,50,0.6138098616714361,-0.05587419829364511,-0.04003243211603796,-0.0528426061647238,-0.03998506748419062,7,fear,0.5,-0.04999597070532241,36,1.3258683302908676,-1.0630528174725535,0.25672648967769696,0
71,50,0.6138098616714361,-0.05587419829364511,-0.04003243211603796,-0.0528426061647238,-0.03998506748419062,8,fear,0.5,0.01022656605323173,37,1.4114082225676976,-1.008840985325092,0.26720673304864945,0
71,50,0.6138098616714361,-0.05587419829364511,-0.04003243211603796,-0.0528426061647238,-0.03998506748419062,9,fear,0.5,0.07192665896287707,11,-0.8126289766298865,-0.7908625725270406,0.31198348838341255,0
71,50,0.6138098616714361,-0.05587419829364511,-0.04003243211603796,-0.0528426061647238,-0.03998506748419062,10,fear,0.5,-0.12515440144751105,29,0.7270890843530564,-1.0961363159370945,0.2504645321920098,1
71,50,0.6138098616714361,-0.05587419829364511,-0.04003243211603796,-0.0528426061647238,-0.03998506748419062,11,fear,0.5,0.1274762977942073,23,0.2138497306920754,-0.807441389028821,0.30843598801693595,1
71,50,0.6138098616714361,-0.05587419829364511,-0.04003243211603796,-0.0528426061647238,-0.03998506748419062,12,fear,0.5,0.19901381146458244,16,-0.3849295152457357,-0.6938289430807981,0.33318184776965243,0
71,50,0.6138098616714361,-0.05587419829364511,-0.04003243211603796,-0.0528426061647238,-0.03998506748419062,13,fear,0.5,-0.07533295985117497,12,-0.7270890843530564,-0.9441328959521854,0.2800662733104344,0
71,50,0.6138098616714361,-0.05587419829364511,-0.04003243211603796,-0.0528426061647238,-0.03998506748419062,14,fear,0.5,0.01703070109921553,18,-0.2138497306920754,-0.8878334626683498,0.2915571269432241,1
71,50,0.6138098616714361,-0.05587419829364511,-0.04003243211603796,-0.0528426061647238,-0.03998506748419062,15,fear,0.5,0.02684780492684079,8,-1.0692486534603771,-0.8179093127297996,0.30620763490165637,0
71,50,0.6138098616714361,-0.05587419829364511,-0.04003243211603796,-0.0528426061647238,-0.03998506748419062,16,fear,0.5,0.20218327567498928,32,0.9837087611835469,-0.7868307526478717,0.3128495730404069,0
71,50,0.6138098616714361,-0.05587419829364511,-0.04003243211603796,-0.0528426061647238,-0.03998506748419062,17,fear,0.5,-0.1334771970566687,31,0.8981688689067168,-1.1164805207684372,0.2466646942247688,1
71,50,0.6138098616714361,-0.05587419829364511,-0.04003243211603796,-0.0528426061647238,-0.03998506748419062,18,fear,0.5,-0.019829893319496802,6,-1.2403284380140374,-0.8525656017539521,0.2988949411012421,0
71,50,0.6138098616714361,-0.05587419829364511,-0.04003243211603796,-0.0528426061647238,-0.03998506748419062,19,fear,0.5,0.03493782098342581,22,0.12830983841524524,-0.8939691612285097,0.29029141152897575,0
71,50,0.6138098616714361,-0.05587419829364511,-0.04003243211603796,-0.0528426061647238,-0.03998506748419062,20,fear,0.5,0.050130844365563365,2,-1.582488007121358,-0.7585620456245216,0.318958543050462,1
71,50,0.6138098616714361,-0.05587419829364511,-0.04003243211603796,-0.0528426061647238,-0.03998506748419062,21,neutral,-0.5,-0.034648782698473574,5,-1.3258683302908676,-0.34447594043964574,0.41472262899151485,1
71,50,0.6138098616714361,-0.05587419829364511,-0.04003243211603796,-0.0528426061647238,-0.03998506748419062,22,neutral,-0.5,0.20511447081031445,17,-0.2993896229689056,4.800158625985068e-4,0.5001200039633454,0
71,50,0.6138098616714361,-0.05587419829364511,-0.04003243211603796,-0.0528426061647238,-0.03998506748419062,23,neutral,-0.5,0.06768230030033125,40,1.668027899398188,0.06466719237340647,0.516161166527023,1
71,50,0.6138098616714361,-0.05587419829364511,-0.04003243211603796,-0.0528426061647238,-0.03998506748419062,24,neutral,-0.5,-0.08847636608881047,9,-0.9837087611835469,-0.3632392895654971,0.41017565206990236,0
71,50,0.6138098616714361,-0.05587419829364511,-0.04003243211603796,-0.0528426061647238,-0.03998506748419062,25,neutral,-0.5,-0.06387461728079331,28,0.6415491920762262,-0.17208242800117435,0.4570852413844423,1
71,50,0.6138098616714361,-0.05587419829364511,-0.04003243211603796,-0.0528426061647238,-0.03998506748419062,26,neutral,-0.5,0.020253570607942934,3,-1.4969481148445278,-0.307105704265472,0.42382136037593376,1
71,50,0.6138098616714361,-0.05587419829364511,-0.04003243211603796,-0.0528426061647238,-0.03998506748419062,27,neutral,-0.5,-0.1657771424201549,7,-1.1547885457372071,-0.45807218302908437,0.38744325515093153,0
71,50,0.6138098616714361,-0.05587419829364511,-0.04003243211603796,-0.0528426061647238,-0.03998506748419062,28,neutral,-0.5,0.03240578810212312,25,0.3849295152457357,-0.10210019831662202,0.4744971010482985,1
71,50,0.6138098616714361,-0.05587419829364511,-0.04003243211603796,-0.0528426061647238,-0.03998506748419062,29,neutral,-0.5,-0.06427368638861679,27,0.5560092997993961,-0.18124755567511913,0.4548117487890046,0
71,50,0.6138098616714361,-0.05587419829364511,-0.04003243211603796,-0.0528426061647238,-0.03998506748419062,30,neutral,-0.5,0.03388482847826553,19,-0.12830983841524524,-0.15321750933720768,0.46177038203832405,0
71,50,0.6138098616714361,-0.05587419829364511,-0.04003243211603796,-0.0528426061647238,-0.03998506748419062,31,neutral,-0.5,0.10063449276941816,10,-0.8981688689067168,-0.1653623721411472,0.4587533539691843,0
71,50,0.6138098616714361,-0.05587419829364511,-0.04003243211603796,-0.0528426061647238,-0.03998506748419062,32,neutral,-0.5,-0.16523159438711074,33,1.0692486534603771,-0.22960911227688507,0.44284858842622354,0
71,50,0.6138098616714361,-0.05587419829364511,-0.04003243211603796,-0.0528426061647238,-0.03998506748419062,33,neutral,-0.5,-0.17814514840944695,20,-0.04276994613841508,-0.35648142765879876,0.4118115791379131,1
71,50,0.6138098616714361,-0.05587419829364511,-0.04003243211603796,-0.0528426061647238,-0.03998506748419062,34,neutral,-0.5,0.20327413635404867,1,-1.668027899398188,-0.14161725565160888,0.4646547384365255,1
71,50,0.6138098616714361,-0.05587419829364511,-0.04003243211603796,-0.0528426061647238,-0.03998506748419062,35,neutral,-0.5,0.10974661130988755,34,1.1547885457372071,0.054135151986234704,0.5135304837717474,1
71,50,0.6138098616714361,-0.05587419829364511,-0.04003243211603796,-0.0528426061647238,-0.03998506748419062,36,neutral,-0.5,-0.11455850646691589,21,0.04276994613841508,-0.2841287271501465,0.42944185559163217,0
71,50,0.6138098616714361,-0.05587419829364511,-0.04003243211603796,-0.0528426061647238,-0.03998506748419062,37,neutral,-0.5,0.022093603635536613,24,0.2993896229689056,-0.12117844134932973,0.46974240635425196,0
71,50,0.6138098616714361,-0.05587419829364511,-0.04003243211603796,-0.0528426061647238,-0.03998506748419062,38,neutral,-0.5,-0.03248467960018497,14,-0.5560092997993961,-0.263417310246265,0.43452384397419996,0
71,50,0.6138098616714361,-0.05587419829364511,-0.04003243211603796,-0.0528426061647238,-0.03998506748419062,39,neutral,-0.5,-0.021721780340038743,4,-1.4114082225676976,-0.3403149966473323,0.4157329626426783,1
71,50,0.6138098616714361,-0.05587419829364511,-0.04003243211603796,-0.0528426061647238,-0.03998506748419062,40,neutral,-0.5,-0.04668537349067967,39,1.582488007121358,-0.058466539983725765,0.4853875272957594,0
72,56,1.012819522562944,0.4464473558538136,0.31948773308416484,0.4225877327492916,0.31918651573325435,1,fear,0.5,-0.08121017626445963,36,1.3258683302908676,0.09348481732950331,0.5233541983143222,1
72,56,1.012819522562944,0.4464473558538136,0.31948773308416484,0.4225877327492916,0.31918651573325435,2,fear,0.5,0.053067844990018875,17,-0.2993896229689056,-0.4758555915274588,0.3832312433441865,0
72,56,1.012819522562944,0.4464473558538136,0.31948773308416484,0.4225877327492916,0.31918651573325435,3,fear,0.5,-0.11676296957720594,7,-1.1547885457372071,-1.016011895627021,0.2658049625386129,0
72,56,1.012819522562944,0.4464473558538136,0.31948773308416484,0.4225877327492916,0.31918651573325435,4,fear,0.5,-0.11848507274328071,8,-1.0692486534603771,-0.980701449839862,0.2727526228530231,0
72,56,1.012819522562944,0.4464473558538136,0.31948773308416484,0.4225877327492916,0.31918651573325435,5,fear,0.5,-0.027683151933853067,37,1.4114082225676976,0.18404439061334354,0.5458816607820707,0
72,56,1.012819522562944,0.4464473558538136,0.31948773308416484,0.4225877327492916,0.31918651573325435,6,fear,0.5,0.06278918644554837,29,0.7270890843530564,-0.021743662633124744,0.4945642985007204,1
72,56,1.012819522562944,0.4464473558538136,0.31948773308416484,0.4225877327492916,0.31918651573325435,7,fear,0.5,-0.04999597070532241,16,-0.3849295152457357,-0.6159519561760338,0.35070267472437794,0
72,56,1.012819522562944,0.4464473558538136,0.31948773308416484,0.4225877327492916,0.31918651573325435,8,fear,0.5,0.01022656605323173,2,-1.582488007121358,-1.0741851047627518,0.2546080080210478,0
72,56,1.012819522562944,0.4464473558538136,0.31948773308416484,0.4225877327492916,0.31918651573325435,9,fear,0.5,0.07192665896287707,26,0.4704694075225659,-0.12370383697549728,0.46911341789969857,1
72,56,1.012819522562944,0.4464473558538136,0.31948773308416484,0.4225877327492916,0.31918651573325435,10,fear,0.5,-0.12515440144751105,32,0.9837087611835469,-0.09858960366648302,0.4753725439072009,0
72,56,1.012819522562944,0.4464473558538136,0.31948773308416484,0.4225877327492916,0.31918651573325435,11,fear,0.5,0.1274762977942073,4,-1.4114082225676976,-0.8828702751153088,0.2925833406715899,1
72,56,1.012819522562944,0.4464473558538136,0.31948773308416484,0.4225877327492916,0.31918651573325435,12,fear,0.5,0.19901381146458244,3,-1.4969481148445278,-0.8483653103981674,0.29977588336563915,0
72,56,1.012819522562944,0.4464473558538136,0.31948773308416484,0.4225877327492916,0.31918651573325435,13,fear,0.5,-0.07533295985117497,9,-0.9837087611835469,-0.9005167879945226,0.2889443088619192,0
72,56,1.012819522562944,0.4464473558538136,0.31948773308416484,0.4225877327492916,0.31918651573325435,14,fear,0.5,0.01703070109921553,33,1.0692486534603771,0.0806280478334773,0.5201460991893954,0
72,56,1.012819522562944,0.4464473558538136,0.31948773308416484,0.4225877327492916,0.31918651573325435,15,fear,0.5,0.02684780492684079,28,0.6415491920762262,-0.09471759310506608,0.4763382890129842,1
72,56,1.012819522562944,0.4464473558538136,0.31948773308416484,0.4225877327492916,0.31918651573325435,16,fear,0.5,0.20218327567498928,38,1.4969481148445278,0.4509433671754195,0.6108635045231445,1
72,56,1.012819522562944,0.4464473558538136,0.31948773308416484,0.4225877327492916,0.31918651573325435,17,fear,0.5,-0.1334771970566687,11,-0.8126289766298865,-0.8845959272935487,0.29222629595182126,1
72,56,1.012819522562944,0.4464473558538136,0.31948773308416484,0.4225877327492916,0.31918651573325435,18,fear,0.5,-0.019829893319496802,14,-0.5560092997993961,-0.6598509766966758,0.3407730883610153,0
72,56,1.012819522562944,0.4464473558538136,0.31948773308416484,0.4225877327492916,0.31918651573325435,19,fear,0.5,0.03493782098342581,35,1.2403284380140374,0.17260026562415498,0.5430432614733434,0
72,56,1.012819522562944,0.4464473558538136,0.31948773308416484,0.4225877327492916,0.31918651573325435,20,fear,0.5,0.050130844365563365,1,-1.668027899398188,-1.0713133754036541,0.25515339673457255,0
72,56,1.012819522562944,0.4464473558538136,0.31948773308416484,0.4225877327492916,0.31918651573325435,21,neutral,-0.5,-0.034648782698473574,30,0.8126289766298865,-0.09779120029653224,0.4755716644134466,0
72,56,1.012819522562944,0.4464473558538136,0.31948773308416484,0.4225877327492916,0.31918651573325435,22,neutral,-0.5,0.20511447081031445,18,-0.2138497306920754,-0.192972694089468,0.4519059795391646,0
72,56,1.012819522562944,0.4464473558538136,0.31948773308416484,0.4225877327492916,0.31918651573325435,23,neutral,-0.5,0.06768230030033125,10,-0.8981688689067168,-0.5537013628006004,0.3650060916502761,0
72,56,1.012819522562944,0.4464473558538136,0.31948773308416484,0.4225877327492916,0.31918651573325435,24,neutral,-0.5,-0.08847636608881047,21,0.04276994613841508,-0.402827344163162,0.4006332300107725,0
72,56,1.012819522562944,0.4464473558538136,0.31948773308416484,0.4225877327492916,0.31918651573325435,25,neutral,-0.5,-0.06387461728079331,19,-0.12830983841524524,-0.4340497199054321,0.39315971161637003,1
72,56,1.012819522562944,0.4464473558538136,0.31948773308416484,0.4225877327492916,0.31918651573325435,26,neutral,-0.5,0.020253570607942934,23,0.2138497306920754,-0.23827328291612132,0.44071191678806754,0
72,56,1.012819522562944,0.4464473558538136,0.31948773308416484,0.4225877327492916,0.31918651573325435,27,neutral,-0.5,-0.1657771424201549,6,-1.2403284380140374,-0.8988090546216612,0.28929529848855906,1
72,56,1.012819522562944,0.4464473558538136,0.31948773308416484,0.4225877327492916,0.31918651573325435,28,neutral,-0.5,0.03240578810212312,5,-1.3258683302908676,-0.7285381863745268,0.32551559429051125,0
72,56,1.012819522562944,0.4464473558538136,0.31948773308416484,0.4225877327492916,0.31918651573325435,29,neutral,-0.5,-0.06427368638861679,12,-0.7270890843530564,-0.6298332249392611,0.34754835450758115,1
72,56,1.012819522562944,0.4464473558538136,0.31948773308416484,0.4225877327492916,0.31918651573325435,30,neutral,-0.5,0.03388482847826553,22,0.12830983841524524,-0.25255408732094237,0.4371949513319527,1
72,56,1.012819522562944,0.4464473558538136,0.31948773308416484,0.4225877327492916,0.31918651573325435,31,neutral,-0.5,0.10063449276941816,24,0.2993896229689056,-0.12998029847950238,0.4675505982446846,1
72,56,1.012819522562944,0.4464473558538136,0.31948773308416484,0.4225877327492916,0.31918651573325435,32,neutral,-0.5,-0.16523159438711074,27,0.5560092997993961,-0.31211019881060037,0.4225997470200924,1
72,56,1.012819522562944,0.4464473558538136,0.31948773308416484,0.4225877327492916,0.31918651573325435,33,neutral,-0.5,-0.17814514840944695,20,-0.04276994613841508,-0.5204081887589421,0.37275679045773424,0
72,56,1.012819522562944,0.4464473558538136,0.31948773308416484,0.4225877327492916,0.31918651573325435,34,neutral,-0.5,0.20327413635404867,15,-0.4704694075225659,-0.2785492153711648,0.43080949106899086,1
72,56,1.012819522562944,0.4464473558538136,0.31948773308416484,0.4225877327492916,0.31918651573325435,35,neutral,-0.5,0.10974661130988755,31,0.8981688689067168,0.07451625598697256,0.5186204486897084,0
72,56,1.012819522562944,0.4464473558538136,0.31948773308416484,0.4225877327492916,0.31918651573325435,36,neutral,-0.5,-0.11455850646691589,39,1.582488007121358,0.0735076364113183,0.5183686387976119,0
72,56,1.012819522562944,0.4464473558538136,0.31948773308416484,0.4225877327492916,0.31918651573325435,37,neutral,-0.5,0.022093603635536613,34,1.1547885457372071,0.07059943513805247,0.5176425314497729,1
72,56,1.012819522562944,0.4464473558538136,0.31948773308416484,0.4225877327492916,0.31918651573325435,38,neutral,-0.5,-0.03248467960018497,13,-0.6415491920762262,-0.5701321558756858,0.3612063311317852,0
72,56,1.012819522562944,0.4464473558538136,0.31948773308416484,0.4225877327492916,0.31918651573325435,39,neutral,-0.5,-0.021721780340038743,40,1.668027899398188,0.19425642481333885,0.5484119641545253,0
72,56,1.012819522562944,0.4464473558538136,0.31948773308416484,0.4225877327492916,0.31918651573325435,40,neutral,-0.5,-0.04668537349067967,25,0.3849295152457357,-0.2493881024644566,0.43797411367837147,0
73,63,1.4783307936030365,0.49929858859602444,0.3571569557088245,0.4725350250396337,0.3569439927133707,1,fear,0.5,-0.08121017626445963,5,-1.3258683302908676,-1.2521570725400393,0.22232696260499973,1
73,63,1.4783307936030365,0.49929858859602444,0.3571569557088245,0.4725350250396337,0.3569439927133707,2,fear,0.5,0.053067844990018875,30,0.8126289766298865,-0.1607321788504788,0.4599032425610313,1
73,63,1.4783307936030365,0.49929858859602444,0.3571569557088245,0.4725350250396337,0.3569439927133707,3,fear,0.5,-0.11676296957720594,26,0.4704694075225659,-0.4837064930073167,0.3813772736955573,0
73,63,1.4783307936030365,0.49929858859602444,0.3571569557088245,0.4725350250396337,0.3569439927133707,4,fear,0.5,-0.11848507274328071,14,-0.5560092997993961,-0.9448590949422311,0.27991987380980715,0
73,63,1.4783307936030365,0.49929858859602444,0.3571569557088245,0.4725350250396337,0.3569439927133707,5,fear,0.5,-0.027683151933853067,21,0.04276994613841508,-0.5860560498509803,0.3575402903896436,0
73,63,1.4783307936030365,0.49929858859602444,0.3571569557088245,0.4725350250396337,0.3569439927133707,6,fear,0.5,0.06278918644554837,3,-1.4969481148445278,-1.1847294596248379,0.23420289262069394,0
73,63,1.4783307936030365,0.49929858859602444,0.3571569557088245,0.4725350250396337,0.3569439927133707,7,fear,0.5,-0.04999597070532241,4,-1.4114082225676976,-1.2592287418783052,0.22110668858218513,0
73,63,1.4783307936030365,0.49929858859602444,0.3571569557088245,0.4725350250396337,0.3569439927133707,8,fear,0.5,0.01022656605323173,35,1.2403284380140374,-0.012144083300249547,0.49696401648676936,0
73,63,1.4783307936030365,0.49929858859602444,0.3571569557088245,0.4725350250396337,0.3569439927133707,9,fear,0.5,0.07192665896287707,6,-1.2403284380140374,-1.0607343624152996,0.25716914209886366,0
73,63,1.4783307936030365,0.49929858859602444,0.3571569557088245,0.4725350250396337,0.3569439927133707,10,fear,0.5,-0.12515440144751105,10,-0.8981688689067168,-1.1046719232360744,0.2488655405922327,0
73,63,1.4783307936030365,0.49929858859602444,0.3571569557088245,0.4725350250396337,0.3569439927133707,11,fear,0.5,0.1274762977942073,24,0.2993896229689056,-0.31603897543071013,0.421641382037048,1
73,63,1.4783307936030365,0.49929858859602444,0.3571569557088245,0.4725350250396337,0.3569439927133707,12,fear,0.5,0.19901381146458244,19,-0.12830983841524524,-0.43593083624735124,0.3927109955013804,0
73,63,1.4783307936030365,0.49929858859602444,0.3571569557088245,0.4725350250396337,0.3569439927133707,13,fear,0.5,-0.07533295985117497,12,-0.7270890843530564,-0.9782787318449317,0.273233454363989,0
73,63,1.4783307936030365,0.49929858859602444,0.3571569557088245,0.4725350250396337,0.3569439927133707,14,fear,0.5,0.01703070109921553,33,1.0692486534603771,-0.08191169804907228,0.4795335175750796,1
73,63,1.4783307936030365,0.49929858859602444,0.3571569557088245,0.4725350250396337,0.3569439927133707,15,fear,0.5,0.02684780492684079,27,0.5560092997993961,-0.30180984360586677,0.4251151115971974,1
73,63,1.4783307936030365,0.49929858859602444,0.3571569557088245,0.4725350250396337,0.3569439927133707,16,fear,0.5,0.20218327567498928,25,0.3849295152457357,-0.20304612265252486,0.4494121518663231,0
73,63,1.4783307936030365,0.49929858859602444,0.3571569557088245,0.4725350250396337,0.3569439927133707,17,fear,0.5,-0.1334771970566687,18,-0.2138497306920754,-0.8067077196660056,0.3085925040517426,0
73,63,1.4783307936030365,0.49929858859602444,0.3571569557088245,0.4725350250396337,0.3569439927133707,18,fear,0.5,-0.019829893319496802,22,0.12830983841524524,-0.5399169163392207,0.36820690985256405,0
73,63,1.4783307936030365,0.49929858859602444,0.3571569557088245,0.4725350250396337,0.3569439927133707,19,fear,0.5,0.03493782098342581,31,0.8981688689067168,-0.14057632795966848,0.4649136794450818,1
73,63,1.4783307936030365,0.49929858859602444,0.3571569557088245,0.4725350250396337,0.3569439927133707,20,fear,0.5,0.050130844365563365,8,-1.0692486534603771,-1.0059584272178064,0.26777153756932603,0
73,63,1.4783307936030365,0.49929858859602444,0.3571569557088245,0.4725350250396337,0.3569439927133707,21,neutral,-0.5,-0.034648782698473574,13,-0.6415491920762262,-1.0781118486665027,0.25386349804498665,0
73,63,1.4783307936030365,0.49929858859602444,0.3571569557088245,0.4725350250396337,0.3569439927133707,22,neutral,-0.5,0.20511447081031445,28,0.6415491920762262,-0.3298549776356179,0.41827590975171486,1
73,63,1.4783307936030365,0.49929858859602444,0.3571569557088245,0.4725350250396337,0.3569439927133707,23,neutral,-0.5,0.06768230030033125,36,1.3258683302908676,-0.19609055213381602,0.45113384314985083,0
73,63,1.4783307936030365,0.49929858859602444,0.3571569557088245,0.4725350250396337,0.3569439927133707,24,neutral,-0.5,-0.08847636608881047,2,-1.582488007121358,-1.5048347515730438,0.18170554461655464,0
73,63,1.4783307936030365,0.49929858859602444,0.3571569557088245,0.4725350250396337,0.3569439927133707,25,neutral,-0.5,-0.06387461728079331,17,-0.2993896229689056,-0.9717393852429299,0.2745339416258586,0
73,63,1.4783307936030365,0.49929858859602444,0.3571569557088245,0.4725350250396337,0.3569439927133707,26,neutral,-0.5,0.020253570607942934,11,-0.8126289766298865,-1.0910086443630325,0.2514283916708365,0
73,63,1.4783307936030365,0.49929858859602444,0.3571569557088245,0.4725350250396337,0.3569439927133707,27,neutral,-0.5,-0.1657771424201549,38,1.4969481148445278,-0.3617508458513561,0.4105358017040779,0
73,63,1.4783307936030365,0.49929858859602444,0.3571569557088245,0.4725350250396337,0.3569439927133707,28,neutral,-0.5,0.03240578810212312,32,0.9837087611835469,-0.3669653623379167,0.4092745000236221,0
73,63,1.4783307936030365,0.49929858859602444,0.3571569557088245,0.4725350250396337,0.3569439927133707,29,neutral,-0.5,-0.06427368638861679,15,-0.4704694075225659,-1.0399376033536998,0.26116203357017537,0
73,63,1.4783307936030365,0.49929858859602444,0.3571569557088245,0.4725350250396337,0.3569439927133707,30,neutral,-0.5,0.03388482847826553,29,0.7270890843530564,-0.4671850454661936,0.3852827216269251,0
73,63,1.4783307936030365,0.49929858859602444,0.3571569557088245,0.4725350250396337,0.3569439927133707,31,neutral,-0.5,0.10063449276941816,16,-0.3849295152457357,-0.8411298496941916,0.30129687796539284,0
73,63,1.4783307936030365,0.49929858859602444,0.3571569557088245,0.4725350250396337,0.3569439927133707,32,neutral,-0.5,-0.16523159438711074,39,1.582488007121358,-0.3273057233168387,0.41889632622179956,0
73,63,1.4783307936030365,0.49929858859602444,0.3571569557088245,0.4725350250396337,0.3569439927133707,33,neutral,-0.5,-0.17814514840944695,1,-1.668027899398188,-1.6284031083951536,0.16404923681443098,0
73,63,1.4783307936030365,0.49929858859602444,0.3571569557088245,0.4725350250396337,0.3569439927133707,34,neutral,-0.5,0.20327413635404867,7,-1.1547885457372071,-1.0435863766228193,0.2604585931262221,1
73,63,1.4783307936030365,0.49929858859602444,0.3571569557088245,0.4725350250396337,0.3569439927133707,35,neutral,-0.5,0.10974661130988755,23,0.2138497306920754,-0.5947207096434103,0.35555243888015947,1
73,63,1.4783307936030365,0.49929858859602444,0.3571569557088245,0.4725350250396337,0.3569439927133707,36,neutral,-0.5,-0.11455850646691589,20,-0.04276994613841508,-0.9207245509246332,0.28481028505924844,0
73,63,1.4783307936030365,0.49929858859602444,0.3571569557088245,0.4725350250396337,0.3569439927133707,37,neutral,-0.5,0.022093603635536613,40,1.668027899398188,-0.10608095079271823,0.4735046040717859,1
73,63,1.4783307936030365,0.49929858859602444,0.3571569557088245,0.4725350250396337,0.3569439927133707,38,neutral,-0.5,-0.03248467960018497,37,1.4114082225676976,-0.2623579575328593,0.4347841586046113,0
73,63,1.4783307936030365,0.49929858859602444,0.3571569557088245,0.4725350250396337,0.3569439927133707,39,neutral,-0.5,-0.021721780340038743,9,-0.9837087611835469,-1.2007831443139603,0.23133592877974793,1
73,63,1.4783307936030365,0.49929858859602444,0.3571569557088245,0.4725350250396337,0.3569439927133707,40,neutral,-0.5,-0.04668537349067967,34,1.1547885457372071,-0.3782573749277732,0.4065472657037943,0
74,20,-1.3812384427861033,0.33257156200649474,0.23795010767636451,0.3148852380413876,0.2378899208892159,1,fear,0.5,-0.08121017626445963,11,-0.8126289766298865,0.24087447597345968,0.5599291388579692,1
74,20,-1.3812384427861033,0.33257156200649474,0.23795010767636451,0.3148852380413876,0.2378899208892159,2,fear,0.5,0.053067844990018875,13,-0.6415491920762262,0.46517579666406994,0.6142412984440668,0
74,20,-1.3812384427861033,0.33257156200649474,0.23795010767636451,0.3148852380413876,0.2378899208892159,3,fear,0.5,-0.11676296957720594,28,0.6415491920762262,0.9705197278678332,0.7252230784568411,1
74,20,-1.3812384427861033,0.33257156200649474,0.23795010767636451,0.3148852380413876,0.2378899208892159,4,fear,0.5,-0.11848507274328071,37,1.4114082225676976,1.3739024721643516,0.7980099249966582,1
74,20,-1.3812384427861033,0.33257156200649474,0.23795010767636451,0.3148852380413876,0.2378899208892159,5,fear,0.5,-0.027683151933853067,20,-0.04276994613841508,0.6995063477666594,0.6680783140274265,1
74,20,-1.3812384427861033,0.33257156200649474,0.23795010767636451,0.3148852380413876,0.2378899208892159,6,fear,0.5,0.06278918644554837,10,-0.8981688689067168,0.33986218896540166,0.5841570465991034,1
74,20,-1.3812384427861033,0.33257156200649474,0.23795010767636451,0.3148852380413876,0.2378899208892159,7,fear,0.5,-0.04999597070532241,31,0.8981688689067168,1.1723216758939146,0.7635644131442081,1
74,20,-1.3812384427861033,0.33257156200649474,0.23795010767636451,0.3148852380413876,0.2378899208892159,8,fear,0.5,0.01022656605323173,19,-0.12830983841524524,0.6924044160356781,0.6665015874552553,0
74,20,-1.3812384427861033,0.33257156200649474,0.23795010767636451,0.3148852380413876,0.2378899208892159,9,fear,0.5,0.07192665896287707,21,0.04276994613841508,0.844127808381455,0.6993338673015768,1
74,20,-1.3812384427861033,0.33257156200649474,0.23795010767636451,0.3148852380413876,0.2378899208892159,10,fear,0.5,-0.12515440144751105,24,0.2993896229689056,0.7820816971252648,0.6861285938170278,0
74,20,-1.3812384427861033,0.33257156200649474,0.23795010767636451,0.3148852380413876,0.2378899208892159,11,fear,0.5,0.1274762977942073,25,0.3849295152457357,1.0797240460850492,0.7464417580690822,1
74,20,-1.3812384427861033,0.33257156200649474,0.23795010767636451,0.3148852380413876,0.2378899208892159,12,fear,0.5,0.19901381146458244,23,0.2138497306920754,1.0612382603192922,0.7429271073380289,0
74,20,-1.3812384427861033,0.33257156200649474,0.23795010767636451,0.3148852380413876,0.2378899208892159,13,fear,0.5,-0.07533295985117497,9,-0.9837087611835469,0.15672839295061228,0.5391020896965482,1
74,20,-1.3812384427861033,0.33257156200649474,0.23795010767636451,0.3148852380413876,0.2378899208892159,14,fear,0.5,0.01703070109921553,3,-1.4969481148445278,-0.020977844407392282,0.4947557312171691,0
74,20,-1.3812384427861033,0.33257156200649474,0.23795010767636451,0.3148852380413876,0.2378899208892159,15,fear,0.5,0.02684780492684079,15,-0.4704694075225659,0.5289790560370236,0.6292449615352168,0
74,20,-1.3812384427861033,0.33257156200649474,0.23795010767636451,0.3148852380413876,0.2378899208892159,16,fear,0.5,0.20218327567498928,32,0.9837087611835469,1.4695125719922923,0.8129832880709565,1
74,20,-1.3812384427861033,0.33257156200649474,0.23795010767636451,0.3148852380413876,0.2378899208892159,17,fear,0.5,-0.1334771970566687,35,1.2403284380140374,1.2688870484148322,0.7805521694267175,0
74,20,-1.3812384427861033,0.33257156200649474,0.23795010767636451,0.3148852380413876,0.2378899208892159,18,fear,0.5,-0.019829893319496802,18,-0.2138497306920754,0.6173363069448837,0.6496124910277498,0
74,20,-1.3812384427861033,0.33257156200649474,0.23795010767636451,0.3148852380413876,0.2378899208892159,19,fear,0.5,0.03493782098342581,17,-0.2993896229689056,0.6270923715297406,0.6518298742797307,1
74,20,-1.3812384427861033,0.33257156200649474,0.23795010767636451,0.3148852380413876,0.2378899208892159,20,fear,0.5,0.050130844365563365,8,-1.0692486534603771,0.23718054744928493,0.5590187229703021,1
74,20,-1.3812384427861033,0.33257156200649474,0.23795010767636451,0.3148852380413876,0.2378899208892159,21,neutral,-0.5,-0.034648782698473574,12,-0.7270890843530564,2.074734455449524,0.8884231397740062,1
74,20,-1.3812384427861033,0.33257156200649474,0.23795010767636451,0.3148852380413876,0.2378899208892159,22,neutral,-0.5,0.20511447081031445,5,-1.3258683302908676,2.3012832985650786,0.9089832654638097,1
74,20,-1.3812384427861033,0.33257156200649474,0.23795010767636451,0.3148852380413876,0.2378899208892159,23,neutral,-0.5,0.06768230030033125,7,-1.1547885457372071,2.1676266738817334,0.8973044726848861,1
74,20,-1.3812384427861033,0.33257156200649474,0.23795010767636451,0.3148852380413876,0.2378899208892159,24,neutral,-0.5,-0.08847636608881047,6,-1.2403284380140374,2.009580234579273,0.8817992773412618,1
74,20,-1.3812384427861033,0.33257156200649474,0.23795010767636451,0.3148852380413876,0.2378899208892159,25,neutral,-0.5,-0.06387461728079331,26,0.4704694075225659,2.071937441653671,0.8881455775186992,1
74,20,-1.3812384427861033,0.33257156200649474,0.23795010767636451,0.3148852380413876,0.2378899208892159,26,neutral,-0.5,0.020253570607942934,22,0.12830983841524524,2.1485145378891306,0.8955298844546488,1
74,20,-1.3812384427861033,0.33257156200649474,0.23795010767636451,0.3148852380413876,0.2378899208892159,27,neutral,-0.5,-0.1657771424201549,27,0.5560092997993961,1.971922689427628,0.877817479063426,1
74,20,-1.3812384427861033,0.33257156200649474,0.23795010767636451,0.3148852380413876,0.2378899208892159,28,neutral,-0.5,0.03240578810212312,38,1.4969481148445278,2.190871121996416,0.8994267340599873,1
74,20,-1.3812384427861033,0.33257156200649474,0.23795010767636451,0.3148852380413876,0.2378899208892159,29,neutral,-0.5,-0.06427368638861679,39,1.582488007121358,2.0960794204189948,0.8905215348232369,1
74,20,-1.3812384427861033,0.33257156200649474,0.23795010767636451,0.3148852380413876,0.2378899208892159,30,neutral,-0.5,0.03388482847826553,36,1.3258683302908676,2.1885746165459197,0.8992188054789427,0
74,20,-1.3812384427861033,0.33257156200649474,0.23795010767636451,0.3148852380413876,0.2378899208892159,31,neutral,-0.5,0.10063449276941816,1,-1.668027899398188,2.189252228870906,0.8992801970425732,1
74,20,-1.3812384427861033,0.33257156200649474,0.23795010767636451,0.3148852380413876,0.2378899208892159,32,neutral,-0.5,-0.16523159438711074,2,-1.582488007121358,1.9252739146276965,0.8727253903128829,1
74,20,-1.3812384427861033,0.33257156200649474,0.23795010767636451,0.3148852380413876,0.2378899208892159,33,neutral,-0.5,-0.17814514840944695,4,-1.4114082225676976,1.9161359064319983,0.8717069170939624,1
74,20,-1.3812384427861033,0.33257156200649474,0.23795010767636451,0.3148852380413876,0.2378899208892159,34,neutral,-0.5,0.20327413635404867,16,-0.3849295152457357,2.320208466155323,0.9105369236549198,1
74,20,-1.3812384427861033,0.33257156200649474,0.23795010767636451,0.3148852380413876,0.2378899208892159,35,neutral,-0.5,0.10974661130988755,29,0.7270890843530564,2.2512219889843084,0.9047558892503369,1
74,20,-1.3812384427861033,0.33257156200649474,0.23795010767636451,0.3148852380413876,0.2378899208892159,36,neutral,-0.5,-0.11455850646691589,33,1.0692486534603771,2.0344679628607816,0.8843687599824541,1
74,20,-1.3812384427861033,0.33257156200649474,0.23795010767636451,0.3148852380413876,0.2378899208892159,37,neutral,-0.5,0.022093603635536613,14,-0.5560092997993961,2.1352523876101723,0.8942826048380491,1
74,20,-1.3812384427861033,0.33257156200649474,0.23795010767636451,0.3148852380413876,0.2378899208892159,38,neutral,-0.5,-0.03248467960018497,40,1.668027899398188,2.129756200120746,0.8937618613592557,0
74,20,-1.3812384427861033,0.33257156200649474,0.23795010767636451,0.3148852380413876,0.2378899208892159,39,neutral,-0.5,-0.021721780340038743,30,0.8126289766298865,2.1216413702477013,0.8929888796322906,1
74,20,-1.3812384427861033,0.33257156200649474,0.23795010767636451,0.3148852380413876,0.2378899208892159,40,neutral,-0.5,-0.04668537349067967,34,1.1547885457372071,2.1042288687503365,0.8913135235107853,1
75,47,0.41430503122568213,-0.39016160983573606,-0.2790945882002625,-0.3691750245184589,-0.27893551176232567,1,fear,0.5,-0.08121017626445963,9,-0.9837087611835469,-0.979670520800668,0.27295716442548096,1
75,47,0.41430503122568213,-0.39016160983573606,-0.2790945882002625,-0.3691750245184589,-0.27893551176232567,2,fear,0.5,0.053067844990018875,11,-0.8126289766298865,-0.9156805942823428,0.2858388198683672,1
75,47,0.41430503122568213,-0.39016160983573606,-0.2790945882002625,-0.3691750245184589,-0.27893551176232567,3,fear,0.5,-0.11676296957720594,2,-1.582488007121358,-0.7692149825368773,0.3166489457648984,1
75,47,0.41430503122568213,-0.39016160983573606,-0.2790945882002625,-0.3691750245184589,-0.27893551176232567,4,fear,0.5,-0.11848507274328071,38,1.4969481148445278,-2.036122790953714,0.11546212381797392,0
75,47,0.41430503122568213,-0.39016160983573606,-0.2790945882002625,-0.3691750245184589,-0.27893551176232567,5,fear,0.5,-0.027683151933853067,35,1.2403284380140374,-1.839888728040056,0.13706445304533924,0
75,47,0.41430503122568213,-0.39016160983573606,-0.2790945882002625,-0.3691750245184589,-0.27893551176232567,6,fear,0.5,0.06278918644554837,18,-0.2138497306920754,-1.1519675844033503,0.2401298792528375,0
75,47,0.41430503122568213,-0.39016160983573606,-0.2790945882002625,-0.3691750245184589,-0.27893551176232567,7,fear,0.5,-0.04999597070532241,33,1.0692486534603771,-1.791913452075372,0.14283828885150632,0
75,47,0.41430503122568213,-0.39016160983573606,-0.2790945882002625,-0.3691750245184589,-0.27893551176232567,8,fear,0.5,0.01022656605323173,10,-0.8981688689067168,-0.9233778258510533,0.28427013922113176,0
75,47,0.41430503122568213,-0.39016160983573606,-0.2790945882002625,-0.3691750245184589,-0.27893551176232567,9,fear,0.5,0.07192665896287707,24,0.2993896229689056,-1.3536943960944818,0.20526703953816963,0
75,47,0.41430503122568213,-0.39016160983573606,-0.2790945882002625,-0.3691750245184589,-0.27893551176232567,10,fear,0.5,-0.12515440144751105,27,0.5560092997993961,-1.6562075986091005,0.16027173882439472,0
75,47,0.41430503122568213,-0.39016160983573606,-0.2790945882002625,-0.3691750245184589,-0.27893551176232567,11,fear,0.5,0.1274762977942073,23,0.2138497306920754,-1.2630007098950753,0.2204577692470338,0
75,47,0.41430503122568213,-0.39016160983573606,-0.2790945882002625,-0.3691750245184589,-0.27893551176232567,12,fear,0.5,0.19901381146458244,16,-0.3849295152457357,-0.9454548646481632,0.2797998033919223,1
75,47,0.41430503122568213,-0.39016160983573606,-0.2790945882002625,-0.3691750245184589,-0.27893551176232567,13,fear,0.5,-0.07533295985117497,36,1.3258683302908676,-1.9226825833254548,0.12756272195504767,0
75,47,0.41430503122568213,-0.39016160983573606,-0.2790945882002625,-0.3691750245184589,-0.27893551176232567,14,fear,0.5,0.01703070109921553,21,0.04276994613841508,-1.3031582118539136,0.2136339749017262,0
75,47,0.41430503122568213,-0.39016160983573606,-0.2790945882002625,-0.3691750245184589,-0.27893551176232567,15,fear,0.5,0.02684780492684079,15,-0.4704694075225659,-1.082476823817828,0.2530375869753842,0
75,47,0.41430503122568213,-0.39016160983573606,-0.2790945882002625,-0.3691750245184589,-0.27893551176232567,16,fear,0.5,0.20218327567498928,4,-1.4114082225676976,-0.5205568320208358,0.3727220369580813,0
75,47,0.41430503122568213,-0.39016160983573606,-0.2790945882002625,-0.3691750245184589,-0.27893551176232567,17,fear,0.5,-0.1334771970566687,19,-0.12830983841524524,-1.3833780152736443,0.2004670236050989,0
75,47,0.41430503122568213,-0.39016160983573606,-0.2790945882002625,-0.3691750245184589,-0.27893551176232567,18,fear,0.5,-0.019829893319496802,32,0.9837087611835469,-1.7266033273214698,0.15102256725309415,0
75,47,0.41430503122568213,-0.39016160983573606,-0.2790945882002625,-0.3691750245184589,-0.27893551176232567,19,fear,0.5,0.03493782098342581,3,-1.4969481148445278,-0.6526582393443222,0.34239075943072345,0
75,47,0.41430503122568213,-0.39016160983573606,-0.2790945882002625,-0.3691750245184589,-0.27893551176232567,20,fear,0.5,0.050130844365563365,28,0.6415491920762262,-1.5160664001641024,0.18004149249842502,0
75,47,0.41430503122568213,-0.39016160983573606,-0.2790945882002625,-0.3691750245184589,-0.27893551176232567,21,neutral,-0.5,-0.034648782698473574,34,1.1547885457372071,-0.22034144219098756,0.4451364305108824,1
75,47,0.41430503122568213,-0.39016160983573606,-0.2790945882002625,-0.3691750245184589,-0.27893551176232567,22,neutral,-0.5,0.20511447081031445,17,-0.2993896229689056,0.07621223688770412,0.519043842410284,1
75,47,0.41430503122568213,-0.39016160983573606,-0.2790945882002625,-0.3691750245184589,-0.27893551176232567,23,neutral,-0.5,0.06768230030033125,12,-0.7270890843530564,-0.04451686727818982,0.48887262076144195,1
75,47,0.41430503122568213,-0.39016160983573606,-0.2790945882002625,-0.3691750245184589,-0.27893551176232567,24,neutral,-0.5,-0.08847636608881047,20,-0.04276994613841508,-0.22740043981787442,0.4433936109657557,1
75,47,0.41430503122568213,-0.39016160983573606,-0.2790945882002625,-0.3691750245184589,-0.27893551176232567,25,neutral,-0.5,-0.06387461728079331,26,0.4704694075225659,-0.22284237062276446,0.4445188112910338,1
75,47,0.41430503122568213,-0.39016160983573606,-0.2790945882002625,-0.3691750245184589,-0.27893551176232567,26,neutral,-0.5,0.020253570607942934,31,0.8981688689067168,-0.15541724907811746,0.4612237082239326,0
75,47,0.41430503122568213,-0.39016160983573606,-0.2790945882002625,-0.3691750245184589,-0.27893551176232567,27,neutral,-0.5,-0.1657771424201549,40,1.668027899398188,-0.37151348152557595,0.4081753617574191,0
75,47,0.41430503122568213,-0.39016160983573606,-0.2790945882002625,-0.3691750245184589,-0.27893551176232567,28,neutral,-0.5,0.03240578810212312,5,-1.3258683302908676,-0.056409086594673016,0.4859014665966291,1
75,47,0.41430503122568213,-0.39016160983573606,-0.2790945882002625,-0.3691750245184589,-0.27893551176232567,29,neutral,-0.5,-0.06427368638861679,37,1.4114082225676976,-0.2599881856875843,0.4353666124188647,1
75,47,0.41430503122568213,-0.39016160983573606,-0.2790945882002625,-0.3691750245184589,-0.27893551176232567,30,neutral,-0.5,0.03388482847826553,30,0.8126289766298865,-0.13844537793897707,0.4654438330819498,0
75,47,0.41430503122568213,-0.39016160983573606,-0.2790945882002625,-0.3691750245184589,-0.27893551176232567,31,neutral,-0.5,0.10063449276941816,39,1.582488007121358,-0.10176123306718503,0.47458162262823234,1
75,47,0.41430503122568213,-0.39016160983573606,-0.2790945882002625,-0.3691750245184589,-0.27893551176232567,32,neutral,-0.5,-0.16523159438711074,29,0.7270890843530564,-0.3342211875355353,0.4172138990756077,0
75,47,0.41430503122568213,-0.39016160983573606,-0.2790945882002625,-0.3691750245184589,-0.27893551176232567,33,neutral,-0.5,-0.17814514840944695,25,0.3849295152457357,-0.33377228848260027,0.41732305134644626,1
75,47,0.41430503122568213,-0.39016160983573606,-0.2790945882002625,-0.3691750245184589,-0.27893551176232567,34,neutral,-0.5,0.20327413635404867,8,-1.0692486534603771,0.10443742185079903,0.5260856497093666,1
75,47,0.41430503122568213,-0.39016160983573606,-0.2790945882002625,-0.3691750245184589,-0.27893551176232567,35,neutral,-0.5,0.10974661130988755,13,-0.6415491920762262,-0.005793169537451383,0.4985517116661128,0
75,47,0.41430503122568213,-0.39016160983573606,-0.2790945882002625,-0.3691750245184589,-0.27893551176232567,36,neutral,-0.5,-0.11455850646691589,22,0.12830983841524524,-0.26016380673361544,0.435323441299995,0
75,47,0.41430503122568213,-0.39016160983573606,-0.2790945882002625,-0.3691750245184589,-0.27893551176232567,37,neutral,-0.5,0.022093603635536613,6,-1.2403284380140374,-0.07006188433007732,0.48249169020443267,0
75,47,0.41430503122568213,-0.39016160983573606,-0.2790945882002625,-0.3691750245184589,-0.27893551176232567,38,neutral,-0.5,-0.03248467960018497,7,-1.1547885457372071,-0.12798078083461684,0.46804840436983464,1
75,47,0.41430503122568213,-0.39016160983573606,-0.2790945882002625,-0.3691750245184589,-0.27893551176232567,39,neutral,-0.5,-0.021721780340038743,14,-0.5560092997993961,-0.14060217445619552,0.46490724964510804,1
75,47,0.41430503122568213,-0.39016160983573606,-0.2790945882002625,-0.3691750245184589,-0.27893551176232567,40,neutral,-0.5,-0.04668537349067967,1,-1.668027899398188,-0.12213779511220427,0.4695034531775801,1
76,28,-0.8492255615974261,0.012079041720373029,0.008609864887143501,0.011382339765432473,0.008619859594319804,1,fear,0.5,-0.08121017626445963,16,-0.3849295152457357,-0.14808122281214603,0.46304719487363216,1
76,28,-0.8492255615974261,0.012079041720373029,0.008609864887143501,0.011382339765432473,0.008619859594319804,2,fear,0.5,0.053067844990018875,30,0.8126289766298865,0.1470888958670083,0.5367060693948876,1
76,28,-0.8492255615974261,0.012079041720373029,0.008609864887143501,0.011382339765432473,0.008619859594319804,3,fear,0.5,-0.11676296957720594,38,1.4969481148445278,0.06919642268531252,0.517292206422702,1
76,28,-0.8492255615974261,0.012079041720373029,0.008609864887143501,0.011382339765432473,0.008619859594319804,4,fear,0.5,-0.11848507274328071,28,0.6415491920762262,-0.04744860721267352,0.4881400732039495,1
76,28,-0.8492255615974261,0.012079041720373029,0.008609864887143501,0.011382339765432473,0.008619859594319804,5,fear,0.5,-0.027683151933853067,20,-0.04276994613841508,-0.048585027788775006,0.4878561317638971,0
76,28,-0.8492255615974261,0.012079041720373029,0.008609864887143501,0.011382339765432473,0.008619859594319804,6,fear,0.5,0.06278918644554837,29,0.7270890843530564,0.14531794464934666,0.5362656891442986,0
76,28,-0.8492255615974261,0.012079041720373029,0.008609864887143501,0.011382339765432473,0.008619859594319804,7,fear,0.5,-0.04999597070532241,13,-0.6415491920762262,-0.15134389527258224,0.46223608048121734,0
76,28,-0.8492255615974261,0.012079041720373029,0.008609864887143501,0.011382339765432473,0.008619859594319804,8,fear,0.5,0.01022656605323173,24,0.2993896229689056,0.035293860891074356,0.5088225494195263,0
76,28,-0.8492255615974261,0.012079041720373029,0.008609864887143501,0.011382339765432473,0.008619859594319804,9,fear,0.5,0.07192665896287707,26,0.4704694075225659,0.11997853914710198,0.5299587058164162,1
76,28,-0.8492255615974261,0.012079041720373029,0.008609864887143501,0.011382339765432473,0.008619859594319804,10,fear,0.5,-0.12515440144751105,1,-1.668027899398188,-0.36440983809306443,0.4098924892126697,0
76,28,-0.8492255615974261,0.012079041720373029,0.008609864887143501,0.011382339765432473,0.008619859594319804,11,fear,0.5,0.1274762977942073,40,1.668027899398188,0.336420275403108,0.5833207038159153,0
76,28,-0.8492255615974261,0.012079041720373029,0.008609864887143501,0.011382339765432473,0.008619859594319804,12,fear,0.5,0.19901381146458244,22,0.12830983841524524,0.2010965209560427,0.5501053895642675,0
76,28,-0.8492255615974261,0.012079041720373029,0.008609864887143501,0.011382339765432473,0.008619859594319804,13,fear,0.5,-0.07533295985117497,17,-0.2993896229689056,-0.13071171372567023,0.46736851891641323,0
76,28,-0.8492255615974261,0.012079041720373029,0.008609864887143501,0.011382339765432473,0.008619859594319804,14,fear,0.5,0.01703070109921553,7,-1.1547885457372071,-0.15327097950719107,0.4617570926698475,0
76,28,-0.8492255615974261,0.012079041720373029,0.008609864887143501,0.011382339765432473,0.008619859594319804,15,fear,0.5,0.02684780492684079,31,0.8981688689067168,0.1323611484770213,0.5330420612389916,1
76,28,-0.8492255615974261,0.012079041720373029,0.008609864887143501,0.011382339765432473,0.008619859594319804,16,fear,0.5,0.20218327567498928,23,0.2138497306920754,0.21575827783964077,0.5537312910495623,1
76,28,-0.8492255615974261,0.012079041720373029,0.008609864887143501,0.011382339765432473,0.008619859594319804,17,fear,0.5,-0.1334771970566687,37,1.4114082225676976,0.040989902532658634,0.510246041080631,0
76,28,-0.8492255615974261,0.012079041720373029,0.008609864887143501,0.011382339765432473,0.008619859594319804,18,fear,0.5,-0.019829893319496802,8,-1.0692486534603771,-0.1786392812527124,0.4554585672249907,1
76,28,-0.8492255615974261,0.012079041720373029,0.008609864887143501,0.011382339765432473,0.008619859594319804,19,fear,0.5,0.03493782098342581,12,-0.7270890843530564,-0.07790239625702515,0.480534244394604,1
76,28,-0.8492255615974261,0.012079041720373029,0.008609864887143501,0.011382339765432473,0.008619859594319804,20,fear,0.5,0.050130844365563365,32,0.9837087611835469,0.16713648058893504,0.5416871225293868,0
76,28,-0.8492255615974261,0.012079041720373029,0.008609864887143501,0.011382339765432473,0.008619859594319804,21,neutral,-0.5,-0.034648782698473574,6,-1.2403284380140374,1.4057395805291377,0.8030930938768661,1
76,28,-0.8492255615974261,0.012079041720373029,0.008609864887143501,0.011382339765432473,0.008619859594319804,22,neutral,-0.5,0.20511447081031445,3,-1.4969481148445278,1.6542573826681304,0.8394656180022874,1
76,28,-0.8492255615974261,0.012079041720373029,0.008609864887143501,0.011382339765432473,0.008619859594319804,23,neutral,-0.5,0.06768230030033125,10,-0.8981688689067168,1.4963979320210028,0.8170366258556376,1
76,28,-0.8492255615974261,0.012079041720373029,0.008609864887143501,0.011382339765432473,0.008619859594319804,24,neutral,-0.5,-0.08847636608881047,5,-1.3258683302908676,1.3548301800155358,0.7949181816886426,1
76,28,-0.8492255615974261,0.012079041720373029,0.008609864887143501,0.011382339765432473,0.008619859594319804,25,neutral,-0.5,-0.06387461728079331,18,-0.2138497306920754,1.3414955514259983,0.7927357767427525,0
76,28,-0.8492255615974261,0.012079041720373029,0.008609864887143501,0.011382339765432473,0.008619859594319804,26,neutral,-0.5,0.020253570607942934,21,0.04276994613841508,1.4168691906845297,0.8048471350379466,0
76,28,-0.8492255615974261,0.012079041720373029,0.008609864887143501,0.011382339765432473,0.008619859594319804,27,neutral,-0.5,-0.1657771424201549,27,0.5560092997993961,1.2133293803960221,0.7708875143369639,1
76,28,-0.8492255615974261,0.012079041720373029,0.008609864887143501,0.011382339765432473,0.008619859594319804,28,neutral,-0.5,0.03240578810212312,39,1.582488007121358,1.3764941163974804,0.7984273497241975,1
76,28,-0.8492255615974261,0.012079041720373029,0.008609864887143501,0.011382339765432473,0.008619859594319804,29,neutral,-0.5,-0.06427368638861679,33,1.0692486534603771,1.2973237391671504,0.7853842281824084,1
76,28,-0.8492255615974261,0.012079041720373029,0.008609864887143501,0.011382339765432473,0.008619859594319804,30,neutral,-0.5,0.03388482847826553,19,-0.12830983841524524,1.4363368143083222,0.8078867450939622,1
76,28,-0.8492255615974261,0.012079041720373029,0.008609864887143501,0.011382339765432473,0.008619859594319804,31,neutral,-0.5,0.10063449276941816,35,1.2403284380140374,1.4563955525717156,0.8109807648065575,0
76,28,-0.8492255615974261,0.012079041720373029,0.008609864887143501,0.011382339765432473,0.008619859594319804,32,neutral,-0.5,-0.16523159438711074,34,1.1547885457372071,1.1934476482919216,0.7673571062429444,1
76,28,-0.8492255615974261,0.012079041720373029,0.008609864887143501,0.011382339765432473,0.008619859594319804,33,neutral,-0.5,-0.17814514840944695,11,-0.8126289766298865,1.2476523004344897,0.7768931985841008,1
76,28,-0.8492255615974261,0.012079041720373029,0.008609864887143501,0.011382339765432473,0.008619859594319804,34,neutral,-0.5,0.20327413635404867,2,-1.582488007121358,1.6553352310885998,0.839610819048474,1
76,28,-0.8492255615974261,0.012079041720373029,0.008609864887143501,0.011382339765432473,0.008619859594319804,35,neutral,-0.5,0.10974661130988755,25,0.3849295152457357,1.4946894998795346,0.8167810977902391,1
76,28,-0.8492255615974261,0.012079041720373029,0.008609864887143501,0.011382339765432473,0.008619859594319804,36,neutral,-0.5,-0.11455850646691589,4,-1.4114082225676976,1.331666222514165,0.7911161139651194,1
76,28,-0.8492255615974261,0.012079041720373029,0.008609864887143501,0.011382339765432473,0.008619859594319804,37,neutral,-0.5,0.022093603635536613,36,1.3258683302908676,1.3749364805610989,0.7981765455395171,1
76,28,-0.8492255615974261,0.012079041720373029,0.008609864887143501,0.011382339765432473,0.008619859594319804,38,neutral,-0.5,-0.03248467960018497,9,-0.9837087611835469,1.3991491349972214,0.8020488344161714,1
76,28,-0.8492255615974261,0.012079041720373029,0.008609864887143501,0.011382339765432473,0.008619859594319804,39,neutral,-0.5,-0.021721780340038743,14,-0.5560092997993961,1.3953211198736928,0.8014403710556067,1
76,28,-0.8492255615974261,0.012079041720373029,0.008609864887143501,0.011382339765432473,0.008619859594319804,40,neutral,-0.5,-0.04668537349067967,15,-0.4704694075225659,1.3674393438463168,0.7969661259931234,1
77,24,-1.1152320021917648,-0.205244693461995,-0.14693436575421043,-0.194236251819776,-0.14671027215854576,1,fear,0.5,-0.08121017626445963,40,1.668027899398188,-0.3951617455045511,0.40247533555456416,0
77,24,-1.1152320021917648,-0.205244693461995,-0.14693436575421043,-0.194236251819776,-0.14671027215854576,2,fear,0.5,0.053067844990018875,16,-0.3849295152457357,-0.10707898446708283,0.47325580287860364,0
77,24,-1.1152320021917648,-0.205244693461995,-0.14693436575421043,-0.194236251819776,-0.14671027215854576,3,fear,0.5,-0.11676296957720594,4,-1.4114082225676976,-0.20000742914281272,0.4501641638522357,0
77,24,-1.1152320021917648,-0.205244693461995,-0.14693436575421043,-0.194236251819776,-0.14671027215854576,4,fear,0.5,-0.11848507274328071,12,-0.7270890843530564,-0.2529977789032175,0.4370857816102777,0
77,24,-1.1152320021917648,-0.205244693461995,-0.14693436575421043,-0.194236251819776,-0.14671027215854576,5,fear,0.5,-0.027683151933853067,7,-1.1547885457372071,-0.13015320397233365,0.46750755417629347,1
77,24,-1.1152320021917648,-0.205244693461995,-0.14693436575421043,-0.194236251819776,-0.14671027215854576,6,fear,0.5,0.06278918644554837,19,-0.12830983841524524,-0.1165832354844271,0.4708871579602808,0
77,24,-1.1152320021917648,-0.205244693461995,-0.14693436575421043,-0.194236251819776,-0.14671027215854576,7,fear,0.5,-0.04999597070532241,35,1.2403284380140374,-0.3319048858239576,0.41777720740731866,0
77,24,-1.1152320021917648,-0.205244693461995,-0.14693436575421043,-0.194236251819776,-0.14671027215854576,8,fear,0.5,0.01022656605323173,14,-0.5560092997993961,-0.13710320175528762,0.4657777898357442,0
77,24,-1.1152320021917648,-0.205244693461995,-0.14693436575421043,-0.194236251819776,-0.14671027215854576,9,fear,0.5,0.07192665896287707,38,1.4969481148445278,-0.2292078486286319,0.44294759596650507,0
77,24,-1.1152320021917648,-0.205244693461995,-0.14693436575421043,-0.194236251819776,-0.14671027215854576,10,fear,0.5,-0.12515440144751105,24,0.2993896229689056,-0.3365694774989426,0.41664303192264796,1
77,24,-1.1152320021917648,-0.205244693461995,-0.14693436575421043,-0.194236251819776,-0.14671027215854576,11,fear,0.5,0.1274762977942073,22,0.12830983841524524,-0.07112171660864182,0.48222706195192266,0
77,24,-1.1152320021917648,-0.205244693461995,-0.14693436575421043,-0.194236251819776,-0.14671027215854576,12,fear,0.5,0.19901381146458244,34,1.1547885457372071,-0.07648657282976157,0.4808876734552696,1
77,24,-1.1152320021917648,-0.205244693461995,-0.14693436575421043,-0.194236251819776,-0.14671027215854576,13,fear,0.5,-0.07533295985117497,10,-0.8981688689067168,-0.19702860436252928,0.4509015807325053,0
77,24,-1.1152320021917648,-0.205244693461995,-0.14693436575421043,-0.194236251819776,-0.14671027215854576,14,fear,0.5,0.01703070109921553,37,1.4114082225676976,-0.2776952756680021,0.431018900266706,0
77,24,-1.1152320021917648,-0.205244693461995,-0.14693436575421043,-0.194236251819776,-0.14671027215854576,15,fear,0.5,0.02684780492684079,33,1.0692486534603771,-0.24224404854321197,0.43973341457123527,1
77,24,-1.1152320021917648,-0.205244693461995,-0.14693436575421043,-0.194236251819776,-0.14671027215854576,16,fear,0.5,0.20218327567498928,17,-0.2993896229689056,0.035627915393596235,0.5089060367963988,1
77,24,-1.1152320021917648,-0.205244693461995,-0.14693436575421043,-0.194236251819776,-0.14671027215854576,17,fear,0.5,-0.1334771970566687,28,0.6415491920762262,-0.37052639640526525,0.40841383176378543,1
77,24,-1.1152320021917648,-0.205244693461995,-0.14693436575421043,-0.194236251819776,-0.14671027215854576,18,fear,0.5,-0.019829893319496802,5,-1.3258683302908676,-0.10948288370939495,0.4726565862743656,1
77,24,-1.1152320021917648,-0.205244693461995,-0.14693436575421043,-0.194236251819776,-0.14671027215854576,19,fear,0.5,0.03493782098342581,9,-0.9837087611835469,-0.08034929270363715,0.4799234768463033,1
77,24,-1.1152320021917648,-0.205244693461995,-0.14693436575421043,-0.194236251819776,-0.14671027215854576,20,fear,0.5,0.050130844365563365,29,0.7270890843530564,-0.19332688580732452,0.4518182523627773,0
77,24,-1.1152320021917648,-0.205244693461995,-0.14693436575421043,-0.194236251819776,-0.14671027215854576,21,neutral,-0.5,-0.034648782698473574,11,-0.8126289766298865,1.6430059549191478,0.8379435433189375,1
77,24,-1.1152320021917648,-0.205244693461995,-0.14693436575421043,-0.194236251819776,-0.14671027215854576,22,neutral,-0.5,0.20511447081031445,23,0.2138497306920754,1.7377742153310407,0.8504041287258488,0
77,24,-1.1152320021917648,-0.205244693461995,-0.14693436575421043,-0.194236251819776,-0.14671027215854576,23,neutral,-0.5,0.06768230030033125,21,0.04276994613841508,1.6245078770038734,0.8354158832374944,0
77,24,-1.1152320021917648,-0.205244693461995,-0.14693436575421043,-0.194236251819776,-0.14671027215854576,24,neutral,-0.5,-0.08847636608881047,1,-1.668027899398188,1.7100075324428903,0.8468372612247927,1
77,24,-1.1152320021917648,-0.205244693461995,-0.14693436575421043,-0.194236251819776,-0.14671027215854576,25,neutral,-0.5,-0.06387461728079331,6,-1.2403284380140374,1.6741947007938676,0.8421342826713956,1
77,24,-1.1152320021917648,-0.205244693461995,-0.14693436575421043,-0.194236251819776,-0.14671027215854576,26,neutral,-0.5,0.020253570607942934,27,0.5560092997993961,1.5045816507630374,0.8182568191365085,0
77,24,-1.1152320021917648,-0.205244693461995,-0.14693436575421043,-0.194236251819776,-0.14671027215854576,27,neutral,-0.5,-0.1657771424201549,39,1.582488007121358,1.1735559446380446,0.7637871678784904,1
77,24,-1.1152320021917648,-0.205244693461995,-0.14693436575421043,-0.194236251819776,-0.14671027215854576,28,neutral,-0.5,0.03240578810212312,32,0.9837087611835469,1.456319287800178,0.8109690738289475,1
77,24,-1.1152320021917648,-0.205244693461995,-0.14693436575421043,-0.194236251819776,-0.14671027215854576,29,neutral,-0.5,-0.06427368638861679,13,-0.6415491920762262,1.589215219046189,0.8305056612355123,1
77,24,-1.1152320021917648,-0.205244693461995,-0.14693436575421043,-0.194236251819776,-0.14671027215854576,30,neutral,-0.5,0.03388482847826553,2,-1.582488007121358,1.8202858109185587,0.8606004185474325,0
77,24,-1.1152320021917648,-0.205244693461995,-0.14693436575421043,-0.194236251819776,-0.14671027215854576,31,neutral,-0.5,0.10063449276941816,8,-1.0692486534603771,1.8145379786612634,0.859909436134781,1
77,24,-1.1152320021917648,-0.205244693461995,-0.14693436575421043,-0.194236251819776,-0.14671027215854576,32,neutral,-0.5,-0.16523159438711074,31,0.8981688689067168,1.270764821402352,0.7808736446116532,1
77,24,-1.1152320021917648,-0.205244693461995,-0.14693436575421043,-0.194236251819776,-0.14671027215854576,33,neutral,-0.5,-0.17814514840944695,18,-0.2138497306920754,1.4149291765683187,0.8045422402441598,1
77,24,-1.1152320021917648,-0.205244693461995,-0.14693436575421043,-0.194236251819776,-0.14671027215854576,34,neutral,-0.5,0.20327413635404867,3,-1.4969481148445278,1.9775922027029336,0.8784242554057821,1
77,24,-1.1152320021917648,-0.205244693461995,-0.14693436575421043,-0.194236251819776,-0.14671027215854576,35,neutral,-0.5,0.10974661130988755,30,0.8126289766298865,1.5578259431907582,0.8260411686089576,0
77,24,-1.1152320021917648,-0.205244693461995,-0.14693436575421043,-0.194236251819776,-0.14671027215854576,36,neutral,-0.5,-0.11455850646691589,36,1.3258683302908676,1.261023328865507,0.7792022178442335,1
77,24,-1.1152320021917648,-0.205244693461995,-0.14693436575421043,-0.194236251819776,-0.14671027215854576,37,neutral,-0.5,0.022093603635536613,15,-0.4704694075225659,1.6514166768875262,0.8390824264392485,1
77,24,-1.1152320021917648,-0.205244693461995,-0.14693436575421043,-0.194236251819776,-0.14671027215854576,38,neutral,-0.5,-0.03248467960018497,25,0.3849295152457357,1.4760092327377254,0.8139690420186437,1
77,24,-1.1152320021917648,-0.205244693461995,-0.14693436575421043,-0.194236251819776,-0.14671027215854576,39,neutral,-0.5,-0.021721780340038743,20,-0.04276994613841508,1.5471867124549112,0.8245070342302425,1
77,24,-1.1152320021917648,-0.205244693461995,-0.14693436575421043,-0.194236251819776,-0.14671027215854576,40,neutral,-0.5,-0.04668537349067967,26,0.4704694075225659,1.4497256227558228,0.8099562034686922,1
78,24,-1.1152320021917648,-0.2543422280351105,-0.18182101966080108,-0.24059449027955937,-0.18178231019763266,1,fear,0.5,-0.08121017626445963,29,0.7270890843530564,-0.43506051349755726,0.3929185773342264,0
78,24,-1.1152320021917648,-0.2543422280351105,-0.18182101966080108,-0.24059449027955937,-0.18178231019763266,2,fear,0.5,0.053067844990018875,26,0.4704694075225659,-0.26810421038531,0.43337256768702054,0
78,24,-1.1152320021917648,-0.2543422280351105,-0.18182101966080108,-0.24059449027955937,-0.18178231019763266,3,fear,0.5,-0.11676296957720594,35,1.2403284380140374,-0.5359698705258411,0.36912559011358775,0
78,24,-1.1152320021917648,-0.2543422280351105,-0.18182101966080108,-0.24059449027955937,-0.18178231019763266,4,fear,0.5,-0.11848507274328071,1,-1.668027899398188,-0.1673381126372033,0.4582628202789063,0
78,24,-1.1152320021917648,-0.2543422280351105,-0.18182101966080108,-0.24059449027955937,-0.18178231019763266,5,fear,0.5,-0.027683151933853067,14,-0.5560092997993961,-0.2181420798781069,0.44567971632029413,1
78,24,-1.1152320021917648,-0.2543422280351105,-0.18182101966080108,-0.24059449027955937,-0.18178231019763266,6,fear,0.5,0.06278918644554837,2,-1.582488007121358,0.0030433859323696077,0.5007608458958337,0
78,24,-1.1152320021917648,-0.2543422280351105,-0.18182101966080108,-0.24059449027955937,-0.18178231019763266,7,fear,0.5,-0.04999597070532241,33,1.0692486534603771,-0.447417350415445,0.38997498929801433,1
78,24,-1.1152320021917648,-0.2543422280351105,-0.18182101966080108,-0.24059449027955937,-0.18178231019763266,8,fear,0.5,0.01022656605323173,27,0.5560092997993961,-0.32183824994135335,0.420227817696321,1
78,24,-1.1152320021917648,-0.2543422280351105,-0.18182101966080108,-0.24059449027955937,-0.18178231019763266,9,fear,0.5,0.07192665896287707,23,0.2138497306920754,-0.2165671145546831,0.4460688436220516,1
78,24,-1.1152320021917648,-0.2543422280351105,-0.18182101966080108,-0.24059449027955937,-0.18178231019763266,10,fear,0.5,-0.12515440144751105,36,1.3258683302908676,-0.5552540630154025,0.3646462874933139,1
78,24,-1.1152320021917648,-0.2543422280351105,-0.18182101966080108,-0.24059449027955937,-0.18178231019763266,11,fear,0.5,0.1274762977942073,11,-0.8126289766298865,-0.03030434829227785,0.4924244926675459,0
78,24,-1.1152320021917648,-0.2543422280351105,-0.18182101966080108,-0.24059449027955937,-0.18178231019763266,12,fear,0.5,0.19901381146458244,15,-0.4704694075225659,-0.0023378770989276113,0.4994155309914776,0
78,24,-1.1152320021917648,-0.2543422280351105,-0.18182101966080108,-0.24059449027955937,-0.18178231019763266,13,fear,0.5,-0.07533295985117497,9,-0.9837087611835469,-0.21132808469914763,0.4473637259060761,0
78,24,-1.1152320021917648,-0.2543422280351105,-0.18182101966080108,-0.24059449027955937,-0.18178231019763266,14,fear,0.5,0.01703070109921553,34,1.1547885457372071,-0.3912834392301633,0.4034083770540677,0
78,24,-1.1152320021917648,-0.2543422280351105,-0.18182101966080108,-0.24059449027955937,-0.18178231019763266,15,fear,0.5,0.02684780492684079,38,1.4969481148445278,-0.4250373778795632,0.39531198042705384,0
78,24,-1.1152320021917648,-0.2543422280351105,-0.18182101966080108,-0.24059449027955937,-0.18178231019763266,16,fear,0.5,0.20218327567498928,3,-1.4969481148445278,0.1315447145425542,0.5328388386488502,1
78,24,-1.1152320021917648,-0.2543422280351105,-0.18182101966080108,-0.24059449027955937,-0.18178231019763266,17,fear,0.5,-0.1334771970566687,25,0.3849295152457357,-0.44375649181274124,0.39084623736746654,1
78,24,-1.1152320021917648,-0.2543422280351105,-0.18182101966080108,-0.24059449027955937,-0.18178231019763266,18,fear,0.5,-0.019829893319496802,32,0.9837087611835469,-0.40635851241036314,0.3997856021361302,1
78,24,-1.1152320021917648,-0.2543422280351105,-0.18182101966080108,-0.24059449027955937,-0.18178231019763266,19,fear,0.5,0.03493782098342581,28,0.6415491920762262,-0.3080197556304155,0.4235981675007165,0
78,24,-1.1152320021917648,-0.2543422280351105,-0.18182101966080108,-0.24059449027955937,-0.18178231019763266,20,fear,0.5,0.050130844365563365,19,-0.12830983841524524,-0.19479188667497166,0.45145542879252554,0
78,24,-1.1152320021917648,-0.2543422280351105,-0.18182101966080108,-0.24059449027955937,-0.18178231019763266,21,neutral,-0.5,-0.034648782698473574,5,-1.3258683302908676,1.7125896934315474,0.8471718777471681,1
78,24,-1.1152320021917648,-0.2543422280351105,-0.18182101966080108,-0.24059449027955937,-0.18178231019763266,22,neutral,-0.5,0.20511447081031445,39,1.582488007121358,1.4910719709005962,0.8162391150311596,1
78,24,-1.1152320021917648,-0.2543422280351105,-0.18182101966080108,-0.24059449027955937,-0.18178231019763266,23,neutral,-0.5,0.06768230030033125,30,0.8126289766298865,1.4757435881658383,0.8139288138486168,1
78,24,-1.1152320021917648,-0.2543422280351105,-0.18182101966080108,-0.24059449027955937,-0.18178231019763266,24,neutral,-0.5,-0.08847636608881047,20,-0.04276994613841508,1.455255797082502,0.8108059886598897,1
78,24,-1.1152320021917648,-0.2543422280351105,-0.18182101966080108,-0.24059449027955937,-0.18178231019763266,25,neutral,-0.5,-0.06387461728079331,22,0.12830983841524524,1.4527233708293583,0.8104172095932806,1
78,24,-1.1152320021917648,-0.2543422280351105,-0.18182101966080108,-0.24059449027955937,-0.18178231019763266,26,neutral,-0.5,0.020253570607942934,17,-0.2993896229689056,1.604686996370997,0.832672438504604,1
78,24,-1.1152320021917648,-0.2543422280351105,-0.18182101966080108,-0.24059449027955937,-0.18178231019763266,27,neutral,-0.5,-0.1657771424201549,4,-1.4114082225676976,1.5950284212404466,0.8313223910216,0
78,24,-1.1152320021917648,-0.2543422280351105,-0.18182101966080108,-0.24059449027955937,-0.18178231019763266,28,neutral,-0.5,0.03240578810212312,13,-0.6415491920762262,1.6711075639874997,0.8417234323262529,1
78,24,-1.1152320021917648,-0.2543422280351105,-0.18182101966080108,-0.24059449027955937,-0.18178231019763266,29,neutral,-0.5,-0.06427368638861679,31,0.8981688689067168,1.3302205139463097,0.7908771080398783,1
78,24,-1.1152320021917648,-0.2543422280351105,-0.18182101966080108,-0.24059449027955937,-0.18178231019763266,30,neutral,-0.5,0.03388482847826553,16,-0.3849295152457357,1.6318853417719001,0.8364277480321655,1
78,24,-1.1152320021917648,-0.2543422280351105,-0.18182101966080108,-0.24059449027955937,-0.18178231019763266,31,neutral,-0.5,0.10063449276941816,10,-0.8981688689067168,1.7800375312465362,0.8557015001961626,1
78,24,-1.1152320021917648,-0.2543422280351105,-0.18182101966080108,-0.24059449027955937,-0.18178231019763266,32,neutral,-0.5,-0.16523159438711074,40,1.668027899398188,1.1071588181725907,0.751599047971142,0
78,24,-1.1152320021917648,-0.2543422280351105,-0.18182101966080108,-0.24059449027955937,-0.18178231019763266,33,neutral,-0.5,-0.17814514840944695,24,0.2993896229689056,1.3113186646395434,0.7877337325278513,1
78,24,-1.1152320021917648,-0.2543422280351105,-0.18182101966080108,-0.24059449027955937,-0.18178231019763266,34,neutral,-0.5,0.20327413635404867,18,-0.2138497306920754,1.7741404745865224,0.854971824169072,1
78,24,-1.1152320021917648,-0.2543422280351105,-0.18182101966080108,-0.24059449027955937,-0.18178231019763266,35,neutral,-0.5,0.10974661130988755,12,-0.7270890843530564,1.7620154747258445,0.8534619045162304,1
78,24,-1.1152320021917648,-0.2543422280351105,-0.18182101966080108,-0.24059449027955937,-0.18178231019763266,36,neutral,-0.5,-0.11455850646691589,7,-1.1547885457372071,1.6055457946019436,0.8327920598621177,0
78,24,-1.1152320021917648,-0.2543422280351105,-0.18182101966080108,-0.24059449027955937,-0.18178231019763266,37,neutral,-0.5,0.022093603635536613,37,1.4114082225676976,1.3351852787869798,0.7916970472307899,1
78,24,-1.1152320021917648,-0.2543422280351105,-0.18182101966080108,-0.24059449027955937,-0.18178231019763266,38,neutral,-0.5,-0.03248467960018497,6,-1.2403284380140374,1.7011867089992556,0.8456896623856813,1
78,24,-1.1152320021917648,-0.2543422280351105,-0.18182101966080108,-0.24059449027955937,-0.18178231019763266,39,neutral,-0.5,-0.021721780340038743,8,-1.0692486534603771,1.6848154331982406,0.8435411214509243,1
78,24,-1.1152320021917648,-0.2543422280351105,-0.18182101966080108,-0.24059449027955937,-0.18178231019763266,40,neutral,-0.5,-0.04668537349067967,21,0.04276994613841508,1.4834797021500523,0.8150975939376993,0
79,62,1.4118291834544519,0.22502799592658349,0.16086756499520313,0.21307687179568133,0.16089514406181027,1,fear,0.5,-0.08121017626445963,2,-1.582488007121358,-1.278161818358254,0.21786328521144271,0
79,62,1.4118291834544519,0.22502799592658349,0.16086756499520313,0.21307687179568133,0.16089514406181027,2,fear,0.5,0.053067844990018875,37,1.4114082225676976,-0.667104294096238,0.3391455407141915,0
79,62,1.4118291834544519,0.22502799592658349,0.16086756499520313,0.21307687179568133,0.16089514406181027,3,fear,0.5,-0.11676296957720594,19,-0.12830983841524524,-1.0821359959244818,0.2531020121299245,0
79,62,1.4118291834544519,0.22502799592658349,0.16086756499520313,0.21307687179568133,0.16089514406181027,4,fear,0.5,-0.11848507274328071,29,0.7270890843530564,-0.947635383945546,0.27936061391447764,1
79,62,1.4118291834544519,0.22502799592658349,0.16086756499520313,0.21307687179568133,0.16089514406181027,5,fear,0.5,-0.027683151933853067,22,0.12830983841524524,-0.9521893637376257,0.2784447364655836,0
79,62,1.4118291834544519,0.22502799592658349,0.16086756499520313,0.21307687179568133,0.16089514406181027,6,fear,0.5,0.06278918644554837,24,0.2993896229689056,-0.8344724823292224,0.30270021864394747,1
79,62,1.4118291834544519,0.22502799592658349,0.16086756499520313,0.21307687179568133,0.16089514406181027,7,fear,0.5,-0.04999597070532241,34,1.1547885457372071,-0.8110349243350823,0.30767000345343165,0
79,62,1.4118291834544519,0.22502799592658349,0.16086756499520313,0.21307687179568133,0.16089514406181027,8,fear,0.5,0.01022656605323173,10,-0.8981688689067168,-1.077746903924554,0.2539326309275385,1
79,62,1.4118291834544519,0.22502799592658349,0.16086756499520313,0.21307687179568133,0.16089514406181027,9,fear,0.5,0.07192665896287707,4,-1.4114082225676976,-1.097780440101915,0.2501560040400999,1
79,62,1.4118291834544519,0.22502799592658349,0.16086756499520313,0.21307687179568133,0.16089514406181027,10,fear,0.5,-0.12515440144751105,32,0.9837087611835469,-0.913437898106273,0.28629685242778335,0
79,62,1.4118291834544519,0.22502799592658349,0.16086756499520313,0.21307687179568133,0.16089514406181027,11,fear,0.5,0.1274762977942073,39,1.582488007121358,-0.5654512982630474,0.36228707513732133,1
79,62,1.4118291834544519,0.22502799592658349,0.16086756499520313,0.21307687179568133,0.16089514406181027,12,fear,0.5,0.19901381146458244,9,-0.9837087611835469,-0.9025819300277044,0.28852019908596166,0
79,62,1.4118291834544519,0.22502799592658349,0.16086756499520313,0.21307687179568133,0.16089514406181027,13,fear,0.5,-0.07533295985117497,15,-0.4704694075225659,-1.0951950722564552,0.25064127529726893,1
79,62,1.4118291834544519,0.22502799592658349,0.16086756499520313,0.21307687179568133,0.16089514406181027,14,fear,0.5,0.01703070109921553,35,1.2403284380140374,-0.7303859810160436,0.32511003225611007,0
79,62,1.4118291834544519,0.22502799592658349,0.16086756499520313,0.21307687179568133,0.16089514406181027,15,fear,0.5,0.02684780492684079,5,-1.3258683302908676,-1.1292370226234503,0.24430193316088272,0
79,62,1.4118291834544519,0.22502799592658349,0.16086756499520313,0.21307687179568133,0.16089514406181027,16,fear,0.5,0.20218327567498928,18,-0.2138497306920754,-0.7768120221867879,0.3150073746427041,1
79,62,1.4118291834544519,0.22502799592658349,0.16086756499520313,0.21307687179568133,0.16089514406181027,17,fear,0.5,-0.1334771970566687,3,-1.4969481148445278,-1.3168065676359617,0.21135008805513303,0
79,62,1.4118291834544519,0.22502799592658349,0.16086756499520313,0.21307687179568133,0.16089514406181027,18,fear,0.5,-0.019829893319496802,23,0.2138497306920754,-0.9307138336087685,0.2827799155869725,0
79,62,1.4118291834544519,0.22502799592658349,0.16086756499520313,0.21307687179568133,0.16089514406181027,19,fear,0.5,0.03493782098342581,31,0.8981688689067168,-0.7669679471898375,0.31713536484394517,0
79,62,1.4118291834544519,0.22502799592658349,0.16086756499520313,0.21307687179568133,0.16089514406181027,20,fear,0.5,0.050130844365563365,7,-1.1547885457372071,-1.0787094401557256,0.25375032081450427,0
79,62,1.4118291834544519,0.22502799592658349,0.16086756499520313,0.21307687179568133,0.16089514406181027,21,neutral,-0.5,-0.034648782698473574,26,0.4704694075225659,-0.7618044330993646,0.3182546325200264,1
79,62,1.4118291834544519,0.22502799592658349,0.16086756499520313,0.21307687179568133,0.16089514406181027,22,neutral,-0.5,0.20511447081031445,30,0.8126289766298865,-0.42256813799236537,0.395902380881649,0
79,62,1.4118291834544519,0.22502799592658349,0.16086756499520313,0.21307687179568133,0.16089514406181027,23,neutral,-0.5,0.06768230030033125,36,1.3258683302908676,-0.4107907461050314,0.3987225302342475,1
79,62,1.4118291834544519,0.22502799592658349,0.16086756499520313,0.21307687179568133,0.16089514406181027,24,neutral,-0.5,-0.08847636608881047,11,-0.8126289766298865,-1.188655922482994,0.23349940914483952,0
79,62,1.4118291834544519,0.22502799592658349,0.16086756499520313,0.21307687179568133,0.16089514406181027,25,neutral,-0.5,-0.06387461728079331,6,-1.2403284380140374,-1.2883954756727412,0.21612451702994917,0
79,62,1.4118291834544519,0.22502799592658349,0.16086756499520313,0.21307687179568133,0.16089514406181027,26,neutral,-0.5,0.020253570607942934,33,1.0692486534603771,-0.5328242569960784,0.3698584161636042,0
79,62,1.4118291834544519,0.22502799592658349,0.16086756499520313,0.21307687179568133,0.16089514406181027,27,neutral,-0.5,-0.1657771424201549,14,-0.5560092997993961,-1.1913519176156797,0.23301723357864526,0
79,62,1.4118291834544519,0.22502799592658349,0.16086756499520313,0.21307687179568133,0.16089514406181027,28,neutral,-0.5,0.03240578810212312,21,0.04276994613841508,-0.8190911642965322,0.3059566145351303,0
79,62,1.4118291834544519,0.22502799592658349,0.16086756499520313,0.21307687179568133,0.16089514406181027,29,neutral,-0.5,-0.06427368638861679,28,0.6415491920762262,-0.7416928159904024,0.3226340824795479,0
79,62,1.4118291834544519,0.22502799592658349,0.16086756499520313,0.21307687179568133,0.16089514406181027,30,neutral,-0.5,0.03388482847826553,17,-0.2993896229689056,-0.917085165518601,0.2855521840031296,1
79,62,1.4118291834544519,0.22502799592658349,0.16086756499520313,0.21307687179568133,0.16089514406181027,31,neutral,-0.5,0.10063449276941816,8,-1.0692486534603771,-1.074149844823424,0.2546146998079132,0
79,62,1.4118291834544519,0.22502799592658349,0.16086756499520313,0.21307687179568133,0.16089514406181027,32,neutral,-0.5,-0.16523159438711074,13,-0.6415491920762262,-1.2156746299821886,0.22869853096233056,0
79,62,1.4118291834544519,0.22502799592658349,0.16086756499520313,0.21307687179568133,0.16089514406181027,33,neutral,-0.5,-0.17814514840944695,40,1.668027899398188,-0.5571451532165985,0.3642082731494904,1
79,62,1.4118291834544519,0.22502799592658349,0.16086756499520313,0.21307687179568133,0.16089514406181027,34,neutral,-0.5,0.20327413635404867,20,-0.04276994613841508,-0.6730910764441593,0.3378050429780045,0
79,62,1.4118291834544519,0.22502799592658349,0.16086756499520313,0.21307687179568133,0.16089514406181027,35,neutral,-0.5,0.10974661130988755,1,-1.668027899398188,-1.2391155490798242,0.2245899747357613,0
79,62,1.4118291834544519,0.22502799592658349,0.16086756499520313,0.21307687179568133,0.16089514406181027,36,neutral,-0.5,-0.11455850646691589,27,0.5560092997993961,-0.8168458964682542,0.30643359840378664,0
79,62,1.4118291834544519,0.22502799592658349,0.16086756499520313,0.21307687179568133,0.16089514406181027,37,neutral,-0.5,0.022093603635536613,12,-0.7270890843530564,-1.053217692359094,0.2586076944277714,0
79,62,1.4118291834544519,0.22502799592658349,0.16086756499520313,0.21307687179568133,0.16089514406181027,38,neutral,-0.5,-0.03248467960018497,38,1.4969481148445278,-0.46122120520644216,0.38669616005460167,0
79,62,1.4118291834544519,0.22502799592658349,0.16086756499520313,0.21307687179568133,0.16089514406181027,39,neutral,-0.5,-0.021721780340038743,25,0.3849295152457357,-0.7737456911404827,0.3156693956026676,1
79,62,1.4118291834544519,0.22502799592658349,0.16086756499520313,0.21307687179568133,0.16089514406181027,40,neutral,-0.5,-0.04668537349067967,16,-0.3849295152457357,-1.022523627887099,0.2645361199956942,0
80,21,-1.3147368326375186,0.2124876012419191,0.15207184080352615,0.20121244258575902,0.15198102512816083,1,fear,0.5,-0.08121017626445963,36,1.3258683302908676,0.9739187443612685,0.7258998972083687,0
80,21,-1.3147368326375186,0.2124876012419191,0.15207184080352615,0.20121244258575902,0.15198102512816083,2,fear,0.5,0.053067844990018875,10,-0.8981688689067168,0.23773380796105975,0.5591551065191123,0
80,21,-1.3147368326375186,0.2124876012419191,0.15207184080352615,0.20121244258575902,0.15198102512816083,3,fear,0.5,-0.11676296957720594,12,-0.7270890843530564,0.13486168244419552,0.5336644129585649,1
80,21,-1.3147368326375186,0.2124876012419191,0.15207184080352615,0.20121244258575902,0.15198102512816083,4,fear,0.5,-0.11848507274328071,1,-1.668027899398188,-0.23513321049886238,0.44148604077836057,0
80,21,-1.3147368326375186,0.2124876012419191,0.15207184080352615,0.20121244258575902,0.15198102512816083,5,fear,0.5,-0.027683151933853067,17,-0.2993896229689056,0.39133822271344976,0.5966048076202813,1
80,21,-1.3147368326375186,0.2124876012419191,0.15207184080352615,0.20121244258575902,0.15198102512816083,6,fear,0.5,0.06278918644554837,28,0.6415491920762262,0.8500833508698346,0.7005846269287953,1
80,21,-1.3147368326375186,0.2124876012419191,0.15207184080352615,0.20121244258575902,0.15198102512816083,7,fear,0.5,-0.04999597070532241,7,-1.1547885457372071,0.03423195869017778,0.5085571540635192,0
80,21,-1.3147368326375186,0.2124876012419191,0.15207184080352615,0.20121244258575902,0.15198102512816083,8,fear,0.5,0.01022656605323173,29,0.7270890843530564,0.831000075002698,0.6965663488903837,1
80,21,-1.3147368326375186,0.2124876012419191,0.15207184080352615,0.20121244258575902,0.15198102512816083,9,fear,0.5,0.07192665896287707,39,1.582488007121358,1.2274936131641458,0.7733795969145604,0
80,21,-1.3147368326375186,0.2124876012419191,0.15207184080352615,0.20121244258575902,0.15198102512816083,10,fear,0.5,-0.12515440144751105,35,1.2403284380140374,0.8964951746530367,0.7102287277783292,0
80,21,-1.3147368326375186,0.2124876012419191,0.15207184080352615,0.20121244258575902,0.15198102512816083,11,fear,0.5,0.1274762977942073,31,0.8981688689067168,1.0152084957940342,0.7340382223306248,1
80,21,-1.3147368326375186,0.2124876012419191,0.15207184080352615,0.20121244258575902,0.15198102512816083,12,fear,0.5,0.19901381146458244,15,-0.4704694075225659,0.551076497061525,0.6343853104742334,1
80,21,-1.3147368326375186,0.2124876012419191,0.15207184080352615,0.20121244258575902,0.15198102512816083,13,fear,0.5,-0.07533295985117497,37,1.4114082225676976,1.0132753052997334,0.7336606423547207,0
80,21,-1.3147368326375186,0.2124876012419191,0.15207184080352615,0.20121244258575902,0.15198102512816083,14,fear,0.5,0.01703070109921553,23,0.2138497306920754,0.6369281428976002,0.654058733397368,1
80,21,-1.3147368326375186,0.2124876012419191,0.15207184080352615,0.20121244258575902,0.15198102512816083,15,fear,0.5,0.02684780492684079,38,1.4969481148445278,1.1489354146029294,0.7593164123608755,1
80,21,-1.3147368326375186,0.2124876012419191,0.15207184080352615,0.20121244258575902,0.15198102512816083,16,fear,0.5,0.20218327567498928,40,1.668027899398188,1.3912295744014387,0.8007884651515987,1
80,21,-1.3147368326375186,0.2124876012419191,0.15207184080352615,0.20121244258575902,0.15198102512816083,17,fear,0.5,-0.1334771970566687,33,1.0692486534603771,0.8212136899935186,0.6944939120543706,1
80,21,-1.3147368326375186,0.2124876012419191,0.15207184080352615,0.20121244258575902,0.15198102512816083,18,fear,0.5,-0.019829893319496802,13,-0.6415491920762262,0.26527410322708506,0.5659323383719317,0
80,21,-1.3147368326375186,0.2124876012419191,0.15207184080352615,0.20121244258575902,0.15198102512816083,19,fear,0.5,0.03493782098342581,11,-0.8126289766298865,0.25308312847964715,0.5629352178404587,1
80,21,-1.3147368326375186,0.2124876012419191,0.15207184080352615,0.20121244258575902,0.15198102512816083,20,fear,0.5,0.050130844365563365,5,-1.3258683302908676,0.06740008471070288,0.5168436452578767,0
80,21,-1.3147368326375186,0.2124876012419191,0.15207184080352615,0.20121244258575902,0.15198102512816083,21,neutral,-0.5,-0.034648782698473574,14,-0.5560092997993961,1.9652344836196503,0.8770983279980807,0
80,21,-1.3147368326375186,0.2124876012419191,0.15207184080352615,0.20121244258575902,0.15198102512816083,22,neutral,-0.5,0.20511447081031445,26,0.4704694075225659,2.191099499405934,0.8994473908041847,1
80,21,-1.3147368326375186,0.2124876012419191,0.15207184080352615,0.20121244258575902,0.15198102512816083,23,neutral,-0.5,0.06768230030033125,21,0.04276994613841508,2.059458261280328,0.8868998403109506,1
80,21,-1.3147368326375186,0.2124876012419191,0.15207184080352615,0.20121244258575902,0.15198102512816083,24,neutral,-0.5,-0.08847636608881047,32,0.9837087611835469,1.890559543645557,0.8688193162062333,1
80,21,-1.3147368326375186,0.2124876012419191,0.15207184080352615,0.20121244258575902,0.15198102512816083,25,neutral,-0.5,-0.06387461728079331,34,1.1547885457372071,1.9128449194998234,0.8713384225270006,1
80,21,-1.3147368326375186,0.2124876012419191,0.15207184080352615,0.20121244258575902,0.15198102512816083,26,neutral,-0.5,0.020253570607942934,3,-1.4969481148445278,2.032876888171696,0.8842059561105532,1
80,21,-1.3147368326375186,0.2124876012419191,0.15207184080352615,0.20121244258575902,0.15198102512816083,27,neutral,-0.5,-0.1657771424201549,4,-1.4114082225676976,1.8456879886667226,0.8636200280926354,1
80,21,-1.3147368326375186,0.2124876012419191,0.15207184080352615,0.20121244258575902,0.15198102512816083,28,neutral,-0.5,0.03240578810212312,24,0.2993896229689056,2.0207071896514934,0.882954114244832,0
80,21,-1.3147368326375186,0.2124876012419191,0.15207184080352615,0.20121244258575902,0.15198102512816083,29,neutral,-0.5,-0.06427368638861679,22,0.12830983841524524,1.9263440881145042,0.8728442132637835,0
80,21,-1.3147368326375186,0.2124876012419191,0.15207184080352615,0.20121244258575902,0.15198102512816083,30,neutral,-0.5,0.03388482847826553,20,-0.04276994613841508,2.026818975935137,0.8835842669495639,1
80,21,-1.3147368326375186,0.2124876012419191,0.15207184080352615,0.20121244258575902,0.15198102512816083,31,neutral,-0.5,0.10063449276941816,16,-0.3849295152457357,2.098201386133791,0.8907282401111966,1
80,21,-1.3147368326375186,0.2124876012419191,0.15207184080352615,0.20121244258575902,0.15198102512816083,32,neutral,-0.5,-0.16523159438711074,19,-0.12830983841524524,1.8288607395466365,0.861625952548691,0
80,21,-1.3147368326375186,0.2124876012419191,0.15207184080352615,0.20121244258575902,0.15198102512816083,33,neutral,-0.5,-0.17814514840944695,9,-0.9837087611835469,1.8275290502930537,0.8614671031987758,1
80,21,-1.3147368326375186,0.2124876012419191,0.15207184080352615,0.20121244258575902,0.15198102512816083,34,neutral,-0.5,0.20327413635404867,25,0.3849295152457357,2.1904173514265435,0.8993856793124628,1
80,21,-1.3147368326375186,0.2124876012419191,0.15207184080352615,0.20121244258575902,0.15198102512816083,35,neutral,-0.5,0.10974661130988755,30,0.8126289766298865,2.0910988939980055,0.8900350234450136,1
80,21,-1.3147368326375186,0.2124876012419191,0.15207184080352615,0.20121244258575902,0.15198102512816083,36,neutral,-0.5,-0.11455850646691589,6,-1.2403284380140374,1.8945902516662112,0.8692780227827197,1
80,21,-1.3147368326375186,0.2124876012419191,0.15207184080352615,0.20121244258575902,0.15198102512816083,37,neutral,-0.5,0.022093603635536613,18,-0.2138497306920754,2.017344124046159,0.8826061065033869,1
80,21,-1.3147368326375186,0.2124876012419191,0.15207184080352615,0.20121244258575902,0.15198102512816083,38,neutral,-0.5,-0.03248467960018497,8,-1.0692486534603771,1.9743477055791911,0.8780773334211802,0
80,21,-1.3147368326375186,0.2124876012419191,0.15207184080352615,0.20121244258575902,0.15198102512816083,39,neutral,-0.5,-0.021721780340038743,27,0.5560092997993961,1.9631050617787054,0.8768685986429418,1
80,21,-1.3147368326375186,0.2124876012419191,0.15207184080352615,0.20121244258575902,0.15198102512816083,40,neutral,-0.5,-0.04668537349067967,2,-1.582488007121358,1.9670961305499488,0.8772988668338975,1
81,47,0.41430503122568213,0.19858005162999842,0.14196998499003025,0.18790365586826743,0.14193109526790024,1,fear,0.5,-0.08121017626445963,8,-1.0692486534603771,-0.752473726103836,0.32028252737080776,0
81,47,0.41430503122568213,0.19858005162999842,0.14196998499003025,0.18790365586826743,0.14193109526790024,2,fear,0.5,0.053067844990018875,40,1.668027899398188,-0.014220889542136128,0.4964448375287356,1
81,47,0.41430503122568213,0.19858005162999842,0.14196998499003025,0.18790365586826743,0.14193109526790024,3,fear,0.5,-0.11676296957720594,24,0.2993896229689056,-0.48603911176297154,0.38082709458926284,1
81,47,0.41430503122568213,0.19858005162999842,0.14196998499003025,0.18790365586826743,0.14193109526790024,4,fear,0.5,-0.11848507274328071,37,1.4114082225676976,-0.24239644621048775,0.4396958690169981,0
81,47,0.41430503122568213,0.19858005162999842,0.14196998499003025,0.18790365586826743,0.14193109526790024,5,fear,0.5,-0.027683151933853067,33,1.0692486534603771,-0.22709137731446272,0.44346988760164247,0
81,47,0.41430503122568213,0.19858005162999842,0.14196998499003025,0.18790365586826743,0.14193109526790024,6,fear,0.5,0.06278918644554837,28,0.6415491920762262,-0.23099010382681467,0.44250787819404414,0
81,47,0.41430503122568213,0.19858005162999842,0.14196998499003025,0.18790365586826743,0.14193109526790024,7,fear,0.5,-0.04999597070532241,31,0.8981688689067168,-0.28715262204263337,0.4287010947967913,0
81,47,0.41430503122568213,0.19858005162999842,0.14196998499003025,0.18790365586826743,0.14193109526790024,8,fear,0.5,0.01022656605323173,10,-0.8981688689067168,-0.6232885578294434,0.34903389026064785,0
81,47,0.41430503122568213,0.19858005162999842,0.14196998499003025,0.18790365586826743,0.14193109526790024,9,fear,0.5,0.07192665896287707,21,0.04276994613841508,-0.3539721221579406,0.4124195243626999,1
81,47,0.41430503122568213,0.19858005162999842,0.14196998499003025,0.18790365586826743,0.14193109526790024,10,fear,0.5,-0.12515440144751105,17,-0.2993896229689056,-0.6265500344817315,0.34829321799288954,0
81,47,0.41430503122568213,0.19858005162999842,0.14196998499003025,0.18790365586826743,0.14193109526790024,11,fear,0.5,0.1274762977942073,35,1.2403284380140374,-0.03418350162970107,0.4914549566583566,1
81,47,0.41430503122568213,0.19858005162999842,0.14196998499003025,0.18790365586826743,0.14193109526790024,12,fear,0.5,0.19901381146458244,32,0.9837087611835469,-0.019268626894377923,0.495182992313694,1
81,47,0.41430503122568213,0.19858005162999842,0.14196998499003025,0.18790365586826743,0.14193109526790024,13,fear,0.5,-0.07533295985117497,27,0.5560092997993961,-0.38798646310188867,0.40420211254555355,0
81,47,0.41430503122568213,0.19858005162999842,0.14196998499003025,0.18790365586826743,0.14193109526790024,14,fear,0.5,0.01703070109921553,9,-0.9837087611835469,-0.6353586357618102,0.3462964783736949,0
81,47,0.41430503122568213,0.19858005162999842,0.14196998499003025,0.18790365586826743,0.14193109526790024,15,fear,0.5,0.02684780492684079,26,0.4704694075225659,-0.30467991130222355,0.42441384048708236,0
81,47,0.41430503122568213,0.19858005162999842,0.14196998499003025,0.18790365586826743,0.14193109526790024,16,fear,0.5,0.20218327567498928,6,-1.2403284380140374,-0.5068287001210885,0.3759372459941188,0
81,47,0.41430503122568213,0.19858005162999842,0.14196998499003025,0.18790365586826743,0.14193109526790024,17,fear,0.5,-0.1334771970566687,16,-0.3849295152457357,-0.6537470430692397,0.3421456472033014,0
81,47,0.41430503122568213,0.19858005162999842,0.14196998499003025,0.18790365586826743,0.14193109526790024,18,fear,0.5,-0.019829893319496802,39,1.582488007121358,-0.10599284083000245,0.47352656976000673,1
81,47,0.41430503122568213,0.19858005162999842,0.14196998499003025,0.18790365586826743,0.14193109526790024,19,fear,0.5,0.03493782098342581,13,-0.6415491920762262,-0.5419546639641972,0.3677329948769384,0
81,47,0.41430503122568213,0.19858005162999842,0.14196998499003025,0.18790365586826743,0.14193109526790024,20,fear,0.5,0.050130844365563365,1,-1.668027899398188,-0.7532521963222678,0.32011307685080564,0
81,47,0.41430503122568213,0.19858005162999842,0.14196998499003025,0.18790365586826743,0.14193109526790024,21,neutral,-0.5,-0.034648782698473574,38,1.4969481148445278,0.3918025080736821,0.5967165410088942,0
81,47,0.41430503122568213,0.19858005162999842,0.14196998499003025,0.18790365586826743,0.14193109526790024,22,neutral,-0.5,0.20511447081031445,36,1.3258683302908676,0.6022122358838121,0.6461622676918433,1
81,47,0.41430503122568213,0.19858005162999842,0.14196998499003025,0.18790365586826743,0.14193109526790024,23,neutral,-0.5,0.06768230030033125,15,-0.4704694075225659,0.15656804553792028,0.5390622477605865,0
81,47,0.41430503122568213,0.19858005162999842,0.14196998499003025,0.18790365586826743,0.14193109526790024,24,neutral,-0.5,-0.08847636608881047,5,-1.3258683302908676,-0.14635824934451133,0.4634756126741949,0
81,47,0.41430503122568213,0.19858005162999842,0.14196998499003025,0.18790365586826743,0.14193109526790024,25,neutral,-0.5,-0.06387461728079331,22,0.12830983841524524,0.12774846790209868,0.5318937541372617,0
81,47,0.41430503122568213,0.19858005162999842,0.14196998499003025,0.18790365586826743,0.14193109526790024,26,neutral,-0.5,0.020253570607942934,18,-0.2138497306920754,0.15316960439351898,0.538217711717203,0
81,47,0.41430503122568213,0.19858005162999842,0.14196998499003025,0.18790365586826743,0.14193109526790024,27,neutral,-0.5,-0.1657771424201549,4,-1.4114082225676976,-0.2383357885251847,0.4406965101549182,0
81,47,0.41430503122568213,0.19858005162999842,0.14196998499003025,0.18790365586826743,0.14193109526790024,28,neutral,-0.5,0.03240578810212312,11,-0.8126289766298865,0.06258448194239627,0.5156410155687051,1
81,47,0.41430503122568213,0.19858005162999842,0.14196998499003025,0.18790365586826743,0.14193109526790024,29,neutral,-0.5,-0.06427368638861679,20,-0.04276994613841508,0.09799587309561719,0.5244793813937481,1
81,47,0.41430503122568213,0.19858005162999842,0.14196998499003025,0.18790365586826743,0.14193109526790024,30,neutral,-0.5,0.03388482847826553,30,0.8126289766298865,0.3429220164557894,0.5849001405925316,0
81,47,0.41430503122568213,0.19858005162999842,0.14196998499003025,0.18790365586826743,0.14193109526790024,31,neutral,-0.5,0.10063449276941816,12,-0.7270890843530564,0.14548994945902027,0.5363084638590268,0
81,47,0.41430503122568213,0.19858005162999842,0.14196998499003025,0.18790365586826743,0.14193109526790024,32,neutral,-0.5,-0.16523159438711074,29,0.7270890843530564,0.12912883074108417,0.5322374255412942,0
81,47,0.41430503122568213,0.19858005162999842,0.14196998499003025,0.18790365586826743,0.14193109526790024,33,neutral,-0.5,-0.17814514840944695,2,-1.582488007121358,-0.28005732021313473,0.43043972330288277,0
81,47,0.41430503122568213,0.19858005162999842,0.14196998499003025,0.18790365586826743,0.14193109526790024,34,neutral,-0.5,0.20327413635404867,3,-1.4969481148445278,0.11603872739968993,0.528977174373209,1
81,47,0.41430503122568213,0.19858005162999842,0.14196998499003025,0.18790365586826743,0.14193109526790024,35,neutral,-0.5,0.10974661130988755,23,0.2138497306920754,0.3160464593421085,0.578360442987969,0
81,47,0.41430503122568213,0.19858005162999842,0.14196998499003025,0.18790365586826743,0.14193109526790024,36,neutral,-0.5,-0.11455850646691589,25,0.3849295152457357,0.12109486726396303,0.5302367765856889,1
81,47,0.41430503122568213,0.19858005162999842,0.14196998499003025,0.18790365586826743,0.14193109526790024,37,neutral,-0.5,0.022093603635536613,7,-1.1547885457372071,-0.00643475392150622,0.4983913170703878,0
81,47,0.41430503122568213,0.19858005162999842,0.14196998499003025,0.18790365586826743,0.14193109526790024,38,neutral,-0.5,-0.03248467960018497,19,-0.12830983841524524,0.11510811703472006,0.5287452969575678,0
81,47,0.41430503122568213,0.19858005162999842,0.14196998499003025,0.18790365586826743,0.14193109526790024,39,neutral,-0.5,-0.021721780340038743,14,-0.5560092997993961,0.0524872020482213,0.5131187888973966,1
81,47,0.41430503122568213,0.19858005162999842,0.14196998499003025,0.18790365586826743,0.14193109526790024,40,neutral,-0.5,-0.04668537349067967,34,1.1547885457372071,0.3210588658841601,0.5795822841816455,1
82,52,0.7468130819686054,0.7068235077663794,0.5057499184999164,0.6690702236729613,0.5053869510029654,1,fear,0.5,-0.08121017626445963,5,-1.3258683302908676,-0.9267430797695769,0.2835859399129517,0
82,52,0.7468130819686054,0.7068235077663794,0.5057499184999164,0.6690702236729613,0.5053869510029654,2,fear,0.5,0.053067844990018875,37,1.4114082225676976,1.2228006509563736,0.7725560363983816,1
82,52,0.7468130819686054,0.7068235077663794,0.5057499184999164,0.6690702236729613,0.5053869510029654,3,fear,0.5,-0.11676296957720594,39,1.582488007121358,1.178923943231116,0.7647542707356554,1
82,52,0.7468130819686054,0.7068235077663794,0.5057499184999164,0.6690702236729613,0.5053869510029654,4,fear,0.5,-0.11848507274328071,36,1.3258683302908676,0.9882706798020907,0.7287462139424941,0
82,52,0.7468130819686054,0.7068235077663794,0.5057499184999164,0.6690702236729613,0.5053869510029654,5,fear,0.5,-0.027683151933853067,16,-0.3849295152457357,-0.18046846780815182,0.45500493666695196,0
82,52,0.7468130819686054,0.7068235077663794,0.5057499184999164,0.6690702236729613,0.5053869510029654,6,fear,0.5,0.06278918644554837,22,0.12830983841524524,0.28786619109715056,0.5714736611159533,0
82,52,0.7468130819686054,0.7068235077663794,0.5057499184999164,0.6690702236729613,0.5053869510029654,7,fear,0.5,-0.04999597070532241,13,-0.6415491920762262,-0.3917124468425716,0.4033051320468513,0
82,52,0.7468130819686054,0.7068235077663794,0.5057499184999164,0.6690702236729613,0.5053869510029654,8,fear,0.5,0.01022656605323173,18,-0.2138497306920754,-0.01660464297910005,0.4958489346304148,0
82,52,0.7468130819686054,0.7068235077663794,0.5057499184999164,0.6690702236729613,0.5053869510029654,9,fear,0.5,0.07192665896287707,9,-0.9837087611835469,-0.5216980308583062,0.37245526308227045,0
82,52,0.7468130819686054,0.7068235077663794,0.5057499184999164,0.6690702236729613,0.5053869510029654,10,fear,0.5,-0.12515440144751105,28,0.6415491920762262,0.4777849237299924,0.6172246805181808,1
82,52,0.7468130819686054,0.7068235077663794,0.5057499184999164,0.6690702236729613,0.5053869510029654,11,fear,0.5,0.1274762977942073,10,-0.8981688689067168,-0.40317133860599247,0.4005506307410983,1
82,52,0.7468130819686054,0.7068235077663794,0.5057499184999164,0.6690702236729613,0.5053869510029654,12,fear,0.5,0.19901381146458244,30,0.8126289766298865,0.9279072434840527,0.7166505177550623,1
82,52,0.7468130819686054,0.7068235077663794,0.5057499184999164,0.6690702236729613,0.5053869510029654,13,fear,0.5,-0.07533295985117497,29,0.7270890843530564,0.5905834187473119,0.6434989978466378,1
82,52,0.7468130819686054,0.7068235077663794,0.5057499184999164,0.6690702236729613,0.5053869510029654,14,fear,0.5,0.01703070109921553,38,1.4969481148445278,1.2497405604865537,0.7772549477220425,1
82,52,0.7468130819686054,0.7068235077663794,0.5057499184999164,0.6690702236729613,0.5053869510029654,15,fear,0.5,0.02684780492684079,33,1.0692486534603771,0.9446723972092617,0.7200424929643692,0
82,52,0.7468130819686054,0.7068235077663794,0.5057499184999164,0.6690702236729613,0.5053869510029654,16,fear,0.5,0.20218327567498928,6,-1.2403284380140374,-0.5803725744091446,0.35884686880505856,1
82,52,0.7468130819686054,0.7068235077663794,0.5057499184999164,0.6690702236729613,0.5053869510029654,17,fear,0.5,-0.1334771970566687,4,-1.4114082225676976,-1.0419871539827694,0.2607667532385553,1
82,52,0.7468130819686054,0.7068235077663794,0.5057499184999164,0.6690702236729613,0.5053869510029654,18,fear,0.5,-0.019829893319496802,34,1.1547885457372071,0.9609717523839074,0.7233163239504059,1
82,52,0.7468130819686054,0.7068235077663794,0.5057499184999164,0.6690702236729613,0.5053869510029654,19,fear,0.5,0.03493782098342581,1,-1.668027899398188,-1.0625032962056258,0.2568313622434981,0
82,52,0.7468130819686054,0.7068235077663794,0.5057499184999164,0.6690702236729613,0.5053869510029654,20,fear,0.5,0.050130844365563365,27,0.5560092997993961,0.5900931161220833,0.6433865105714266,0
82,52,0.7468130819686054,0.7068235077663794,0.5057499184999164,0.6690702236729613,0.5053869510029654,21,neutral,-0.5,-0.034648782698473574,31,0.8981688689067168,0.4039566528545321,0.5996379161890638,1
82,52,0.7468130819686054,0.7068235077663794,0.5057499184999164,0.6690702236729613,0.5053869510029654,22,neutral,-0.5,0.20511447081031445,3,-1.4969481148445278,-0.29086882881039355,0.4277911767082886,1
82,52,0.7468130819686054,0.7068235077663794,0.5057499184999164,0.6690702236729613,0.5053869510029654,23,neutral,-0.5,0.06768230030033125,8,-1.0692486534603771,-0.2614101537536422,0.43501709282015516,0
82,52,0.7468130819686054,0.7068235077663794,0.5057499184999164,0.6690702236729613,0.5053869510029654,24,neutral,-0.5,-0.08847636608881047,17,-0.2993896229689056,-0.11716529812266169,0.4707421380938464,1
82,52,0.7468130819686054,0.7068235077663794,0.5057499184999164,0.6690702236729613,0.5053869510029654,25,neutral,-0.5,-0.06387461728079331,40,1.668027899398188,0.6751343402923344,0.6626518688422071,1
82,52,0.7468130819686054,0.7068235077663794,0.5057499184999164,0.6690702236729613,0.5053869510029654,26,neutral,-0.5,0.020253570607942934,2,-1.582488007121358,-0.5091078981261119,0.3754026783091924,1
82,52,0.7468130819686054,0.7068235077663794,0.5057499184999164,0.6690702236729613,0.5053869510029654,27,neutral,-0.5,-0.1657771424201549,20,-0.04276994613841508,-0.0943315671139653,0.4764345802621847,1
82,52,0.7468130819686054,0.7068235077663794,0.5057499184999164,0.6690702236729613,0.5053869510029654,28,neutral,-0.5,0.03240578810212312,7,-1.1547885457372071,-0.3300648350651972,0.41822484787169095,1
82,52,0.7468130819686054,0.7068235077663794,0.5057499184999164,0.6690702236729613,0.5053869510029654,29,neutral,-0.5,-0.06427368638861679,25,0.3849295152457357,0.17406273448430734,0.5434061462315589,0
82,52,0.7468130819686054,0.7068235077663794,0.5057499184999164,0.6690702236729613,0.5053869510029654,30,neutral,-0.5,0.03388482847826553,35,1.2403284380140374,0.6060029404846587,0.6470284805018067,1
82,52,0.7468130819686054,0.7068235077663794,0.5057499184999164,0.6690702236729613,0.5053869510029654,31,neutral,-0.5,0.10063449276941816,19,-0.12830983841524524,0.1387018989622608,0.5346199902886573,0
82,52,0.7468130819686054,0.7068235077663794,0.5057499184999164,0.6690702236729613,0.5053869510029654,32,neutral,-0.5,-0.16523159438711074,12,-0.7270890843530564,-0.3608113719876966,0.41076316986230116,1
82,52,0.7468130819686054,0.7068235077663794,0.5057499184999164,0.6690702236729613,0.5053869510029654,33,neutral,-0.5,-0.17814514840944695,23,0.2138497306920754,-0.006565065763216662,0.4983587394540645,0
82,52,0.7468130819686054,0.7068235077663794,0.5057499184999164,0.6690702236729613,0.5053869510029654,34,neutral,-0.5,0.20327413635404867,11,-0.8126289766298865,-0.025683810359884054,0.49357940035620324,0
82,52,0.7468130819686054,0.7068235077663794,0.5057499184999164,0.6690702236729613,0.5053869510029654,35,neutral,-0.5,0.10974661130988755,14,-0.5560092997993961,-0.01907682806400445,0.49523093761502063,1
82,52,0.7468130819686054,0.7068235077663794,0.5057499184999164,0.6690702236729613,0.5053869510029654,36,neutral,-0.5,-0.11455850646691589,21,0.04276994613841508,-0.009734762047379417,0.4975663287071499,1
82,52,0.7468130819686054,0.7068235077663794,0.5057499184999164,0.6690702236729613,0.5053869510029654,37,neutral,-0.5,0.022093603635536613,32,0.9837087611835469,0.4940772083018892,0.6210664469775274,1
82,52,0.7468130819686054,0.7068235077663794,0.5057499184999164,0.6690702236729613,0.5053869510029654,38,neutral,-0.5,-0.03248467960018497,15,-0.4704694075225659,-0.12792994986073,0.4680610602402903,1
82,52,0.7468130819686054,0.7068235077663794,0.5057499184999164,0.6690702236729613,0.5053869510029654,39,neutral,-0.5,-0.021721780340038743,24,0.2993896229689056,0.1832364714195385,0.5456813743425051,1
82,52,0.7468130819686054,0.7068235077663794,0.5057499184999164,0.6690702236729613,0.5053869510029654,40,neutral,-0.5,-0.04668537349067967,26,0.4704694075225659,0.22502921649559135,0.5560211029883247,1
83,65,1.611334013900206,0.21168469646452376,0.15160666072708043,0.20053312194090672,0.1513866670608434,1,fear,0.5,-0.08121017626445963,10,-0.8981688689067168,-1.269811499937552,0.21928952189772513,0
83,65,1.611334013900206,0.21168469646452376,0.15160666072708043,0.20053312194090672,0.1513866670608434,2,fear,0.5,0.053067844990018875,32,0.9837087611835469,-0.8960082199987847,0.2898714996383683,1
83,65,1.611334013900206,0.21168469646452376,0.15160666072708043,0.20053312194090672,0.1513866670608434,3,fear,0.5,-0.11676296957720594,8,-1.0692486534603771,-1.3271393167670518,0.2096329494622689,1
83,65,1.611334013900206,0.21168469646452376,0.15160666072708043,0.20053312194090672,0.1513866670608434,4,fear,0.5,-0.11848507274328071,27,0.5560092997993961,-1.1219986965239679,0.2456407341000757,0
83,65,1.611334013900206,0.21168469646452376,0.15160666072708043,0.20053312194090672,0.1513866670608434,5,fear,0.5,-0.027683151933853067,39,1.582488007121358,-0.9005466346140193,0.28893817674855776,0
83,65,1.611334013900206,0.21168469646452376,0.15160666072708043,0.20053312194090672,0.1513866670608434,6,fear,0.5,0.06278918644554837,7,-1.1547885457372071,-1.1584746725026742,0.2389445555848117,0
83,65,1.611334013900206,0.21168469646452376,0.15160666072708043,0.20053312194090672,0.1513866670608434,7,fear,0.5,-0.04999597070532241,34,1.1547885457372071,-0.9772970121773725,0.27342844463870886,1
83,65,1.611334013900206,0.21168469646452376,0.15160666072708043,0.20053312194090672,0.1513866670608434,8,fear,0.5,0.01022656605323173,4,-1.4114082225676976,-1.243699828170121,0.22379263374311112,0
83,65,1.611334013900206,0.21168469646452376,0.15160666072708043,0.20053312194090672,0.1513866670608434,9,fear,0.5,0.07192665896287707,26,0.4704694075225659,-0.9424744765761871,0.2804007809417191,0
83,65,1.611334013900206,0.21168469646452376,0.15160666072708043,0.20053312194090672,0.1513866670608434,10,fear,0.5,-0.12515440144751105,28,0.6415491920762262,-1.1177805134698218,0.24642320755509597,0
83,65,1.611334013900206,0.21168469646452376,0.15160666072708043,0.20053312194090672,0.1513866670608434,11,fear,0.5,0.1274762977942073,15,-0.4704694075225659,-1.006687467087001,0.26762861896800705,1
83,65,1.611334013900206,0.21168469646452376,0.15160666072708043,0.20053312194090672,0.1513866670608434,12,fear,0.5,0.19901381146458244,25,0.3849295152457357,-0.8262748358328583,0.30443331220219005,0
83,65,1.611334013900206,0.21168469646452376,0.15160666072708043,0.20053312194090672,0.1513866670608434,13,fear,0.5,-0.07533295985117497,24,0.2993896229689056,-1.1115091189069926,0.24758964921046914,0
83,65,1.611334013900206,0.21168469646452376,0.15160666072708043,0.20053312194090672,0.1513866670608434,14,fear,0.5,0.01703070109921553,1,-1.668027899398188,-1.2695582283992675,0.21933288548001909,0
83,65,1.611334013900206,0.21168469646452376,0.15160666072708043,0.20053312194090672,0.1513866670608434,15,fear,0.5,0.02684780492684079,5,-1.3258683302908676,-1.2161910775381353,0.22860744469520733,0
83,65,1.611334013900206,0.21168469646452376,0.15160666072708043,0.20053312194090672,0.1513866670608434,16,fear,0.5,0.20218327567498928,38,1.4969481148445278,-0.6815677187635534,0.33591149387702335,1
83,65,1.611334013900206,0.21168469646452376,0.15160666072708043,0.20053312194090672,0.1513866670608434,17,fear,0.5,-0.1334771970566687,36,1.3258683302908676,-1.0390032150119652,0.26134237003699967,0
83,65,1.611334013900206,0.21168469646452376,0.15160666072708043,0.20053312194090672,0.1513866670608434,18,fear,0.5,-0.019829893319496802,9,-0.9837087611835469,-1.219318728750966,0.22805636387966513,0
83,65,1.611334013900206,0.21168469646452376,0.15160666072708043,0.20053312194090672,0.1513866670608434,19,fear,0.5,0.03493782098342581,40,1.668027899398188,-0.8270381499383636,0.3042717017713703,0
83,65,1.611334013900206,0.21168469646452376,0.15160666072708043,0.20053312194090672,0.1513866670608434,20,fear,0.5,0.050130844365563365,20,-0.04276994613841508,-1.0295953617237612,0.26316255925654136,0
83,65,1.611334013900206,0.21168469646452376,0.15160666072708043,0.20053312194090672,0.1513866670608434,21,neutral,-0.5,-0.034648782698473574,30,0.8126289766298865,-0.8647115605128737,0.2963559064887882,1
83,65,1.611334013900206,0.21168469646452376,0.15160666072708043,0.20053312194090672,0.1513866670608434,22,neutral,-0.5,0.20511447081031445,12,-0.7270890843530564,-1.099427930494762,0.24984709834422586,0
83,65,1.611334013900206,0.21168469646452376,0.15160666072708043,0.20053312194090672,0.1513866670608434,23,neutral,-0.5,0.06768230030033125,18,-0.2138497306920754,-1.0787002265078534,0.25375206552491736,0
83,65,1.611334013900206,0.21168469646452376,0.15160666072708043,0.20053312194090672,0.1513866670608434,24,neutral,-0.5,-0.08847636608881047,14,-0.5560092997993961,-1.3402988092282566,0.20746092378604694,0
83,65,1.611334013900206,0.21168469646452376,0.15160666072708043,0.20053312194090672,0.1513866670608434,25,neutral,-0.5,-0.06387461728079331,35,1.2403284380140374,-0.7621374996811165,0.3181823718977919,1
83,65,1.611334013900206,0.21168469646452376,0.15160666072708043,0.20053312194090672,0.1513866670608434,26,neutral,-0.5,0.020253570607942934,17,-0.2993896229689056,-1.152488935283057,0.24003476253949002,1
83,65,1.611334013900206,0.21168469646452376,0.15160666072708043,0.20053312194090672,0.1513866670608434,27,neutral,-0.5,-0.1657771424201549,3,-1.4969481148445278,-1.7075593554705697,0.15348054660917065,1
83,65,1.611334013900206,0.21168469646452376,0.15160666072708043,0.20053312194090672,0.1513866670608434,28,neutral,-0.5,0.03240578810212312,16,-0.3849295152457357,-1.166696696871692,0.23745259076610456,1
83,65,1.611334013900206,0.21168469646452376,0.15160666072708043,0.20053312194090672,0.1513866670608434,29,neutral,-0.5,-0.06427368638861679,23,0.2138497306920754,-1.0788563177827244,0.25372250891211784,0
83,65,1.611334013900206,0.21168469646452376,0.15160666072708043,0.20053312194090672,0.1513866670608434,30,neutral,-0.5,0.03388482847826553,29,0.7270890843530564,-0.8225379284189499,0.30522519386103103,0
83,65,1.611334013900206,0.21168469646452376,0.15160666072708043,0.20053312194090672,0.1513866670608434,31,neutral,-0.5,0.10063449276941816,22,0.12830983841524524,-0.9403081177075048,0.28083810844431645,0
83,65,1.611334013900206,0.21168469646452376,0.15160666072708043,0.20053312194090672,0.1513866670608434,32,neutral,-0.5,-0.16523159438711074,2,-1.582488007121358,-1.7333737865203407,0.15015654400354508,0
83,65,1.611334013900206,0.21168469646452376,0.15160666072708043,0.20053312194090672,0.1513866670608434,33,neutral,-0.5,-0.17814514840944695,21,0.04276994613841508,-1.2454477379691853,0.2234891518158659,1
83,65,1.611334013900206,0.21168469646452376,0.15160666072708043,0.20053312194090672,0.1513866670608434,34,neutral,-0.5,0.20327413635404867,6,-1.2403284380140374,-1.25942813944792,0.22107235053736043,0
83,65,1.611334013900206,0.21168469646452376,0.15160666072708043,0.20053312194090672,0.1513866670608434,35,neutral,-0.5,0.10974661130988755,11,-0.8126289766298865,-1.2211557690780044,0.22773312064204732,0
83,65,1.611334013900206,0.21168469646452376,0.15160666072708043,0.20053312194090672,0.1513866670608434,36,neutral,-0.5,-0.11455850646691589,37,1.4114082225676976,-0.7601014307016084,0.3186242449129434,1
83,65,1.611334013900206,0.21168469646452376,0.15160666072708043,0.20053312194090672,0.1513866670608434,37,neutral,-0.5,0.022093603635536613,31,0.8981688689067168,-0.781609195096048,0.3139731713471877,1
83,65,1.611334013900206,0.21168469646452376,0.15160666072708043,0.20053312194090672,0.1513866670608434,38,neutral,-0.5,-0.03248467960018497,33,1.0692486534603771,-0.7834675201661387,0.313573037682379,1
83,65,1.611334013900206,0.21168469646452376,0.15160666072708043,0.20053312194090672,0.1513866670608434,39,neutral,-0.5,-0.021721780340038743,13,-0.6415491920762262,-1.2999042025623,0.21418113995080668,1
83,65,1.611334013900206,0.21168469646452376,0.15160666072708043,0.20053312194090672,0.1513866670608434,40,neutral,-0.5,-0.04668537349067967,19,-0.12830983841524524,-1.166707921216049,0.23745055839288043,0
84,59,1.212324353008698,-0.13166508573084595,-0.09428686384677053,-0.12465641788509299,-0.09416082371182019,1,fear,0.5,-0.08121017626445963,34,1.1547885457372071,-1.6792637361495353,0.1571929869705646,1
84,59,1.212324353008698,-0.13166508573084595,-0.09428686384677053,-0.12465641788509299,-0.09416082371182019,2,fear,0.5,0.053067844990018875,36,1.3258683302908676,-1.5801385846812641,0.17077585594749847,0
84,59,1.212324353008698,-0.13166508573084595,-0.09428686384677053,-0.12465641788509299,-0.09416082371182019,3,fear,0.5,-0.11676296957720594,14,-0.5560092997993961,-1.3632878316002088,0.20370646309433593,0
84,59,1.212324353008698,-0.13166508573084595,-0.09428686384677053,-0.12465641788509299,-0.09416082371182019,4,fear,0.5,-0.11848507274328071,37,1.4114082225676976,-1.7692679373076674,0.14563339170264394,1
84,59,1.212324353008698,-0.13166508573084595,-0.09428686384677053,-0.12465641788509299,-0.09416082371182019,5,fear,0.5,-0.027683151933853067,9,-0.9837087611835469,-1.1863258394913376,0.23391670035809214,0
84,59,1.212324353008698,-0.13166508573084595,-0.09428686384677053,-0.12465641788509299,-0.09416082371182019,6,fear,0.5,0.06278918644554837,11,-0.8126289766298865,-1.131006370898143,0.24397542654183865,1
84,59,1.212324353008698,-0.13166508573084595,-0.09428686384677053,-0.12465641788509299,-0.09416082371182019,7,fear,0.5,-0.04999597070532241,31,0.8981688689067168,-1.5953202259110872,0.1686366944863367,0
84,59,1.212324353008698,-0.13166508573084595,-0.09428686384677053,-0.12465641788509299,-0.09416082371182019,8,fear,0.5,0.01022656605323173,16,-0.3849295152457357,-1.2714511657559782,0.2190089376488423,0
84,59,1.212324353008698,-0.13166508573084595,-0.09428686384677053,-0.12465641788509299,-0.09416082371182019,9,fear,0.5,0.07192665896287707,25,0.3849295152457357,-1.3679389868842655,0.20295303820315988,0
84,59,1.212324353008698,-0.13166508573084595,-0.09428686384677053,-0.12465641788509299,-0.09416082371182019,10,fear,0.5,-0.12515440144751105,22,0.12830983841524524,-1.5122907426153431,0.18059955331396538,0
84,59,1.212324353008698,-0.13166508573084595,-0.09428686384677053,-0.12465641788509299,-0.09416082371182019,11,fear,0.5,0.1274762977942073,6,-1.2403284380140374,-0.978437085083966,0.2732020101925287,0
84,59,1.212324353008698,-0.13166508573084595,-0.09428686384677053,-0.12465641788509299,-0.09416082371182019,12,fear,0.5,0.19901381146458244,30,0.8126289766298865,-1.328734008848079,0.20936885209897768,0
84,59,1.212324353008698,-0.13166508573084595,-0.09428686384677053,-0.12465641788509299,-0.09416082371182019,13,fear,0.5,-0.07533295985117497,2,-1.582488007121358,-1.1109406031569335,0.24769557264653572,0
84,59,1.212324353008698,-0.13166508573084595,-0.09428686384677053,-0.12465641788509299,-0.09416082371182019,14,fear,0.5,0.01703070109921553,1,-1.668027899398188,-1.0010005073134398,0.2687447551737478,0
84,59,1.212324353008698,-0.13166508573084595,-0.09428686384677053,-0.12465641788509299,-0.09416082371182019,15,fear,0.5,0.02684780492684079,19,-0.12830983841524524,-1.30755923156168,0.2128955596163916,0
84,59,1.212324353008698,-0.13166508573084595,-0.09428686384677053,-0.12465641788509299,-0.09416082371182019,16,fear,0.5,0.20218327567498928,32,0.9837087611835469,-1.3607174144238792,0.2041237283830028,0
84,59,1.212324353008698,-0.13166508573084595,-0.09428686384677053,-0.12465641788509299,-0.09416082371182019,17,fear,0.5,-0.1334771970566687,18,-0.2138497306920754,-1.450307798652086,0.18995420002380642,0
84,59,1.212324353008698,-0.13166508573084595,-0.09428686384677053,-0.12465641788509299,-0.09416082371182019,18,fear,0.5,-0.019829893319496802,20,-0.04276994613841508,-1.3718133647011215,0.2023270280680095,0
84,59,1.212324353008698,-0.13166508573084595,-0.09428686384677053,-0.12465641788509299,-0.09416082371182019,19,fear,0.5,0.03493782098342581,29,0.7270890843530564,-1.4752335644361316,0.1861484409498121,0
84,59,1.212324353008698,-0.13166508573084595,-0.09428686384677053,-0.12465641788509299,-0.09416082371182019,20,fear,0.5,0.050130844365563365,21,0.04276994613841508,-1.319429061909165,0.21091329838095502,0
84,59,1.212324353008698,-0.13166508573084595,-0.09428686384677053,-0.12465641788509299,-0.09416082371182019,21,neutral,-0.5,-0.034648782698473574,35,1.2403284380140374,-0.7018548300924402,0.33140111649062143,1
84,59,1.212324353008698,-0.13166508573084595,-0.09428686384677053,-0.12465641788509299,-0.09416082371182019,22,neutral,-0.5,0.20511447081031445,40,1.668027899398188,-0.4017221282893536,0.40089865047040557,1
84,59,1.212324353008698,-0.13166508573084595,-0.09428686384677053,-0.12465641788509299,-0.09416082371182019,23,neutral,-0.5,0.06768230030033125,15,-0.4704694075225659,-0.8410015402708293,0.30132388997780907,0
84,59,1.212324353008698,-0.13166508573084595,-0.09428686384677053,-0.12465641788509299,-0.09416082371182019,24,neutral,-0.5,-0.08847636608881047,10,-0.8981688689067168,-1.0575296549542699,0.25778182380401377,0
84,59,1.212324353008698,-0.13166508573084595,-0.09428686384677053,-0.12465641788509299,-0.09416082371182019,25,neutral,-0.5,-0.06387461728079331,27,0.5560092997993961,-0.8276717819456376,0.30413758457487877,0
84,59,1.212324353008698,-0.13166508573084595,-0.09428686384677053,-0.12465641788509299,-0.09416082371182019,26,neutral,-0.5,0.020253570607942934,7,-1.1547885457372071,-0.9850213872340952,0.271896567707509,0
84,59,1.212324353008698,-0.13166508573084595,-0.09428686384677053,-0.12465641788509299,-0.09416082371182019,27,neutral,-0.5,-0.1657771424201549,5,-1.3258683302908676,-1.1951998795799126,0.23233023166935013,1
84,59,1.212324353008698,-0.13166508573084595,-0.09428686384677053,-0.12465641788509299,-0.09416082371182019,28,neutral,-0.5,0.03240578810212312,12,-0.7270890843530564,-0.9124997214456165,0.28648858939746275,0
84,59,1.212324353008698,-0.13166508573084595,-0.09428686384677053,-0.12465641788509299,-0.09416082371182019,29,neutral,-0.5,-0.06427368638861679,28,0.6415491920762262,-0.8159969613946014,0.30661405395633246,0
84,59,1.212324353008698,-0.13166508573084595,-0.09428686384677053,-0.12465641788509299,-0.09416082371182019,30,neutral,-0.5,0.03388482847826553,26,0.4704694075225659,-0.7419862258454383,0.322569963636474,1
84,59,1.212324353008698,-0.13166508573084595,-0.09428686384677053,-0.12465641788509299,-0.09416082371182019,31,neutral,-0.5,0.10063449276941816,24,0.2993896229689056,-0.6993843408720053,0.33194874151725084,1
84,59,1.212324353008698,-0.13166508573084595,-0.09428686384677053,-0.12465641788509299,-0.09416082371182019,32,neutral,-0.5,-0.16523159438711074,17,-0.2993896229689056,-1.049767655640552,0.2592697198081359,0
84,59,1.212324353008698,-0.13166508573084595,-0.09428686384677053,-0.12465641788509299,-0.09416082371182019,33,neutral,-0.5,-0.17814514840944695,8,-1.0692486534603771,-1.1713462165926256,0.2366117355035283,0
84,59,1.212324353008698,-0.13166508573084595,-0.09428686384677053,-0.12465641788509299,-0.09416082371182019,34,neutral,-0.5,0.20327413635404867,39,1.582488007121358,-0.415636352404479,0.39756140274928203,1
84,59,1.212324353008698,-0.13166508573084595,-0.09428686384677053,-0.12465641788509299,-0.09416082371182019,35,neutral,-0.5,0.10974661130988755,38,1.4969481148445278,-0.5212377671074998,0.3725628479195871,1
84,59,1.212324353008698,-0.13166508573084595,-0.09428686384677053,-0.12465641788509299,-0.09416082371182019,36,neutral,-0.5,-0.11455850646691589,3,-1.4969481148445278,-1.168129022944393,0.23719333865695913,0
84,59,1.212324353008698,-0.13166508573084595,-0.09428686384677053,-0.12465641788509299,-0.09416082371182019,37,neutral,-0.5,0.022093603635536613,33,1.0692486534603771,-0.6692602230761495,0.3386625090123173,1
84,59,1.212324353008698,-0.13166508573084595,-0.09428686384677053,-0.12465641788509299,-0.09416082371182019,38,neutral,-0.5,-0.03248467960018497,13,-0.6415491920762262,-0.9653162994890649,0.27581504673945945,1
84,59,1.212324353008698,-0.13166508573084595,-0.09428686384677053,-0.12465641788509299,-0.09416082371182019,39,neutral,-0.5,-0.021721780340038743,4,-1.4114082225676976,-1.0632184071586561,0.25669489345799196,0
84,59,1.212324353008698,-0.13166508573084595,-0.09428686384677053,-0.12465641788509299,-0.09416082371182019,40,neutral,-0.5,-0.04668537349067967,23,0.2138497306920754,-0.8587780967909628,0.2975946994563066,1
85,18,-1.5142416630832727,0.2021684964620846,0.14474261154609594,0.19141344167599408,0.14462903397297394,1,fear,0.5,-0.08121017626445963,18,-0.2138497306920754,0.4643132939020134,0.6140369092146563,0
85,18,-1.5142416630832727,0.2021684964620846,0.14474261154609594,0.19141344167599408,0.14462903397297394,2,fear,0.5,0.053067844990018875,14,-0.5560092997993961,0.4622958562294386,0.6135586755352346,0
85,18,-1.5142416630832727,0.2021684964620846,0.14474261154609594,0.19141344167599408,0.14462903397297394,3,fear,0.5,-0.11676296957720594,7,-1.1547885457372071,0.053947988539869735,0.5134837270566445,1
85,18,-1.5142416630832727,0.2021684964620846,0.14474261154609594,0.19141344167599408,0.14462903397297394,4,fear,0.5,-0.11848507274328071,30,0.8126289766298865,0.8359247742043533,0.6976062327996465,0
85,18,-1.5142416630832727,0.2021684964620846,0.14474261154609594,0.19141344167599408,0.14462903397297394,5,fear,0.5,-0.027683151933853067,27,0.5560092997993961,0.8245051008184905,0.6951918102647583,1
85,18,-1.5142416630832727,0.2021684964620846,0.14474261154609594,0.19141344167599408,0.14462903397297394,6,fear,0.5,0.06278918644554837,32,0.9837087611835469,1.0853467628567093,0.7475044743910823,1
85,18,-1.5142416630832727,0.2021684964620846,0.14474261154609594,0.19141344167599408,0.14462903397297394,7,fear,0.5,-0.04999597070532241,35,1.2403284380140374,1.0747831999011286,0.7455054834709249,1
85,18,-1.5142416630832727,0.2021684964620846,0.14474261154609594,0.19141344167599408,0.14462903397297394,8,fear,0.5,0.01022656605323173,37,1.4114082225676976,1.2031534661232095,0.7690852924966699,1
85,18,-1.5142416630832727,0.2021684964620846,0.14474261154609594,0.19141344167599408,0.14462903397297394,9,fear,0.5,0.07192665896287707,38,1.4969481148445278,1.2989274237646184,0.7856544148772776,1
85,18,-1.5142416630832727,0.2021684964620846,0.14474261154609594,0.19141344167599408,0.14462903397297394,10,fear,0.5,-0.12515440144751105,28,0.6415491920762262,0.7611077160365958,0.6815941826016746,0
85,18,-1.5142416630832727,0.2021684964620846,0.14474261154609594,0.19141344167599408,0.14462903397297394,11,fear,0.5,0.1274762977942073,39,1.582488007121358,1.3885509273277117,0.800360806185233,1
85,18,-1.5142416630832727,0.2021684964620846,0.14474261154609594,0.19141344167599408,0.14462903397297394,12,fear,0.5,0.19901381146458244,19,-0.12830983841524524,0.778611146362819,0.6853807070175594,1
85,18,-1.5142416630832727,0.2021684964620846,0.14474261154609594,0.19141344167599408,0.14462903397297394,13,fear,0.5,-0.07533295985117497,24,0.2993896229689056,0.6746336987058787,0.6625399441226617,1
85,18,-1.5142416630832727,0.2021684964620846,0.14474261154609594,0.19141344167599408,0.14462903397297394,14,fear,0.5,0.01703070109921553,5,-1.3258683302908676,0.11959392975276445,0.5298628975612548,1
85,18,-1.5142416630832727,0.2021684964620846,0.14474261154609594,0.19141344167599408,0.14462903397297394,15,fear,0.5,0.02684780492684079,40,1.668027899398188,1.3219962991921086,0.7895136469482955,1
85,18,-1.5142416630832727,0.2021684964620846,0.14474261154609594,0.19141344167599408,0.14462903397297394,16,fear,0.5,0.20218327567498928,34,1.1547885457372071,1.292888581549677,0.7846357102643066,1
85,18,-1.5142416630832727,0.2021684964620846,0.14474261154609594,0.19141344167599408,0.14462903397297394,17,fear,0.5,-0.1334771970566687,20,-0.04276994613841508,0.48019400257333117,0.6177936846052775,0
85,18,-1.5142416630832727,0.2021684964620846,0.14474261154609594,0.19141344167599408,0.14462903397297394,18,fear,0.5,-0.019829893319496802,8,-1.0692486534603771,0.18495492952934234,0.5461073692661733,1
85,18,-1.5142416630832727,0.2021684964620846,0.14474261154609594,0.19141344167599408,0.14462903397297394,19,fear,0.5,0.03493782098342581,10,-0.8981688689067168,0.3078703732957918,0.5763653584799546,0
85,18,-1.5142416630832727,0.2021684964620846,0.14474261154609594,0.19141344167599408,0.14462903397297394,20,fear,0.5,0.050130844365563365,23,0.2138497306920754,0.7660236381908536,0.6826600997991613,1
85,18,-1.5142416630832727,0.2021684964620846,0.14474261154609594,0.19141344167599408,0.14462903397297394,21,neutral,-0.5,-0.034648782698473574,13,-0.6415491920762262,2.1868760047620364,0.8990647654777968,1
85,18,-1.5142416630832727,0.2021684964620846,0.14474261154609594,0.19141344167599408,0.14462903397297394,22,neutral,-0.5,0.20511447081031445,2,-1.582488007121358,2.4634661811493364,0.9215406462708653,1
85,18,-1.5142416630832727,0.2021684964620846,0.14474261154609594,0.19141344167599408,0.14462903397297394,23,neutral,-0.5,0.06768230030033125,25,0.3849295152457357,2.2490322628024635,0.9045670273847523,1
85,18,-1.5142416630832727,0.2021684964620846,0.14474261154609594,0.19141344167599408,0.14462903397297394,24,neutral,-0.5,-0.08847636608881047,12,-0.7270890843530564,2.1363963234515637,0.8943907051679881,1
85,18,-1.5142416630832727,0.2021684964620846,0.14474261154609594,0.19141344167599408,0.14462903397297394,25,neutral,-0.5,-0.06387461728079331,31,0.8981688689067168,2.097387932742151,0.8906490403508573,1
85,18,-1.5142416630832727,0.2021684964620846,0.14474261154609594,0.19141344167599408,0.14462903397297394,26,neutral,-0.5,0.020253570607942934,4,-1.4114082225676976,2.2719094767872354,0.9065237195449789,1
85,18,-1.5142416630832727,0.2021684964620846,0.14474261154609594,0.19141344167599408,0.14462903397297394,27,neutral,-0.5,-0.1657771424201549,33,1.0692486534603771,1.988789603443059,0.8796150245773867,0
85,18,-1.5142416630832727,0.2021684964620846,0.14474261154609594,0.19141344167599408,0.14462903397297394,28,neutral,-0.5,0.03240578810212312,36,1.3258683302908676,2.176928827725743,0.898158495864192,1
85,18,-1.5142416630832727,0.2021684964620846,0.14474261154609594,0.19141344167599408,0.14462903397297394,29,neutral,-0.5,-0.06427368638861679,26,0.4704694075225659,2.1137283740336508,0.8922303609451645,1
85,18,-1.5142416630832727,0.2021684964620846,0.14474261154609594,0.19141344167599408,0.14462903397297394,30,neutral,-0.5,0.03388482847826553,16,-0.3849295152457357,2.245365909699181,0.9042500577438793,1
85,18,-1.5142416630832727,0.2021684964620846,0.14474261154609594,0.19141344167599408,0.14462903397297394,31,neutral,-0.5,0.10063449276941816,11,-0.8126289766298865,2.328855084389657,0.9112387765058587,1
85,18,-1.5142416630832727,0.2021684964620846,0.14474261154609594,0.19141344167599408,0.14462903397297394,32,neutral,-0.5,-0.16523159438711074,1,-1.668027899398188,2.096468018031776,0.8905594145944747,1
85,18,-1.5142416630832727,0.2021684964620846,0.14474261154609594,0.19141344167599408,0.14462903397297394,33,neutral,-0.5,-0.17814514840944695,17,-0.2993896229689056,2.0299880307316043,0.8839098497313908,1
85,18,-1.5142416630832727,0.2021684964620846,0.14474261154609594,0.19141344167599408,0.14462903397297394,34,neutral,-0.5,0.20327413635404867,9,-0.9837087611835469,2.438190532134017,0.9196935468181642,1
85,18,-1.5142416630832727,0.2021684964620846,0.14474261154609594,0.19141344167599408,0.14462903397297394,35,neutral,-0.5,0.10974661130988755,6,-1.2403284380140374,2.354706713329451,0.9133076157994389,1
85,18,-1.5142416630832727,0.2021684964620846,0.14474261154609594,0.19141344167599408,0.14462903397297394,36,neutral,-0.5,-0.11455850646691589,3,-1.4969481148445278,2.1404453017922416,0.8947725450774979,1
85,18,-1.5142416630832727,0.2021684964620846,0.14474261154609594,0.19141344167599408,0.14462903397297394,37,neutral,-0.5,0.022093603635536613,21,0.04276994613841508,2.216835174457128,0.9017511610942159,1
85,18,-1.5142416630832727,0.2021684964620846,0.14474261154609594,0.19141344167599408,0.14462903397297394,38,neutral,-0.5,-0.03248467960018497,22,0.12830983841524524,2.158908989141542,0.8964983584620075,1
85,18,-1.5142416630832727,0.2021684964620846,0.14474261154609594,0.19141344167599408,0.14462903397297394,39,neutral,-0.5,-0.021721780340038743,15,-0.4704694075225659,2.1931072029607415,0.8996288255248674,1
85,18,-1.5142416630832727,0.2021684964620846,0.14474261154609594,0.19141344167599408,0.14462903397297394,40,neutral,-0.5,-0.04668537349067967,29,0.7270890843530564,2.121272980691994,0.8929536713251357,1
86,31,-0.6497207311516723,0.10155841642094038,0.07261791759667197,0.09606414459538405,0.07261912818852168,1,fear,0.5,-0.08121017626445963,22,0.12830983841524524,-0.04701997452635877,0.48824717162777104,0
86,31,-0.6497207311516723,0.10155841642094038,0.07261791759667197,0.09606414459538405,0.07261912818852168,2,fear,0.5,0.053067844990018875,21,0.04276994613841508,0.06908917280408722,0.5172654259726575,0
86,31,-0.6497207311516723,0.10155841642094038,0.07261791759667197,0.09606414459538405,0.07261912818852168,3,fear,0.5,-0.11676296957720594,2,-1.582488007121358,-0.4459502463197551,0.39032406157292143,0
86,31,-0.6497207311516723,0.10155841642094038,0.07261791759667197,0.09606414459538405,0.07261912818852168,4,fear,0.5,-0.11848507274328071,30,0.8126289766298865,0.061056120387080186,0.5152592900294461,1
86,31,-0.6497207311516723,0.10155841642094038,0.07261791759667197,0.09606414459538405,0.07261912818852168,5,fear,0.5,-0.027683151933853067,29,0.7270890843530564,0.13368916727247526,0.5333726014835584,0
86,31,-0.6497207311516723,0.10155841642094038,0.07261791759667197,0.09606414459538405,0.07261912818852168,6,fear,0.5,0.06278918644554837,39,1.582488007121358,0.4058502448922018,0.6000924292672354,1
86,31,-0.6497207311516723,0.10155841642094038,0.07261791759667197,0.09606414459538405,0.07261912818852168,7,fear,0.5,-0.04999597070532241,36,1.3258683302908676,0.23855846596923364,0.5593583753459009,1
86,31,-0.6497207311516723,0.10155841642094038,0.07261791759667197,0.09606414459538405,0.07261912818852168,8,fear,0.5,0.01022656605323173,14,-0.5560092997993961,-0.10093422360092742,0.47478784499231436,1
86,31,-0.6497207311516723,0.10155841642094038,0.07261791759667197,0.09606414459538405,0.07261912818852168,9,fear,0.5,0.07192665896287707,12,-0.7270890843530564,-0.07557187853934695,0.48111601688336897,0
86,31,-0.6497207311516723,0.10155841642094038,0.07261791759667197,0.09606414459538405,0.07261912818852168,10,fear,0.5,-0.12515440144751105,33,1.0692486534603771,0.10889341345494741,0.5271964845227242,0
86,31,-0.6497207311516723,0.10155841642094038,0.07261791759667197,0.09606414459538405,0.07261912818852168,11,fear,0.5,0.1274762977942073,17,-0.2993896229689056,0.07082212991214566,0.5176981356088692,0
86,31,-0.6497207311516723,0.10155841642094038,0.07261791759667197,0.09606414459538405,0.07261912818852168,12,fear,0.5,0.19901381146458244,9,-0.9837087611835469,-0.002991347809739163,0.4992521636052118,0
86,31,-0.6497207311516723,0.10155841642094038,0.07261791759667197,0.09606414459538405,0.07261912818852168,13,fear,0.5,-0.07533295985117497,27,0.5560092997993961,0.049701611507088475,0.5124228456873123,0
86,31,-0.6497207311516723,0.10155841642094038,0.07261791759667197,0.09606414459538405,0.07261912818852168,14,fear,0.5,0.01703070109921553,16,-0.3849295152457357,-0.05779234070687862,0.48555593480972753,1
86,31,-0.6497207311516723,0.10155841642094038,0.07261791759667197,0.09606414459538405,0.07261912818852168,15,fear,0.5,0.02684780492684079,3,-1.4969481148445278,-0.28417059789167576,0.42943159638802647,0
86,31,-0.6497207311516723,0.10155841642094038,0.07261791759667197,0.09606414459538405,0.07261912818852168,16,fear,0.5,0.20218327567498928,31,0.8981688689067168,0.3998933427293827,0.5986620342873679,0
86,31,-0.6497207311516723,0.10155841642094038,0.07261791759667197,0.09606414459538405,0.07261912818852168,17,fear,0.5,-0.1334771970566687,1,-1.668027899398188,-0.4808333477232503,0.3820553616199269,0
86,31,-0.6497207311516723,0.10155841642094038,0.07261791759667197,0.09606414459538405,0.07261912818852168,18,fear,0.5,-0.019829893319496802,19,-0.12830983841524524,-0.04014631335349343,0.4899647694626513,0
86,31,-0.6497207311516723,0.10155841642094038,0.07261791759667197,0.09606414459538405,0.07261912818852168,19,fear,0.5,0.03493782098342581,4,-1.4114082225676976,-0.2579117079110584,0.43587712576188814,0
86,31,-0.6497207311516723,0.10155841642094038,0.07261791759667197,0.09606414459538405,0.07261912818852168,20,fear,0.5,0.050130844365563365,35,1.2403284380140374,0.3205164071160868,0.5794500993622257,1
86,31,-0.6497207311516723,0.10155841642094038,0.07261791759667197,0.09606414459538405,0.07261912818852168,21,neutral,-0.5,-0.034648782698473574,37,1.4114082225676976,1.2290853600012335,0.773658450786687,0
86,31,-0.6497207311516723,0.10155841642094038,0.07261791759667197,0.09606414459538405,0.07261912818852168,22,neutral,-0.5,0.20511447081031445,23,0.2138497306920754,1.445090163077243,0.8092416549862184,0
86,31,-0.6497207311516723,0.10155841642094038,0.07261791759667197,0.09606414459538405,0.07261912818852168,23,neutral,-0.5,0.06768230030033125,10,-0.8981688689067168,1.2855965743082518,0.7834009311662509,1
86,31,-0.6497207311516723,0.10155841642094038,0.07261791759667197,0.09606414459538405,0.07261912818852168,24,neutral,-0.5,-0.08847636608881047,28,0.6415491920762262,1.1599844870469675,0.7613298960470611,1
86,31,-0.6497207311516723,0.10155841642094038,0.07261791759667197,0.09606414459538405,0.07261912818852168,25,neutral,-0.5,-0.06387461728079331,7,-1.1547885457372071,1.1489485602058178,0.7593188147773192,1
86,31,-0.6497207311516723,0.10155841642094038,0.07261791759667197,0.09606414459538405,0.07261912818852168,26,neutral,-0.5,0.020253570607942934,32,0.9837087611835469,1.2755025524388006,0.7816832389046835,1
86,31,-0.6497207311516723,0.10155841642094038,0.07261791759667197,0.09606414459538405,0.07261912818852168,27,neutral,-0.5,-0.1657771424201549,40,1.668027899398188,1.1030480968008616,0.7508307913548812,1
86,31,-0.6497207311516723,0.10155841642094038,0.07261791759667197,0.09606414459538405,0.07261912818852168,28,neutral,-0.5,0.03240578810212312,34,1.1547885457372071,1.2910488342805204,0.7843246623535829,1
86,31,-0.6497207311516723,0.10155841642094038,0.07261791759667197,0.09606414459538405,0.07261912818852168,29,neutral,-0.5,-0.06427368638861679,5,-1.3258683302908676,1.1451554267504542,0.7586249237046537,1
86,31,-0.6497207311516723,0.10155841642094038,0.07261791759667197,0.09606414459538405,0.07261912818852168,30,neutral,-0.5,0.03388482847826553,8,-1.0692486534603771,1.2484050381386462,0.7770236435336914,0
86,31,-0.6497207311516723,0.10155841642094038,0.07261791759667197,0.09606414459538405,0.07261912818852168,31,neutral,-0.5,0.10063449276941816,24,0.2993896229689056,1.342307217210117,0.7928691064234147,1
86,31,-0.6497207311516723,0.10155841642094038,0.07261791759667197,0.09606414459538405,0.07261912818852168,32,neutral,-0.5,-0.16523159438711074,13,-0.6415491920762262,1.0577737761421195,0.7422648812276219,0
86,31,-0.6497207311516723,0.10155841642094038,0.07261791759667197,0.09606414459538405,0.07261912818852168,33,neutral,-0.5,-0.17814514840944695,15,-0.4704694075225659,1.048254286467323,0.7404395333905464,1
86,31,-0.6497207311516723,0.10155841642094038,0.07261791759667197,0.09606414459538405,0.07261912818852168,34,neutral,-0.5,0.20327413635404867,11,-0.8126289766298865,1.4228854425357393,0.8057903642704317,0
86,31,-0.6497207311516723,0.10155841642094038,0.07261791759667197,0.09606414459538405,0.07261912818852168,35,neutral,-0.5,0.10974661130988755,6,-1.2403284380140374,1.3208727566227287,0.7893268738334696,1
86,31,-0.6497207311516723,0.10155841642094038,0.07261791759667197,0.09606414459538405,0.07261912818852168,36,neutral,-0.5,-0.11455850646691589,26,0.4704694075225659,1.1305082823213228,0.7559326885984585,0
86,31,-0.6497207311516723,0.10155841642094038,0.07261791759667197,0.09606414459538405,0.07261912818852168,37,neutral,-0.5,0.022093603635536613,25,0.3849295152457357,1.2654633602500054,0.7799651609749958,1
86,31,-0.6497207311516723,0.10155841642094038,0.07261791759667197,0.09606414459538405,0.07261912818852168,38,neutral,-0.5,-0.03248467960018497,20,-0.04276994613841508,1.2023999161454344,0.7689514400812559,1
86,31,-0.6497207311516723,0.10155841642094038,0.07261791759667197,0.09606414459538405,0.07261912818852168,39,neutral,-0.5,-0.021721780340038743,38,1.4969481148445278,1.2437093945334379,0.7762090280205989,1
86,31,-0.6497207311516723,0.10155841642094038,0.07261791759667197,0.09606414459538405,0.07261912818852168,40,neutral,-0.5,-0.04668537349067967,18,-0.2138497306920754,1.1848051579074002,0.7658106837367689,1
87,58,1.1458227428601133,-0.41430172385547215,-0.2963790264626994,-0.39220334018140557,-0.29616632873256776,1,fear,0.5,-0.08121017626445963,15,-0.4704694075225659,-1.5853646293103838,0.17003706092990684,1
87,58,1.1458227428601133,-0.41430172385547215,-0.2963790264626994,-0.39220334018140557,-0.29616632873256776,2,fear,0.5,0.053067844990018875,37,1.4114082225676976,-2.396892405949157,0.08340997323606565,0
87,58,1.1458227428601133,-0.41430172385547215,-0.2963790264626994,-0.39220334018140557,-0.29616632873256776,3,fear,0.5,-0.11676296957720594,23,0.2138497306920754,-1.964846803675222,0.12294346878902604,0
87,58,1.1458227428601133,-0.41430172385547215,-0.2963790264626994,-0.39220334018140557,-0.29616632873256776,4,fear,0.5,-0.11848507274328071,6,-1.2403284380140374,-1.2357189721056017,0.22518203957795047,0
87,58,1.1458227428601133,-0.41430172385547215,-0.2963790264626994,-0.39220334018140557,-0.29616632873256776,5,fear,0.5,-0.027683151933853067,22,0.12830983841524524,-1.8327758134003573,0.13790792675666994,0
87,58,1.1458227428601133,-0.41430172385547215,-0.2963790264626994,-0.39220334018140557,-0.29616632873256776,6,fear,0.5,0.06278918644554837,36,1.3258683302908676,-2.3441798918621166,0.08752949879431071,0
87,58,1.1458227428601133,-0.41430172385547215,-0.2963790264626994,-0.39220334018140557,-0.29616632873256776,7,fear,0.5,-0.04999597070532241,30,0.8126289766298865,-2.1990180132239185,0.09983870652114464,0
87,58,1.1458227428601133,-0.41430172385547215,-0.2963790264626994,-0.39220334018140557,-0.29616632873256776,8,fear,0.5,0.01022656605323173,7,-1.1547885457372071,-1.149998505940601,0.2404893559470457,0
87,58,1.1458227428601133,-0.41430172385547215,-0.2963790264626994,-0.39220334018140557,-0.29616632873256776,9,fear,0.5,0.07192665896287707,10,-0.8981688689067168,-1.2172719309254898,0.2284168963494495,0
87,58,1.1458227428601133,-0.41430172385547215,-0.2963790264626994,-0.39220334018140557,-0.29616632873256776,10,fear,0.5,-0.12515440144751105,20,-0.04276994613841508,-1.8442647176509923,0.13654769221584587,0
87,58,1.1458227428601133,-0.41430172385547215,-0.2963790264626994,-0.39220334018140557,-0.29616632873256776,11,fear,0.5,0.1274762977942073,26,0.4704694075225659,-1.8495810541983426,0.13592209354852855,0
87,58,1.1458227428601133,-0.41430172385547215,-0.2963790264626994,-0.39220334018140557,-0.29616632873256776,12,fear,0.5,0.19901381146458244,9,-0.9837087611835469,-1.047193605792273,0.2597643695703926,1
87,58,1.1458227428601133,-0.41430172385547215,-0.2963790264626994,-0.39220334018140557,-0.29616632873256776,13,fear,0.5,-0.07533295985117497,14,-0.5560092997993961,-1.536496240265588,0.1770451957277505,0
87,58,1.1458227428601133,-0.41430172385547215,-0.2963790264626994,-0.39220334018140557,-0.29616632873256776,14,fear,0.5,0.01703070109921553,28,0.6415491920762262,-2.0460089961563575,0.11445627159426021,0
87,58,1.1458227428601133,-0.41430172385547215,-0.2963790264626994,-0.39220334018140557,-0.29616632873256776,15,fear,0.5,0.02684780492684079,29,0.7270890843530564,-2.079183064960244,0.1111366422422237,0
87,58,1.1458227428601133,-0.41430172385547215,-0.2963790264626994,-0.39220334018140557,-0.29616632873256776,16,fear,0.5,0.20218327567498928,17,-0.2993896229689056,-1.387953522633958,0.1997346662880621,1
87,58,1.1458227428601133,-0.41430172385547215,-0.2963790264626994,-0.39220334018140557,-0.29616632873256776,17,fear,0.5,-0.1334771970566687,19,-0.12830983841524524,-1.8095963406286384,0.14068691869682004,0
87,58,1.1458227428601133,-0.41430172385547215,-0.2963790264626994,-0.39220334018140557,-0.29616632873256776,18,fear,0.5,-0.019829893319496802,33,1.0692486534603771,-2.297825453732627,0.09130321619294245,0
87,58,1.1458227428601133,-0.41430172385547215,-0.2963790264626994,-0.39220334018140557,-0.29616632873256776,19,fear,0.5,0.03493782098342581,5,-1.3258683302908676,-1.0393049057473838,0.2612841350858537,1
87,58,1.1458227428601133,-0.41430172385547215,-0.2963790264626994,-0.39220334018140557,-0.29616632873256776,20,fear,0.5,0.050130844365563365,1,-1.668027899398188,-0.8521471918392004,0.2989826291025274,0
87,58,1.1458227428601133,-0.41430172385547215,-0.2963790264626994,-0.39220334018140557,-0.29616632873256776,21,neutral,-0.5,-0.034648782698473574,13,-0.6415491920762262,-0.9769700135582433,0.273493412740202,0
87,58,1.1458227428601133,-0.41430172385547215,-0.2963790264626994,-0.39220334018140557,-0.29616632873256776,22,neutral,-0.5,0.20511447081031445,2,-1.582488007121358,-0.7680174624508815,0.3169081249003707,0
87,58,1.1458227428601133,-0.41430172385547215,-0.2963790264626994,-0.39220334018140557,-0.29616632873256776,23,neutral,-0.5,0.06768230030033125,31,0.8981688689067168,-0.8242214175389232,0.30486830559515016,0
87,58,1.1458227428601133,-0.41430172385547215,-0.2963790264626994,-0.39220334018140557,-0.29616632873256776,24,neutral,-0.5,-0.08847636608881047,38,1.4969481148445278,-0.9607732733089757,0.27672339939157814,0
87,58,1.1458227428601133,-0.41430172385547215,-0.2963790264626994,-0.39220334018140557,-0.29616632873256776,25,neutral,-0.5,-0.06387461728079331,35,1.2403284380140374,-0.9445744433377109,0.27997725313011623,1
87,58,1.1458227428601133,-0.41430172385547215,-0.2963790264626994,-0.39220334018140557,-0.29616632873256776,26,neutral,-0.5,0.020253570607942934,27,0.5560092997993961,-0.8828540390136483,0.29258670120410507,0
87,58,1.1458227428601133,-0.41430172385547215,-0.2963790264626994,-0.39220334018140557,-0.29616632873256776,27,neutral,-0.5,-0.1657771424201549,16,-0.3849295152457357,-1.099695454443172,0.24979696141813776,1
87,58,1.1458227428601133,-0.41430172385547215,-0.2963790264626994,-0.39220334018140557,-0.29616632873256776,28,neutral,-0.5,0.03240578810212312,21,0.04276994613841508,-0.8875076591929733,0.29162442673197025,0
87,58,1.1458227428601133,-0.41430172385547215,-0.2963790264626994,-0.39220334018140557,-0.29616632873256776,29,neutral,-0.5,-0.06427368638861679,34,1.1547885457372071,-0.9477744853911187,0.2793326111127959,0
87,58,1.1458227428601133,-0.41430172385547215,-0.2963790264626994,-0.39220334018140557,-0.29616632873256776,30,neutral,-0.5,0.03388482847826553,11,-0.8126289766298865,-0.9140383482726727,0.2861741776111019,1
87,58,1.1458227428601133,-0.41430172385547215,-0.2963790264626994,-0.39220334018140557,-0.29616632873256776,31,neutral,-0.5,0.10063449276941816,40,1.668027899398188,-0.7660604685595784,0.3173319214969822,0
87,58,1.1458227428601133,-0.41430172385547215,-0.2963790264626994,-0.39220334018140557,-0.29616632873256776,32,neutral,-0.5,-0.16523159438711074,4,-1.4114082225676976,-1.1327615817571381,0.24365182091442586,0
87,58,1.1458227428601133,-0.41430172385547215,-0.2963790264626994,-0.39220334018140557,-0.29616632873256776,33,neutral,-0.5,-0.17814514840944695,25,0.3849295152457357,-1.0868547039222063,0.25221102073472534,0
87,58,1.1458227428601133,-0.41430172385547215,-0.2963790264626994,-0.39220334018140557,-0.29616632873256776,34,neutral,-0.5,0.20327413635404867,32,0.9837087611835469,-0.6858286085396216,0.33496166157613433,1
87,58,1.1458227428601133,-0.41430172385547215,-0.2963790264626994,-0.39220334018140557,-0.29616632873256776,35,neutral,-0.5,0.10974661130988755,24,0.2993896229689056,-0.8017639171484562,0.3096483263851919,1
87,58,1.1458227428601133,-0.41430172385547215,-0.2963790264626994,-0.39220334018140557,-0.29616632873256776,36,neutral,-0.5,-0.11455850646691589,8,-1.0692486534603771,-1.0708846020546066,0.25523489372456687,0
87,58,1.1458227428601133,-0.41430172385547215,-0.2963790264626994,-0.39220334018140557,-0.29616632873256776,37,neutral,-0.5,0.022093603635536613,12,-0.7270890843530564,-0.9230286001698176,0.28434119825001114,0
87,58,1.1458227428601133,-0.41430172385547215,-0.2963790264626994,-0.39220334018140557,-0.29616632873256776,38,neutral,-0.5,-0.03248467960018497,39,1.582488007121358,-0.9019806138747659,0.2886436507324016,0
87,58,1.1458227428601133,-0.41430172385547215,-0.2963790264626994,-0.39220334018140557,-0.29616632873256776,39,neutral,-0.5,-0.021721780340038743,18,-0.2138497306920754,-0.9500381464718877,0.2788771504781995,0
87,58,1.1458227428601133,-0.41430172385547215,-0.2963790264626994,-0.39220334018140557,-0.29616632873256776,40,neutral,-0.5,-0.04668537349067967,3,-1.4969481148445278,-1.0170163338062914,0.26560898984758785,0
88,29,-0.7827239514488415,0.37997941837710625,0.27192002023289497,0.3597572003328069,0.27171090379703466,1,fear,0.5,-0.08121017626445963,6,-1.2403284380140374,-0.23981940839261445,0.440330855175369,0
88,29,-0.7827239514488415,0.37997941837710625,0.27192002023289497,0.3597572003328069,0.27171090379703466,2,fear,0.5,0.053067844990018875,39,1.582488007121358,1.371414405341961,0.7976085759143581,1
88,29,-0.7827239514488415,0.37997941837710625,0.27192002023289497,0.3597572003328069,0.27171090379703466,3,fear,0.5,-0.11676296957720594,13,-0.6415491920762262,0.03792145124496271,0.5094792268823062,0
88,29,-0.7827239514488415,0.37997941837710625,0.27192002023289497,0.3597572003328069,0.27171090379703466,4,fear,0.5,-0.11848507274328071,2,-1.582488007121358,-0.45611924941447773,0.3879068485558123,0
88,29,-0.7827239514488415,0.37997941837710625,0.27192002023289497,0.3597572003328069,0.27171090379703466,5,fear,0.5,-0.027683151933853067,36,1.3258683302908676,1.1563947000108075,0.7606769959466747,1
88,29,-0.7827239514488415,0.37997941837710625,0.27192002023289497,0.3597572003328069,0.27171090379703466,6,fear,0.5,0.06278918644554837,23,0.2138497306920754,0.6650359686253222,0.6603907399823826,1
88,29,-0.7827239514488415,0.37997941837710625,0.27192002023289497,0.3597572003328069,0.27171090379703466,7,fear,0.5,-0.04999597070532241,1,-1.668027899398188,-0.43238638351227976,0.3935566294291357,0
88,29,-0.7827239514488415,0.37997941837710625,0.27192002023289497,0.3597572003328069,0.27171090379703466,8,fear,0.5,0.01022656605323173,19,-0.12830983841524524,0.4334484036899635,0.606696814049338,0
88,29,-0.7827239514488415,0.37997941837710625,0.27192002023289497,0.3597572003328069,0.27171090379703466,9,fear,0.5,0.07192665896287707,25,0.3849295152457357,0.763685913414172,0.6821534500057297,1
88,29,-0.7827239514488415,0.37997941837710625,0.27192002023289497,0.3597572003328069,0.27171090379703466,10,fear,0.5,-0.12515440144751105,8,-1.0692486534603771,-0.19425116130414508,0.45158933938692253,0
88,29,-0.7827239514488415,0.37997941837710625,0.27192002023289497,0.3597572003328069,0.27171090379703466,11,fear,0.5,0.1274762977942073,7,-1.1547885457372071,0.013623301801812968,0.5034057727762669,0
88,29,-0.7827239514488415,0.37997941837710625,0.27192002023289497,0.3597572003328069,0.27171090379703466,12,fear,0.5,0.19901381146458244,24,0.2993896229689056,0.8460168297801168,0.6997309146680009,0
88,29,-0.7827239514488415,0.37997941837710625,0.27192002023289497,0.3597572003328069,0.27171090379703466,13,fear,0.5,-0.07533295985117497,18,-0.2138497306920754,0.3031326416497962,0.575208137930217,1
88,29,-0.7827239514488415,0.37997941837710625,0.27192002023289497,0.3597572003328069,0.27171090379703466,14,fear,0.5,0.01703070109921553,31,0.8981688689067168,0.9773273723650736,0.7265775868365193,1
88,29,-0.7827239514488415,0.37997941837710625,0.27192002023289497,0.3597572003328069,0.27171090379703466,15,fear,0.5,0.02684780492684079,29,0.7270890843530564,0.8976320039211779,0.7104626357270751,1
88,29,-0.7827239514488415,0.37997941837710625,0.27192002023289497,0.3597572003328069,0.27171090379703466,16,fear,0.5,0.20218327567498928,35,1.2403284380140374,1.3415048914838892,0.7927373113639137,1
88,29,-0.7827239514488415,0.37997941837710625,0.27192002023289497,0.3597572003328069,0.27171090379703466,17,fear,0.5,-0.1334771970566687,14,-0.5560092997993961,0.06596345990126051,0.5164848880185172,0
88,29,-0.7827239514488415,0.37997941837710625,0.27192002023289497,0.3597572003328069,0.27171090379703466,18,fear,0.5,-0.019829893319496802,28,0.6415491920762262,0.8061980695390797,0.6912987447749175,0
88,29,-0.7827239514488415,0.37997941837710625,0.27192002023289497,0.3597572003328069,0.27171090379703466,19,fear,0.5,0.03493782098342581,15,-0.4704694075225659,0.2791347140771155,0.5693340748139187,1
88,29,-0.7827239514488415,0.37997941837710625,0.27192002023289497,0.3597572003328069,0.27171090379703466,20,fear,0.5,0.050130844365563365,27,0.5560092997993961,0.8314025710883792,0.6966514144041239,1
88,29,-0.7827239514488415,0.37997941837710625,0.27192002023289497,0.3597572003328069,0.27171090379703466,21,neutral,-0.5,-0.034648782698473574,10,-0.8981688689067168,1.393035948779765,0.8010764728077924,1
88,29,-0.7827239514488415,0.37997941837710625,0.27192002023289497,0.3597572003328069,0.27171090379703466,22,neutral,-0.5,0.20511447081031445,34,1.1547885457372071,1.8482877411542624,0.8639259388194828,1
88,29,-0.7827239514488415,0.37997941837710625,0.27192002023289497,0.3597572003328069,0.27171090379703466,23,neutral,-0.5,0.06768230030033125,11,-0.8126289766298865,1.504345720897974,0.8182217307590546,1
88,29,-0.7827239514488415,0.37997941837710625,0.27192002023289497,0.3597572003328069,0.27171090379703466,24,neutral,-0.5,-0.08847636608881047,5,-1.3258683302908676,1.2943149197924053,0.7848766386295735,1
88,29,-0.7827239514488415,0.37997941837710625,0.27192002023289497,0.3597572003328069,0.27171090379703466,25,neutral,-0.5,-0.06387461728079331,30,0.8126289766298865,1.5433838965855367,0.8239561058815483,1
88,29,-0.7827239514488415,0.37997941837710625,0.27192002023289497,0.3597572003328069,0.27171090379703466,26,neutral,-0.5,0.020253570607942934,37,1.4114082225676976,1.6903629083101044,0.8442718798875216,1
88,29,-0.7827239514488415,0.37997941837710625,0.27192002023289497,0.3597572003328069,0.27171090379703466,27,neutral,-0.5,-0.1657771424201549,33,1.0692486534603771,1.4684174388043885,0.812816725346529,1
88,29,-0.7827239514488415,0.37997941837710625,0.27192002023289497,0.3597572003328069,0.27171090379703466,28,neutral,-0.5,0.03240578810212312,16,-0.3849295152457357,1.5139626542967888,0.8196477296763166,0
88,29,-0.7827239514488415,0.37997941837710625,0.27192002023289497,0.3597572003328069,0.27171090379703466,29,neutral,-0.5,-0.06427368638861679,12,-0.7270890843530564,1.3813684233284307,0.7992106851146104,0
88,29,-0.7827239514488415,0.37997941837710625,0.27192002023289497,0.3597572003328069,0.27171090379703466,30,neutral,-0.5,0.03388482847826553,26,0.4704694075225659,1.605228585866977,0.83274788405883,0
88,29,-0.7827239514488415,0.37997941837710625,0.27192002023289497,0.3597572003328069,0.27171090379703466,31,neutral,-0.5,0.10063449276941816,21,0.04276994613841508,1.6270848045611068,0.8357698947632501,1
88,29,-0.7827239514488415,0.37997941837710625,0.27192002023289497,0.3597572003328069,0.27171090379703466,32,neutral,-0.5,-0.16523159438711074,22,0.12830983841524524,1.3701974065239826,0.7974120456903311,1
88,29,-0.7827239514488415,0.37997941837710625,0.27192002023289497,0.3597572003328069,0.27171090379703466,33,neutral,-0.5,-0.17814514840944695,38,1.4969481148445278,1.5009428784121193,0.8177150610572251,1
88,29,-0.7827239514488415,0.37997941837710625,0.27192002023289497,0.3597572003328069,0.27171090379703466,34,neutral,-0.5,0.20327413635404867,4,-1.4114082225676976,1.5770867331158598,0.8287915325598558,1
88,29,-0.7827239514488415,0.37997941837710625,0.27192002023289497,0.3597572003328069,0.27171090379703466,35,neutral,-0.5,0.10974661130988755,9,-0.9837087611835469,1.5284526536687215,0.8217798061664263,1
88,29,-0.7827239514488415,0.37997941837710625,0.27192002023289497,0.3597572003328069,0.27171090379703466,36,neutral,-0.5,-0.11455850646691589,17,-0.2993896229689056,1.3759770488471543,0.7983441194539492,0
88,29,-0.7827239514488415,0.37997941837710625,0.27192002023289497,0.3597572003328069,0.27171090379703466,37,neutral,-0.5,0.022093603635536613,40,1.668027899398188,1.7191390086959122,0.8480179019835152,1
88,29,-0.7827239514488415,0.37997941837710625,0.27192002023289497,0.3597572003328069,0.27171090379703466,38,neutral,-0.5,-0.03248467960018497,20,-0.04276994613841508,1.484986943072099,0.8153246476247564,1
88,29,-0.7827239514488415,0.37997941837710625,0.27192002023289497,0.3597572003328069,0.27171090379703466,39,neutral,-0.5,-0.021721780340038743,32,0.9837087611835469,1.6034941117651,0.832506169064684,1
88,29,-0.7827239514488415,0.37997941837710625,0.27192002023289497,0.3597572003328069,0.27171090379703466,40,neutral,-0.5,-0.04668537349067967,3,-1.4969481148445278,1.318148534151727,0.7888735059275094,1
89,50,0.6138098616714361,-0.2615859852258504,-0.18712890053991427,-0.24762891525640415,-0.18708704212243865,1,fear,0.5,-0.08121017626445963,12,-0.7270890843530564,-1.0926846972825057,0.25111306958111856,1
89,50,0.6138098616714361,-0.2615859852258504,-0.18712890053991427,-0.24762891525640415,-0.18708704212243865,2,fear,0.5,0.053067844990018875,37,1.4114082225676976,-1.5805282811906634,0.1707206775346377,0
89,50,0.6138098616714361,-0.2615859852258504,-0.18712890053991427,-0.24762891525640415,-0.18708704212243865,3,fear,0.5,-0.11676296957720594,25,0.3849295152457357,-1.451740725279823,0.1897338112586288,1
89,50,0.6138098616714361,-0.2615859852258504,-0.18712890053991427,-0.24762891525640415,-0.18708704212243865,4,fear,0.5,-0.11848507274328071,27,0.5560092997993961,-1.5032325568589084,0.18194389426920124,1
89,50,0.6138098616714361,-0.2615859852258504,-0.18712890053991427,-0.24762891525640415,-0.18708704212243865,5,fear,0.5,-0.027683151933853067,35,1.2403284380140374,-1.6115095497015242,0.16637913792299877,1
89,50,0.6138098616714361,-0.2615859852258504,-0.18712890053991427,-0.24762891525640415,-0.18708704212243865,6,fear,0.5,0.06278918644554837,39,1.582488007121358,-1.6205766681481444,0.1651253559591651,0
89,50,0.6138098616714361,-0.2615859852258504,-0.18712890053991427,-0.24762891525640415,-0.18708704212243865,7,fear,0.5,-0.04999597070532241,18,-0.2138497306920754,-1.2107796769624015,0.22956312517250144,1
89,50,0.6138098616714361,-0.2615859852258504,-0.18712890053991427,-0.24762891525640415,-0.18708704212243865,8,fear,0.5,0.01022656605323173,9,-0.9837087611835469,-0.9265933623452982,0.28361635823218345,0
89,50,0.6138098616714361,-0.2615859852258504,-0.18712890053991427,-0.24762891525640415,-0.18708704212243865,9,fear,0.5,0.07192665896287707,34,1.1547885457372071,-1.4870148745982885,0.18437020121746384,1
89,50,0.6138098616714361,-0.2615859852258504,-0.18712890053991427,-0.24762891525640415,-0.18708704212243865,10,fear,0.5,-0.12515440144751105,33,1.0692486534603771,-1.6592110708021715,0.15986792973060257,1
89,50,0.6138098616714361,-0.2615859852258504,-0.18712890053991427,-0.24762891525640415,-0.18708704212243865,11,fear,0.5,0.1274762977942073,8,-1.0692486534603771,-0.7844587663978172,0.3133597163376028,1
89,50,0.6138098616714361,-0.2615859852258504,-0.18712890053991427,-0.24762891525640415,-0.18708704212243865,12,fear,0.5,0.19901381146458244,20,-0.04276994613841508,-1.0115396232055072,0.26667865213944425,0
89,50,0.6138098616714361,-0.2615859852258504,-0.18712890053991427,-0.24762891525640415,-0.18708704212243865,13,fear,0.5,-0.07533295985117497,28,0.6415491920762262,-1.4849653081733083,0.18467860997210908,0
89,50,0.6138098616714361,-0.2615859852258504,-0.18712890053991427,-0.24762891525640415,-0.18708704212243865,14,fear,0.5,0.01703070109921553,5,-1.3258683302908676,-0.8202497704732925,0.3057106431254311,0
89,50,0.6138098616714361,-0.2615859852258504,-0.18712890053991427,-0.24762891525640415,-0.18708704212243865,15,fear,0.5,0.02684780492684079,36,1.3258683302908676,-1.5818634570473358,0.17053173293886564,0
89,50,0.6138098616714361,-0.2615859852258504,-0.18712890053991427,-0.24762891525640415,-0.18708704212243865,16,fear,0.5,0.20218327567498928,13,-0.6415491920762262,-0.8341761095495623,0.30276277853297756,0
89,50,0.6138098616714361,-0.2615859852258504,-0.18712890053991427,-0.24762891525640415,-0.18708704212243865,17,fear,0.5,-0.1334771970566687,31,0.8981688689067168,-1.617764137998318,0.16551345374867243,1
89,50,0.6138098616714361,-0.2615859852258504,-0.18712890053991427,-0.24762891525640415,-0.18708704212243865,18,fear,0.5,-0.019829893319496802,15,-0.4704694075225659,-1.1059590069570593,0.24862502189945915,0
89,50,0.6138098616714361,-0.2615859852258504,-0.18712890053991427,-0.24762891525640415,-0.18708704212243865,19,fear,0.5,0.03493782098342581,32,0.9837087611835469,-1.474233984164729,0.1862999220710053,0
89,50,0.6138098616714361,-0.2615859852258504,-0.18712890053991427,-0.24762891525640415,-0.18708704212243865,20,fear,0.5,0.050130844365563365,10,-0.8981688689067168,-0.9115739482394719,0.2866778667621229,0
89,50,0.6138098616714361,-0.2615859852258504,-0.18712890053991427,-0.24762891525640415,-0.18708704212243865,21,neutral,-0.5,-0.034648782698473574,2,-1.582488007121358,-0.3627079066981339,0.4103042165035517,1
89,50,0.6138098616714361,-0.2615859852258504,-0.18712890053991427,-0.24762891525640415,-0.18708704212243865,22,neutral,-0.5,0.20511447081031445,7,-1.1547885457372071,-0.11056972301448,0.47238569711376194,1
89,50,0.6138098616714361,-0.2615859852258504,-0.18712890053991427,-0.24762891525640415,-0.18708704212243865,23,neutral,-0.5,0.06768230030033125,30,0.8126289766298865,-0.19107721472007974,0.4523755077339462,0
89,50,0.6138098616714361,-0.2615859852258504,-0.18712890053991427,-0.24762891525640415,-0.18708704212243865,24,neutral,-0.5,-0.08847636608881047,19,-0.12830983841524524,-0.3744607274939265,0.40746359388915054,1
89,50,0.6138098616714361,-0.2615859852258504,-0.18712890053991427,-0.24762891525640415,-0.18708704212243865,25,neutral,-0.5,-0.06387461728079331,3,-1.4969481148445278,-0.38945875524548046,0.40384760114620427,0
89,50,0.6138098616714361,-0.2615859852258504,-0.18712890053991427,-0.24762891525640415,-0.18708704212243865,26,neutral,-0.5,0.020253570607942934,1,-1.668027899398188,-0.31028053942669065,0.4230462638535741,0
89,50,0.6138098616714361,-0.2615859852258504,-0.18712890053991427,-0.24762891525640415,-0.18708704212243865,27,neutral,-0.5,-0.1657771424201549,14,-0.5560092997993961,-0.46413643400013704,0.386005006646231,1
89,50,0.6138098616714361,-0.2615859852258504,-0.18712890053991427,-0.24762891525640415,-0.18708704212243865,28,neutral,-0.5,0.03240578810212312,26,0.4704694075225659,-0.23625367105818057,0.4412097801061327,1
89,50,0.6138098616714361,-0.2615859852258504,-0.18712890053991427,-0.24762891525640415,-0.18708704212243865,29,neutral,-0.5,-0.06427368638861679,40,1.668027899398188,-0.29828334105929577,0.42597718826678904,1
89,50,0.6138098616714361,-0.2615859852258504,-0.18712890053991427,-0.24762891525640415,-0.18708704212243865,30,neutral,-0.5,0.03388482847826553,16,-0.3849295152457357,-0.25952449103177017,0.43548060242433917,0
89,50,0.6138098616714361,-0.2615859852258504,-0.18712890053991427,-0.24762891525640415,-0.18708704212243865,31,neutral,-0.5,0.10063449276941816,24,0.2993896229689056,-0.17297493846083195,0.4568637659826978,1
89,50,0.6138098616714361,-0.2615859852258504,-0.18712890053991427,-0.24762891525640415,-0.18708704212243865,32,neutral,-0.5,-0.16523159438711074,4,-1.4114082225676976,-0.48834074631682484,0.3802845232449747,0
89,50,0.6138098616714361,-0.2615859852258504,-0.18712890053991427,-0.24762891525640415,-0.18708704212243865,33,neutral,-0.5,-0.17814514840944695,23,0.2138497306920754,-0.4542295656746702,0.3883556207771987,1
89,50,0.6138098616714361,-0.2615859852258504,-0.18712890053991427,-0.24762891525640415,-0.18708704212243865,34,neutral,-0.5,0.20327413635404867,22,0.12830983841524524,-0.07528526694614789,0.4811875679613646,0
89,50,0.6138098616714361,-0.2615859852258504,-0.18712890053991427,-0.24762891525640415,-0.18708704212243865,35,neutral,-0.5,0.10974661130988755,29,0.7270890843530564,-0.15148788974549657,0.46220028741016456,1
89,50,0.6138098616714361,-0.2615859852258504,-0.18712890053991427,-0.24762891525640415,-0.18708704212243865,36,neutral,-0.5,-0.11455850646691589,6,-1.2403284380140374,-0.4327176863266835,0.39347756023884395,1
89,50,0.6138098616714361,-0.2615859852258504,-0.18712890053991427,-0.24762891525640415,-0.18708704212243865,37,neutral,-0.5,0.022093603635536613,11,-0.8126289766298865,-0.2836906460493651,0.42954919821747223,1
89,50,0.6138098616714361,-0.2615859852258504,-0.18712890053991427,-0.24762891525640415,-0.18708704212243865,38,neutral,-0.5,-0.03248467960018497,17,-0.2993896229689056,-0.32341901307524745,0.4198427348983015,0
89,50,0.6138098616714361,-0.2615859852258504,-0.18712890053991427,-0.24762891525640415,-0.18708704212243865,39,neutral,-0.5,-0.021721780340038743,38,1.4969481148445278,-0.26068140708066423,0.4351962106272068,1
89,50,0.6138098616714361,-0.2615859852258504,-0.18712890053991427,-0.24762891525640415,-0.18708704212243865,40,neutral,-0.5,-0.04668537349067967,21,0.04276994613841508,-0.32771976282584936,0.41879554320181844,1
90,30,-0.7162223413002569,-0.653911152947424,-0.4677943305007588,-0.6189950547469794,-0.46739961125754326,1,fear,0.5,-0.08121017626445963,37,1.4114082225676976,-1.98629840151812,0.12064902442980041,0
90,30,-0.7162223413002569,-0.653911152947424,-0.4677943305007588,-0.6189950547469794,-0.46739961125754326,2,fear,0.5,0.053067844990018875,11,-0.8126289766298865,-0.5353144621518178,0.3692782293869565,0
90,30,-0.7162223413002569,-0.653911152947424,-0.4677943305007588,-0.6189950547469794,-0.46739961125754326,3,fear,0.5,-0.11676296957720594,14,-0.5560092997993961,-0.8570728826550222,0.29795126691924734,1
90,30,-0.7162223413002569,-0.653911152947424,-0.4677943305007588,-0.6189950547469794,-0.46739961125754326,4,fear,0.5,-0.11848507274328071,30,0.8126289766298865,-1.6690755508129886,0.1585474708418788,0
90,30,-0.7162223413002569,-0.653911152947424,-0.4677943305007588,-0.6189950547469794,-0.46739961125754326,5,fear,0.5,-0.027683151933853067,23,0.2138497306920754,-1.2237758828196086,0.2272726480335079,1
90,30,-0.7162223413002569,-0.653911152947424,-0.4677943305007588,-0.6189950547469794,-0.46739961125754326,6,fear,0.5,0.06278918644554837,6,-1.2403284380140374,-0.2723804441363221,0.43232279306483373,0
90,30,-0.7162223413002569,-0.653911152947424,-0.4677943305007588,-0.6189950547469794,-0.46739961125754326,7,fear,0.5,-0.04999597070532241,20,-0.04276994613841508,-1.094161095655098,0.25083552708348605,1
90,30,-0.7162223413002569,-0.653911152947424,-0.4677943305007588,-0.6189950547469794,-0.46739961125754326,8,fear,0.5,0.01022656605323173,26,0.4704694075225659,-1.3377937707685033,0.20787310627700106,0
90,30,-0.7162223413002569,-0.653911152947424,-0.4677943305007588,-0.6189950547469794,-0.46739961125754326,9,fear,0.5,0.07192665896287707,7,-1.1547885457372071,-0.31388550693098655,0.422166615134502,0
90,30,-0.7162223413002569,-0.653911152947424,-0.4677943305007588,-0.6189950547469794,-0.46739961125754326,10,fear,0.5,-0.12515440144751105,33,1.0692486534603771,-1.8276724854531987,0.13851577991677266,0
90,30,-0.7162223413002569,-0.653911152947424,-0.4677943305007588,-0.6189950547469794,-0.46739961125754326,11,fear,0.5,0.1274762977942073,16,-0.3849295152457357,-0.7141186859075954,0.328689400721678,1
90,30,-0.7162223413002569,-0.653911152947424,-0.4677943305007588,-0.6189950547469794,-0.46739961125754326,12,fear,0.5,0.19901381146458244,2,-1.582488007121358,0.06641432213068493,0.5165974802146324,0
90,30,-0.7162223413002569,-0.653911152947424,-0.4677943305007588,-0.6189950547469794,-0.46739961125754326,13,fear,0.5,-0.07533295985117497,34,1.1547885457372071,-1.828493579168856,0.1384178285732049,0
90,30,-0.7162223413002569,-0.653911152947424,-0.4677943305007588,-0.6189950547469794,-0.46739961125754326,14,fear,0.5,0.01703070109921553,5,-1.3258683302908676,-0.2674963941706616,0.43352182955408286,1
90,30,-0.7162223413002569,-0.653911152947424,-0.4677943305007588,-0.6189950547469794,-0.46739961125754326,15,fear,0.5,0.02684780492684079,24,0.2993896229689056,-1.2198874612709079,0.22795625590551039,0
90,30,-0.7162223413002569,-0.653911152947424,-0.4677943305007588,-0.6189950547469794,-0.46739961125754326,16,fear,0.5,0.20218327567498928,27,0.5560092997993961,-1.1964795964587391,0.23210206864552232,0
90,30,-0.7162223413002569,-0.653911152947424,-0.4677943305007588,-0.6189950547469794,-0.46739961125754326,17,fear,0.5,-0.1334771970566687,18,-0.2138497306920754,-1.076357251382458,0.2541959917960517,0
90,30,-0.7162223413002569,-0.653911152947424,-0.4677943305007588,-0.6189950547469794,-0.46739961125754326,18,fear,0.5,-0.019829893319496802,36,1.3258683302908676,-1.874275583261164,0.1330477766087852,0
90,30,-0.7162223413002569,-0.653911152947424,-0.4677943305007588,-0.6189950547469794,-0.46739961125754326,19,fear,0.5,0.03493782098342581,17,-0.2993896229689056,-0.8572996980303702,0.2979038246904776,0
90,30,-0.7162223413002569,-0.653911152947424,-0.4677943305007588,-0.6189950547469794,-0.46739961125754326,20,fear,0.5,0.050130844365563365,9,-0.9837087611835469,-0.4369663921522868,0.39246405419535885,0
90,30,-0.7162223413002569,-0.653911152947424,-0.4677943305007588,-0.6189950547469794,-0.46739961125754326,21,neutral,-0.5,-0.034648782698473574,19,-0.12830983841524524,0.9060594606572203,0.7121931301924322,1
90,30,-0.7162223413002569,-0.653911152947424,-0.4677943305007588,-0.6189950547469794,-0.46739961125754326,22,neutral,-0.5,0.20511447081031445,12,-0.7270890843530564,1.3002352967996813,0.7858745804452912,1
90,30,-0.7162223413002569,-0.653911152947424,-0.4677943305007588,-0.6189950547469794,-0.46739961125754326,23,neutral,-0.5,0.06768230030033125,39,1.582488007121358,0.5672117361312453,0.6381195492051894,1
90,30,-0.7162223413002569,-0.653911152947424,-0.4677943305007588,-0.6189950547469794,-0.46739961125754326,24,neutral,-0.5,-0.08847636608881047,15,-0.4704694075225659,0.9404676387718394,0.7191941085900141,0
90,30,-0.7162223413002569,-0.653911152947424,-0.4677943305007588,-0.6189950547469794,-0.46739961125754326,25,neutral,-0.5,-0.06387461728079331,32,0.9837087611835469,0.5900674011837936,0.6433806105062959,1
90,30,-0.7162223413002569,-0.653911152947424,-0.4677943305007588,-0.6189950547469794,-0.46739961125754326,26,neutral,-0.5,0.020253570607942934,25,0.3849295152457357,0.828608171706203,0.6960605546470313,1
90,30,-0.7162223413002569,-0.653911152947424,-0.4677943305007588,-0.6189950547469794,-0.46739961125754326,27,neutral,-0.5,-0.1657771424201549,21,0.04276994613841508,0.730813220183061,0.67498370277922,1
90,30,-0.7162223413002569,-0.653911152947424,-0.4677943305007588,-0.6189950547469794,-0.46739961125754326,28,neutral,-0.5,0.03240578810212312,28,0.6415491920762262,0.7745835680716662,0.6845115764779665,1
90,30,-0.7162223413002569,-0.653911152947424,-0.4677943305007588,-0.6189950547469794,-0.46739961125754326,29,neutral,-0.5,-0.06427368638861679,29,0.7270890843530564,0.6558451532046871,0.6583264431016201,1
90,30,-0.7162223413002569,-0.653911152947424,-0.4677943305007588,-0.6189950547469794,-0.46739961125754326,30,neutral,-0.5,0.03388482847826553,31,0.8981688689067168,0.7098857873190916,0.670375922490322,1
90,30,-0.7162223413002569,-0.653911152947424,-0.4677943305007588,-0.6189950547469794,-0.46739961125754326,31,neutral,-0.5,0.10063449276941816,4,-1.4114082225676976,1.372226841768697,0.7977396951141414,0
90,30,-0.7162223413002569,-0.653911152947424,-0.4677943305007588,-0.6189950547469794,-0.46739961125754326,32,neutral,-0.5,-0.16523159438711074,40,1.668027899398188,0.3122389010675642,0.5774316572018962,0
90,30,-0.7162223413002569,-0.653911152947424,-0.4677943305007588,-0.6189950547469794,-0.46739961125754326,33,neutral,-0.5,-0.17814514840944695,35,1.2403284380140374,0.4096200489264229,0.6009967702102779,1
90,30,-0.7162223413002569,-0.653911152947424,-0.4677943305007588,-0.6189950547469794,-0.46739961125754326,34,neutral,-0.5,0.20327413635404867,3,-1.4969481148445278,1.4969254257295666,0.8171154665312346,1
90,30,-0.7162223413002569,-0.653911152947424,-0.4677943305007588,-0.6189950547469794,-0.46739961125754326,35,neutral,-0.5,0.10974661130988755,8,-1.0692486534603771,1.2931031988042103,0.7846719746117451,0
90,30,-0.7162223413002569,-0.653911152947424,-0.4677943305007588,-0.6189950547469794,-0.46739961125754326,36,neutral,-0.5,-0.11455850646691589,22,0.12830983841524524,0.759972915760061,0.6813478534785129,0
90,30,-0.7162223413002569,-0.653911152947424,-0.4677943305007588,-0.6189950547469794,-0.46739961125754326,37,neutral,-0.5,0.022093603635536613,1,-1.668027899398188,1.3598627737635323,0.7957373939518038,1
90,30,-0.7162223413002569,-0.653911152947424,-0.4677943305007588,-0.6189950547469794,-0.46739961125754326,38,neutral,-0.5,-0.03248467960018497,13,-0.6415491920762262,1.040577206012943,0.7389613630184368,0
90,30,-0.7162223413002569,-0.653911152947424,-0.4677943305007588,-0.6189950547469794,-0.46739961125754326,39,neutral,-0.5,-0.021721780340038743,10,-0.8981688689067168,1.1175169264018066,0.7535278413683693,1
90,30,-0.7162223413002569,-0.653911152947424,-0.4677943305007588,-0.6189950547469794,-0.46739961125754326,40,neutral,-0.5,-0.04668537349067967,38,1.4969481148445278,0.47490300271647323,0.6165435729160132,0
91,56,1.012819522562944,-0.16103197393988125,-0.11520601330432413,-0.1524683611555915,-0.11516704009095541,1,fear,0.5,-0.08121017626445963,6,-1.2403284380140374,-1.1039654788204976,0.2489976207218819,1
91,56,1.012819522562944,-0.16103197393988125,-0.11520601330432413,-0.1524683611555915,-0.11516704009095541,2,fear,0.5,0.053067844990018875,29,0.7270890843530564,-1.4004403234652563,0.19774624805452637,0
91,56,1.012819522562944,-0.16103197393988125,-0.11520601330432413,-0.1524683611555915,-0.11516704009095541,3,fear,0.5,-0.11676296957720594,2,-1.582488007121358,-1.0646047302377242,0.2564304686079419,0
91,56,1.012819522562944,-0.16103197393988125,-0.11520601330432413,-0.1524683611555915,-0.11516704009095541,4,fear,0.5,-0.11848507274328071,24,0.2993896229689056,-1.4783513138291566,0.18567657276016267,0
91,56,1.012819522562944,-0.16103197393988125,-0.11520601330432413,-0.1524683611555915,-0.11516704009095541,5,fear,0.5,-0.027683151933853067,37,1.4114082225676976,-1.631018404180167,0.16369089781949783,0
91,56,1.012819522562944,-0.16103197393988125,-0.11520601330432413,-0.1524683611555915,-0.11516704009095541,6,fear,0.5,0.06278918644554837,5,-1.3258683302908676,-0.9412377306366099,0.2806503945770964,0
91,56,1.012819522562944,-0.16103197393988125,-0.11520601330432413,-0.1524683611555915,-0.11516704009095541,7,fear,0.5,-0.04999597070532241,27,0.5560092997993961,-1.4660473682128374,0.18754413806839804,0
91,56,1.012819522562944,-0.16103197393988125,-0.11520601330432413,-0.1524683611555915,-0.11516704009095541,8,fear,0.5,0.01022656605323173,33,1.0692486534603771,-1.518195144297563,0.17972744735658214,0
91,56,1.012819522562944,-0.16103197393988125,-0.11520601330432413,-0.1524683611555915,-0.11516704009095541,9,fear,0.5,0.07192665896287707,35,1.2403284380140374,-1.4939518223356774,0.18332932125748336,0
91,56,1.012819522562944,-0.16103197393988125,-0.11520601330432413,-0.1524683611555915,-0.11516704009095541,10,fear,0.5,-0.12515440144751105,16,-0.3849295152457357,-1.3351935587423478,0.20830158730161422,0
91,56,1.012819522562944,-0.16103197393988125,-0.11520601330432413,-0.1524683611555915,-0.11516704009095541,11,fear,0.5,0.1274762977942073,1,-1.668027899398188,-0.8016370773924314,0.30967544109759004,1
91,56,1.012819522562944,-0.16103197393988125,-0.11520601330432413,-0.1524683611555915,-0.11516704009095541,12,fear,0.5,0.19901381146458244,23,0.2138497306920754,-1.1421240441474132,0.24193059740732548,0
91,56,1.012819522562944,-0.16103197393988125,-0.11520601330432413,-0.1524683611555915,-0.11516704009095541,13,fear,0.5,-0.07533295985117497,26,0.4704694075225659,-1.4726559718848107,0.1865392549460854,0
91,56,1.012819522562944,-0.16103197393988125,-0.11520601330432413,-0.1524683611555915,-0.11516704009095541,14,fear,0.5,0.01703070109921553,38,1.4969481148445278,-1.6050329366209783,0.16727936751634745,0
91,56,1.012819522562944,-0.16103197393988125,-0.11520601330432413,-0.1524683611555915,-0.11516704009095541,15,fear,0.5,0.02684780492684079,32,0.9837087611835469,-1.4828455199500739,0.18499800498554955,0
91,56,1.012819522562944,-0.16103197393988125,-0.11520601330432413,-0.1524683611555915,-0.11516704009095541,16,fear,0.5,0.20218327567498928,17,-0.2993896229689056,-1.0265842670937275,0.26374685091459954,0
91,56,1.012819522562944,-0.16103197393988125,-0.11520601330432413,-0.1524683611555915,-0.11516704009095541,17,fear,0.5,-0.1334771970566687,21,0.04276994613841508,-1.4371582817209045,0.19198579068364613,0
91,56,1.012819522562944,-0.16103197393988125,-0.11520601330432413,-0.1524683611555915,-0.11516704009095541,18,fear,0.5,-0.019829893319496802,31,0.8981688689067168,-1.5107948327225318,0.18082102885661652,0
91,56,1.012819522562944,-0.16103197393988125,-0.11520601330432413,-0.1524683611555915,-0.11516704009095541,19,fear,0.5,0.03493782098342581,15,-0.4704694075225659,-1.1563729508375309,0.23932696345847748,1
91,56,1.012819522562944,-0.16103197393988125,-0.11520601330432413,-0.1524683611555915,-0.11516704009095541,20,fear,0.5,0.050130844365563365,12,-0.7270890843530564,-1.0849947710337535,0.25256196687359206,0
91,56,1.012819522562944,-0.16103197393988125,-0.11520601330432413,-0.1524683611555915,-0.11516704009095541,21,neutral,-0.5,-0.034648782698473574,28,0.6415491920762262,-0.6131144430769672,0.3513490791126049,1
91,56,1.012819522562944,-0.16103197393988125,-0.11520601330432413,-0.1524683611555915,-0.11516704009095541,22,neutral,-0.5,0.20511447081031445,19,-0.12830983841524524,-0.4571023475777989,0.38767345225886063,0
91,56,1.012819522562944,-0.16103197393988125,-0.11520601330432413,-0.1524683611555915,-0.11516704009095541,23,neutral,-0.5,0.06768230030033125,9,-0.9837087611835469,-0.687591360320693,0.334569101158433,0
91,56,1.012819522562944,-0.16103197393988125,-0.11520601330432413,-0.1524683611555915,-0.11516704009095541,24,neutral,-0.5,-0.08847636608881047,13,-0.6415491920762262,-0.8065272898166703,0.3086310024659111,1
91,56,1.012819522562944,-0.16103197393988125,-0.11520601330432413,-0.1524683611555915,-0.11516704009095541,25,neutral,-0.5,-0.06387461728079331,14,-0.5560092997993961,-0.772619856785362,0.3159126513048603,0
91,56,1.012819522562944,-0.16103197393988125,-0.11520601330432413,-0.1524683611555915,-0.11516704009095541,26,neutral,-0.5,0.020253570607942934,4,-1.4114082225676976,-0.7815485111295368,0.31398624245817847,1
91,56,1.012819522562944,-0.16103197393988125,-0.11520601330432413,-0.1524683611555915,-0.11516704009095541,27,neutral,-0.5,-0.1657771424201549,30,0.8126289766298865,-0.7256314343520661,0.32615411018413903,0
91,56,1.012819522562944,-0.16103197393988125,-0.11520601330432413,-0.1524683611555915,-0.11516704009095541,28,neutral,-0.5,0.03240578810212312,40,1.668027899398188,-0.43439166159687714,0.39307813238681644,0
91,56,1.012819522562944,-0.16103197393988125,-0.11520601330432413,-0.1524683611555915,-0.11516704009095541,29,neutral,-0.5,-0.06427368638861679,8,-1.0692486534603771,-0.8288530312329322,0.30388764529513634,0
91,56,1.012819522562944,-0.16103197393988125,-0.11520601330432413,-0.1524683611555915,-0.11516704009095541,30,neutral,-0.5,0.03388482847826553,3,-1.4969481148445278,-0.7772229374825051,0.3149187150143867,0
91,56,1.012819522562944,-0.16103197393988125,-0.11520601330432413,-0.1524683611555915,-0.11516704009095541,31,neutral,-0.5,0.10063449276941816,25,0.3849295152457357,-0.5057482202789486,0.37619076963634185,0
91,56,1.012819522562944,-0.16103197393988125,-0.11520601330432413,-0.1524683611555915,-0.11516704009095541,32,neutral,-0.5,-0.16523159438711074,39,1.582488007121358,-0.6413347283094022,0.3449448845882641,0
91,56,1.012819522562944,-0.16103197393988125,-0.11520601330432413,-0.1524683611555915,-0.11516704009095541,33,neutral,-0.5,-0.17814514840944695,22,0.12830983841524524,-0.8124449141276872,0.30736974416963414,1
91,56,1.012819522562944,-0.16103197393988125,-0.11520601330432413,-0.1524683611555915,-0.11516704009095541,34,neutral,-0.5,0.20327413635404867,36,1.3258683302908676,-0.30074605023811607,0.4253751151434838,0
91,56,1.012819522562944,-0.16103197393988125,-0.11520601330432413,-0.1524683611555915,-0.11516704009095541,35,neutral,-0.5,0.10974661130988755,11,-0.8126289766298865,-0.6269156808645545,0.34821022633412163,1
91,56,1.012819522562944,-0.16103197393988125,-0.11520601330432413,-0.1524683611555915,-0.11516704009095541,36,neutral,-0.5,-0.11455850646691589,18,-0.2138497306920754,-0.7860810090783201,0.31301077156360246,0
91,56,1.012819522562944,-0.16103197393988125,-0.11520601330432413,-0.1524683611555915,-0.11516704009095541,37,neutral,-0.5,0.022093603635536613,20,-0.04276994613841508,-0.6308175305292857,0.34732518835870146,0
91,56,1.012819522562944,-0.16103197393988125,-0.11520601330432413,-0.1524683611555915,-0.11516704009095541,38,neutral,-0.5,-0.03248467960018497,7,-1.1547885457372071,-0.8063697086677912,0.3086646278155487,0
91,56,1.012819522562944,-0.16103197393988125,-0.11520601330432413,-0.1524683611555915,-0.11516704009095541,39,neutral,-0.5,-0.021721780340038743,34,1.1547885457372071,-0.5443533353787859,0.3671754678769866,0
91,56,1.012819522562944,-0.16103197393988125,-0.11520601330432413,-0.1524683611555915,-0.11516704009095541,40,neutral,-0.5,-0.04668537349067967,10,-0.8981688689067168,-0.7926533498884127,0.3115992278779772,0
92,63,1.4783307936030365,0.17511690047032538,0.12524091244831104,0.1657819481337417,0.12523351512646744,1,fear,0.5,-0.08121017626445963,40,1.668027899398188,-0.9698018787850597,0.27491999373203535,1
92,63,1.4783307936030365,0.17511690047032538,0.12524091244831104,0.1657819481337417,0.12523351512646744,2,fear,0.5,0.053067844990018875,31,0.8981688689067168,-0.9123618695723692,0.2865167689249098,1
92,63,1.4783307936030365,0.17511690047032538,0.12524091244831104,0.1657819481337417,0.12523351512646744,3,fear,0.5,-0.11676296957720594,34,1.1547885457372071,-1.056580013458998,0.2579635608381142,0
92,63,1.4783307936030365,0.17511690047032538,0.12524091244831104,0.1657819481337417,0.12523351512646744,4,fear,0.5,-0.11848507274328071,12,-0.7270890843530564,-1.2461283682827766,0.22337105626991033,0
92,63,1.4783307936030365,0.17511690047032538,0.12524091244831104,0.1657819481337417,0.12523351512646744,5,fear,0.5,-0.027683151933853067,37,1.4114082225676976,-0.941887525135049,0.28051922902696796,1
92,63,1.4783307936030365,0.17511690047032538,0.12524091244831104,0.1657819481337417,0.12523351512646744,6,fear,0.5,0.06278918644554837,16,-0.3849295152457357,-1.0307038815198195,0.26294766481054843,0
92,63,1.4783307936030365,0.17511690047032538,0.12524091244831104,0.1657819481337417,0.12523351512646744,7,fear,0.5,-0.04999597070532241,29,0.7270890843530564,-1.0325007990547745,0.26259955944251656,1
92,63,1.4783307936030365,0.17511690047032538,0.12524091244831104,0.1657819481337417,0.12523351512646744,8,fear,0.5,0.01022656605323173,36,1.3258683302908676,-0.9125153640414964,0.28648539186010613,0
92,63,1.4783307936030365,0.17511690047032538,0.12524091244831104,0.1657819481337417,0.12523351512646744,9,fear,0.5,0.07192665896287707,2,-1.582488007121358,-1.1410922055119386,0.24211988719077857,1
92,63,1.4783307936030365,0.17511690047032538,0.12524091244831104,0.1657819481337417,0.12523351512646744,10,fear,0.5,-0.12515440144751105,7,-1.1547885457372071,-1.295485481454667,0.21492578344251703,0
92,63,1.4783307936030365,0.17511690047032538,0.12524091244831104,0.1657819481337417,0.12523351512646744,11,fear,0.5,0.1274762977942073,32,0.9837087611835469,-0.8294158598746488,0.3037685976989356,1
92,63,1.4783307936030365,0.17511690047032538,0.12524091244831104,0.1657819481337417,0.12523351512646744,12,fear,0.5,0.19901381146458244,5,-1.3258683302908676,-0.9883923823296373,0.27122972915948107,0
92,63,1.4783307936030365,0.17511690047032538,0.12524091244831104,0.1657819481337417,0.12523351512646744,13,fear,0.5,-0.07533295985117497,9,-0.9837087611835469,-1.2285889260712666,0.2264284920908881,0
92,63,1.4783307936030365,0.17511690047032538,0.12524091244831104,0.1657819481337417,0.12523351512646744,14,fear,0.5,0.01703070109921553,21,0.04276994613841508,-1.0337745823984923,0.26235297732176044,0
92,63,1.4783307936030365,0.17511690047032538,0.12524091244831104,0.1657819481337417,0.12523351512646744,15,fear,0.5,0.02684780492684079,17,-0.2993896229689056,-1.058107706144995,0.25767124055075336,0
92,63,1.4783307936030365,0.17511690047032538,0.12524091244831104,0.1657819481337417,0.12523351512646744,16,fear,0.5,0.20218327567498928,23,0.2138497306920754,-0.8315468940356547,0.3033180869497926,0
92,63,1.4783307936030365,0.17511690047032538,0.12524091244831104,0.1657819481337417,0.12523351512646744,17,fear,0.5,-0.1334771970566687,30,0.8126289766298865,-1.1074444685125886,0.24834762553770465,1
92,63,1.4783307936030365,0.17511690047032538,0.12524091244831104,0.1657819481337417,0.12523351512646744,18,fear,0.5,-0.019829893319496802,4,-1.4114082225676976,-1.2157736440072486,0.22868106580177078,1
92,63,1.4783307936030365,0.17511690047032538,0.12524091244831104,0.1657819481337417,0.12523351512646744,19,fear,0.5,0.03493782098342581,3,-1.4969481148445278,-1.1695434865978578,0.23693751112896755,1
92,63,1.4783307936030365,0.17511690047032538,0.12524091244831104,0.1657819481337417,0.12523351512646744,20,fear,0.5,0.050130844365563365,33,1.0692486534603771,-0.8982237564097609,0.2894156527055614,1
92,63,1.4783307936030365,0.17511690047032538,0.12524091244831104,0.1657819481337417,0.12523351512646744,21,neutral,-0.5,-0.034648782698473574,13,-0.6415491920762262,-1.1744582830016952,0.2360500742969852,0
92,63,1.4783307936030365,0.17511690047032538,0.12524091244831104,0.1657819481337417,0.12523351512646744,22,neutral,-0.5,0.20511447081031445,8,-1.0692486534603771,-1.0545537584418994,0.2583516134336344,1
92,63,1.4783307936030365,0.17511690047032538,0.12524091244831104,0.1657819481337417,0.12523351512646744,23,neutral,-0.5,0.06768230030033125,15,-0.4704694075225659,-1.0241837084232939,0.2642132663772934,0
92,63,1.4783307936030365,0.17511690047032538,0.12524091244831104,0.1657819481337417,0.12523351512646744,24,neutral,-0.5,-0.08847636608881047,18,-0.2138497306920754,-1.1084271374430406,0.24816423503036308,1
92,63,1.4783307936030365,0.17511690047032538,0.12524091244831104,0.1657819481337417,0.12523351512646744,25,neutral,-0.5,-0.06387461728079331,25,0.3849295152457357,-0.9160231681064342,0.2857688936954689,0
92,63,1.4783307936030365,0.17511690047032538,0.12524091244831104,0.1657819481337417,0.12523351512646744,26,neutral,-0.5,0.020253570607942934,11,-0.8126289766298865,-1.1674994212748757,0.2373072730091952,0
92,63,1.4783307936030365,0.17511690047032538,0.12524091244831104,0.1657819481337417,0.12523351512646744,27,neutral,-0.5,-0.1657771424201549,10,-0.8981688689067168,-1.3775018800927723,0.20141050843802166,0
92,63,1.4783307936030365,0.17511690047032538,0.12524091244831104,0.1657819481337417,0.12523351512646744,28,neutral,-0.5,0.03240578810212312,22,0.12830983841524524,-0.8916580000929132,0.29076779295600985,0
92,63,1.4783307936030365,0.17511690047032538,0.12524091244831104,0.1657819481337417,0.12523351512646744,29,neutral,-0.5,-0.06427368638861679,26,0.4704694075225659,-0.8924504914244593,0.29060439100393215,0
92,63,1.4783307936030365,0.17511690047032538,0.12524091244831104,0.1657819481337417,0.12523351512646744,30,neutral,-0.5,0.03388482847826553,38,1.4969481148445278,-0.5066310270799962,0.37598362289373904,0
92,63,1.4783307936030365,0.17511690047032538,0.12524091244831104,0.1657819481337417,0.12523351512646744,31,neutral,-0.5,0.10063449276941816,28,0.6415491920762262,-0.6795988206868276,0.3363508475425967,0
92,63,1.4783307936030365,0.17511690047032538,0.12524091244831104,0.1657819481337417,0.12523351512646744,32,neutral,-0.5,-0.16523159438711074,6,-1.2403284380140374,-1.472843315218921,0.1865108286956002,0
92,63,1.4783307936030365,0.17511690047032538,0.12524091244831104,0.1657819481337417,0.12523351512646744,33,neutral,-0.5,-0.17814514840944695,1,-1.668027899398188,-1.6056155981902496,0.16719822025275696,0
92,63,1.4783307936030365,0.17511690047032538,0.12524091244831104,0.1657819481337417,0.12523351512646744,34,neutral,-0.5,0.20327413635404867,14,-0.5560092997993961,-0.9125636181593748,0.28647552826453115,0
92,63,1.4783307936030365,0.17511690047032538,0.12524091244831104,0.1657819481337417,0.12523351512646744,35,neutral,-0.5,0.10974661130988755,20,-0.04276994613841508,-0.8622606684647454,0.29686724371795686,0
92,63,1.4783307936030365,0.17511690047032538,0.12524091244831104,0.1657819481337417,0.12523351512646744,36,neutral,-0.5,-0.11455850646691589,24,0.2993896229689056,-0.9906788030823552,0.270778022183654,0
92,63,1.4783307936030365,0.17511690047032538,0.12524091244831104,0.1657819481337417,0.12523351512646744,37,neutral,-0.5,0.022093603635536613,35,1.2403284380140374,-0.5903374892921203,0.3565574223378894,0
92,63,1.4783307936030365,0.17511690047032538,0.12524091244831104,0.1657819481337417,0.12523351512646744,38,neutral,-0.5,-0.03248467960018497,19,-0.12830983841524524,-1.0284637051646164,0.2633820553524054,0
92,63,1.4783307936030365,0.17511690047032538,0.12524091244831104,0.1657819481337417,0.12523351512646744,39,neutral,-0.5,-0.021721780340038743,27,0.5560092997993961,-0.825926839586083,0.3045070066994519,1
92,63,1.4783307936030365,0.17511690047032538,0.12524091244831104,0.1657819481337417,0.12523351512646744,40,neutral,-0.5,-0.04668537349067967,39,1.582488007121358,-0.5632294832591431,0.3628005493985923,0
93,30,-0.7162223413002569,-0.8001070024125586,-0.5725708766844193,-0.7574945711015452,-0.5720723160562289,1,fear,0.5,-0.08121017626445963,17,-0.2993896229689056,-1.1418553314503557,0.2419798827827329,0
93,30,-0.7162223413002569,-0.8001070024125586,-0.5725708766844193,-0.7574945711015452,-0.5720723160562289,2,fear,0.5,0.053067844990018875,24,0.2993896229689056,-1.4561510003204643,0.18905672569477075,1
93,30,-0.7162223413002569,-0.8001070024125586,-0.5725708766844193,-0.7574945711015452,-0.5720723160562289,3,fear,0.5,-0.11676296957720594,37,1.4114082225676976,-2.4590472394047795,0.07877945436174204,0
93,30,-0.7162223413002569,-0.8001070024125586,-0.5725708766844193,-0.7574945711015452,-0.5720723160562289,4,fear,0.5,-0.11848507274328071,13,-0.6415491920762262,-0.9228024050008414,0.2843872292399941,0
93,30,-0.7162223413002569,-0.8001070024125586,-0.5725708766844193,-0.7574945711015452,-0.5720723160562289,5,fear,0.5,-0.027683151933853067,28,0.6415491920762262,-1.7932298201726717,0.14267719441224017,0
93,30,-0.7162223413002569,-0.8001070024125586,-0.5725708766844193,-0.7574945711015452,-0.5720723160562289,6,fear,0.5,0.06278918644554837,38,1.4969481148445278,-2.343577039114109,0.08757765946333797,0
93,30,-0.7162223413002569,-0.8001070024125586,-0.5725708766844193,-0.7574945711015452,-0.5720723160562289,7,fear,0.5,-0.04999597070532241,10,-0.8981688689067168,-0.6620674357666315,0.3402753438121761,0
93,30,-0.7162223413002569,-0.8001070024125586,-0.5725708766844193,-0.7574945711015452,-0.5720723160562289,8,fear,0.5,0.01022656605323173,32,0.9837087611835469,-2.0116479251139228,0.11798537877564153,0
93,30,-0.7162223413002569,-0.8001070024125586,-0.5725708766844193,-0.7574945711015452,-0.5720723160562289,9,fear,0.5,0.07192665896287707,6,-1.2403284380140374,-0.2838169831700965,0.4295182412638505,1
93,30,-0.7162223413002569,-0.8001070024125586,-0.5725708766844193,-0.7574945711015452,-0.5720723160562289,10,fear,0.5,-0.12515440144751105,7,-1.1547885457372071,-0.5449799993125686,0.3670298698457748,0
93,30,-0.7162223413002569,-0.8001070024125586,-0.5725708766844193,-0.7574945711015452,-0.5720723160562289,11,fear,0.5,0.1274762977942073,3,-1.4969481148445278,-0.03602147714251469,0.49099560432872713,0
93,30,-0.7162223413002569,-0.8001070024125586,-0.5725708766844193,-0.7574945711015452,-0.5720723160562289,12,fear,0.5,0.19901381146458244,1,-1.668027899398188,0.16367994799202817,0.5408288733853465,0
93,30,-0.7162223413002569,-0.8001070024125586,-0.5725708766844193,-0.7574945711015452,-0.5720723160562289,13,fear,0.5,-0.07533295985117497,23,0.2138497306920754,-1.5204698494295743,0.17939234211053848,0
93,30,-0.7162223413002569,-0.8001070024125586,-0.5725708766844193,-0.7574945711015452,-0.5720723160562289,14,fear,0.5,0.01703070109921553,18,-0.2138497306920754,-1.1076964098187647,0.24830059836322074,0
93,30,-0.7162223413002569,-0.8001070024125586,-0.5725708766844193,-0.7574945711015452,-0.5720723160562289,15,fear,0.5,0.02684780492684079,31,0.8981688689067168,-1.9309447305082297,0.1266460496154563,0
93,30,-0.7162223413002569,-0.8001070024125586,-0.5725708766844193,-0.7574945711015452,-0.5720723160562289,16,fear,0.5,0.20218327567498928,12,-0.7270890843530564,-0.5380521008504875,0.3686408294824832,0
93,30,-0.7162223413002569,-0.8001070024125586,-0.5725708766844193,-0.7574945711015452,-0.5720723160562289,17,fear,0.5,-0.1334771970566687,5,-1.3258683302908676,-0.4251388834575584,0.39528771674906066,0
93,30,-0.7162223413002569,-0.8001070024125586,-0.5725708766844193,-0.7574945711015452,-0.5720723160562289,18,fear,0.5,-0.019829893319496802,20,-0.04276994613841508,-1.2727209157016446,0.2187918320000288,0
93,30,-0.7162223413002569,-0.8001070024125586,-0.5725708766844193,-0.7574945711015452,-0.5720723160562289,19,fear,0.5,0.03493782098342581,30,0.8126289766298865,-1.8587727587195606,0.13484616105161687,0
93,30,-0.7162223413002569,-0.8001070024125586,-0.5725708766844193,-0.7574945711015452,-0.5720723160562289,20,fear,0.5,0.050130844365563365,40,1.668027899398188,-2.484399292658262,0.07695911001517122,0
93,30,-0.7162223413002569,-0.8001070024125586,-0.5725708766844193,-0.7574945711015452,-0.5720723160562289,21,neutral,-0.5,-0.034648782698473574,16,-0.3849295152457357,0.9154759688708753,0.7141194070950627,1
93,30,-0.7162223413002569,-0.8001070024125586,-0.5725708766844193,-0.7574945711015452,-0.5720723160562289,22,neutral,-0.5,0.20511447081031445,35,1.2403284380140374,0.6508905132126764,0.657211109723098,1
93,30,-0.7162223413002569,-0.8001070024125586,-0.5725708766844193,-0.7574945711015452,-0.5720723160562289,23,neutral,-0.5,0.06768230030033125,22,0.12830983841524524,0.8585390384485264,0.7023553272599081,0
93,30,-0.7162223413002569,-0.8001070024125586,-0.5725708766844193,-0.7574945711015452,-0.5720723160562289,24,neutral,-0.5,-0.08847636608881047,29,0.7270890843530564,0.5165676897347053,0.6263448277551463,1
93,30,-0.7162223413002569,-0.8001070024125586,-0.5725708766844193,-0.7574945711015452,-0.5720723160562289,25,neutral,-0.5,-0.06387461728079331,21,0.04276994613841508,0.7535267897709276,0.6799466829059154,0
93,30,-0.7162223413002569,-0.8001070024125586,-0.5725708766844193,-0.7574945711015452,-0.5720723160562289,26,neutral,-0.5,0.020253570607942934,9,-0.9837087611835469,1.1561910045019712,0.7606399117187616,1
93,30,-0.7162223413002569,-0.8001070024125586,-0.5725708766844193,-0.7574945711015452,-0.5720723160562289,27,neutral,-0.5,-0.1657771424201549,26,0.4704694075225659,0.5189009201139376,0.626890728782557,1
93,30,-0.7162223413002569,-0.8001070024125586,-0.5725708766844193,-0.7574945711015452,-0.5720723160562289,28,neutral,-0.5,0.03240578810212312,8,-1.0692486534603771,1.194887890899677,0.767614119599514,1
93,30,-0.7162223413002569,-0.8001070024125586,-0.5725708766844193,-0.7574945711015452,-0.5720723160562289,29,neutral,-0.5,-0.06427368638861679,15,-0.4704694075225659,0.912395734084258,0.7134901537748386,1
93,30,-0.7162223413002569,-0.8001070024125586,-0.5725708766844193,-0.7574945711015452,-0.5720723160562289,30,neutral,-0.5,0.03388482847826553,39,1.582488007121358,0.37348219526652515,0.5923001308363703,0
93,30,-0.7162223413002569,-0.8001070024125586,-0.5725708766844193,-0.7574945711015452,-0.5720723160562289,31,neutral,-0.5,0.10063449276941816,36,1.3258683302908676,0.5198658662682545,0.6271164008256557,1
93,30,-0.7162223413002569,-0.8001070024125586,-0.5725708766844193,-0.7574945711015452,-0.5720723160562289,32,neutral,-0.5,-0.16523159438711074,4,-1.4114082225676976,1.1034291840245454,0.75090207982909,1
93,30,-0.7162223413002569,-0.8001070024125586,-0.5725708766844193,-0.7574945711015452,-0.5720723160562289,33,neutral,-0.5,-0.17814514840944695,2,-1.582488007121358,1.1436049678092608,0.7583409004529601,1
93,30,-0.7162223413002569,-0.8001070024125586,-0.5725708766844193,-0.7574945711015452,-0.5720723160562289,34,neutral,-0.5,0.20327413635404867,27,0.5560092997993961,0.861407529984616,0.7029546437878703,1
93,30,-0.7162223413002569,-0.8001070024125586,-0.5725708766844193,-0.7574945711015452,-0.5720723160562289,35,neutral,-0.5,0.10974661130988755,34,1.1547885457372071,0.5820673226157753,0.6415429583860748,0
93,30,-0.7162223413002569,-0.8001070024125586,-0.5725708766844193,-0.7574945711015452,-0.5720723160562289,36,neutral,-0.5,-0.11455850646691589,11,-0.8126289766298865,0.9682895896200614,0.7247784454824355,1
93,30,-0.7162223413002569,-0.8001070024125586,-0.5725708766844193,-0.7574945711015452,-0.5720723160562289,37,neutral,-0.5,0.022093603635536613,14,-0.5560092997993961,1.0253076930119367,0.7360051834986027,1
93,30,-0.7162223413002569,-0.8001070024125586,-0.5725708766844193,-0.7574945711015452,-0.5720723160562289,38,neutral,-0.5,-0.03248467960018497,33,1.0692486534603771,0.4663807006092282,0.6145267598112462,0
93,30,-0.7162223413002569,-0.8001070024125586,-0.5725708766844193,-0.7574945711015452,-0.5720723160562289,39,neutral,-0.5,-0.021721780340038743,19,-0.12830983841524524,0.8487689645187334,0.7003088409444852,1
93,30,-0.7162223413002569,-0.8001070024125586,-0.5725708766844193,-0.7574945711015452,-0.5720723160562289,40,neutral,-0.5,-0.04668537349067967,25,0.3849295152457357,0.6645373579469386,0.6602789052255686,0
94,64,1.5448324037516212,0.2223218813689134,0.15914205858373373,0.21044814746884727,0.15905240134074614,1,fear,0.5,-0.08121017626445963,14,-0.5560092997993961,-1.183739526947142,0.23438048563903532,0
94,64,1.5448324037516212,0.2223218813689134,0.15914205858373373,0.21044814746884727,0.15905240134074614,2,fear,0.5,0.053067844990018875,36,1.3258683302908676,-0.7772792530930015,0.31490656533425987,1
94,64,1.5448324037516212,0.2223218813689134,0.15914205858373373,0.21044814746884727,0.15905240134074614,3,fear,0.5,-0.11676296957720594,24,0.2993896229689056,-1.095573114532769,0.2505702780049656,0
94,64,1.5448324037516212,0.2223218813689134,0.15914205858373373,0.21044814746884727,0.15905240134074614,4,fear,0.5,-0.11848507274328071,16,-0.3849295152457357,-1.1962705822805393,0.232139323474402,0
94,64,1.5448324037516212,0.2223218813689134,0.15914205858373373,0.21044814746884727,0.15905240134074614,5,fear,0.5,-0.027683151933853067,6,-1.2403284380140374,-1.2291878671982304,0.22632359957371545,1
94,64,1.5448324037516212,0.2223218813689134,0.15914205858373373,0.21044814746884727,0.15905240134074614,6,fear,0.5,0.06278918644554837,9,-0.9837087611835469,-1.1015997671006934,0.24944026625831406,0
94,64,1.5448324037516212,0.2223218813689134,0.15914205858373373,0.21044814746884727,0.15905240134074614,7,fear,0.5,-0.04999597070532241,29,0.7270890843530564,-0.9669465127973262,0.27548954516197827,1
94,64,1.5448324037516212,0.2223218813689134,0.15914205858373373,0.21044814746884727,0.15905240134074614,8,fear,0.5,0.01022656605323173,26,0.4704694075225659,-0.9438397377569075,0.2801253863607957,0
94,64,1.5448324037516212,0.2223218813689134,0.15914205858373373,0.21044814746884727,0.15905240134074614,9,fear,0.5,0.07192665896287707,19,-0.12830983841524524,-0.9687430888562455,0.27513110213793,0
94,64,1.5448324037516212,0.2223218813689134,0.15914205858373373,0.21044814746884727,0.15905240134074614,10,fear,0.5,-0.12515440144751105,5,-1.3258683302908676,-1.3390310372846004,0.20766944928444311,1
94,64,1.5448324037516212,0.2223218813689134,0.15914205858373373,0.21044814746884727,0.15905240134074614,11,fear,0.5,0.1274762977942073,35,1.2403284380140374,-0.71524272086152485,0.3284414271739538,0
94,64,1.5448324037516212,0.2223218813689134,0.15914205858373373,0.21044814746884727,0.15905240134074614,12,fear,0.5,0.19901381146458244,12,-0.7270890843530564,-0.9282593803635236,0.28327798188667846,0
94,64,1.5448324037516212,0.2223218813689134,0.15914205858373373,0.21044814746884727,0.15905240134074614,13,fear,0.5,-0.07533295985117497,4,-1.4114082225676976,-1.301581516260976,0.2138989706828834,0
94,64,1.5448324037516212,0.2223218813689134,0.15914205858373373,0.21044814746884727,0.15905240134074614,14,fear,0.5,0.01703070109921553,28,0.6415491920762262,-0.9122917615655001,0.28653110096240786,0
94,64,1.5448324037516212,0.2223218813689134,0.15914205858373373,0.21044814746884727,0.15905240134074614,15,fear,0.5,0.02684780492684079,8,-1.0692486534603771,-1.149913069192113,0.2405049616761773,1
94,64,1.5448324037516212,0.2223218813689134,0.15914205858373373,0.21044814746884727,0.15905240134074614,16,fear,0.5,0.20218327567498928,38,1.4969481148445278,-0.6034199812626072,0.3535616462914866,0
94,64,1.5448324037516212,0.2223218813689134,0.15914205858373373,0.21044814746884727,0.15905240134074614,17,fear,0.5,-0.1334771970566687,10,-0.8981688689067168,-1.2854942300301988,0.21661643551493787,0
94,64,1.5448324037516212,0.2223218813689134,0.15914205858373373,0.21044814746884727,0.15905240134074614,18,fear,0.5,-0.019829893319496802,13,-0.6415491920762262,-1.1347311645748905,0.2432890384270657,0
94,64,1.5448324037516212,0.2223218813689134,0.15914205858373373,0.21044814746884727,0.15905240134074614,19,fear,0.5,0.03493782098342581,33,1.0692486534603771,-0.8325250388177303,0.30311142886092385,0
94,64,1.5448324037516212,0.2223218813689134,0.15914205858373373,0.21044814746884727,0.15905240134074614,20,fear,0.5,0.050130844365563365,22,0.12830983841524524,-0.9534231417354239,0.27819692187107103,0
94,64,1.5448324037516212,0.2223218813689134,0.15914205858373373,0.21044814746884727,0.15905240134074614,21,neutral,-0.5,-0.034648782698473574,7,-1.1547885457372071,-1.3913128739390879,0.19919824671438144,0
94,64,1.5448324037516212,0.2223218813689134,0.15914205858373373,0.21044814746884727,0.15905240134074614,22,neutral,-0.5,0.20511447081031445,27,0.5560092997993961,-0.6305305464511864,0.347390247744848,1
94,64,1.5448324037516212,0.2223218813689134,0.15914205858373373,0.21044814746884727,0.15905240134074614,23,neutral,-0.5,0.06768230030033125,39,1.582488007121358,-0.45535127257370134,0.38808920892282506,1
94,64,1.5448324037516212,0.2223218813689134,0.15914205858373373,0.21044814746884727,0.15905240134074614,24,neutral,-0.5,-0.08847636608881047,2,-1.582488007121358,-1.5753952258242034,0.17144861927948346,0
94,64,1.5448324037516212,0.2223218813689134,0.15914205858373373,0.21044814746884727,0.15905240134074614,25,neutral,-0.5,-0.06387461728079331,15,-0.4704694075225659,-1.2121310789297624,0.22932419831120618,0
94,64,1.5448324037516212,0.2223218813689134,0.15914205858373373,0.21044814746884727,0.15905240134074614,26,neutral,-0.5,0.020253570607942934,32,0.9837087611835469,-0.6851366781587794,0.3351158152090578,1
94,64,1.5448324037516212,0.2223218813689134,0.15914205858373373,0.21044814746884727,0.15905240134074614,27,neutral,-0.5,-0.1657771424201549,31,0.8981688689067168,-0.897218344885833,0.28962246361043315,1
94,64,1.5448324037516212,0.2223218813689134,0.15914205858373373,0.21044814746884727,0.15905240134074614,28,neutral,-0.5,0.03240578810212312,37,1.4114082225676976,-0.542729692169821,0.3675528150828453,0
94,64,1.5448324037516212,0.2223218813689134,0.15914205858373373,0.21044814746884727,0.15905240134074614,29,neutral,-0.5,-0.06427368638861679,40,1.668027899398188,-0.5612563055636938,0.36325682471299925,0
94,64,1.5448324037516212,0.2223218813689134,0.15914205858373373,0.21044814746884727,0.15905240134074614,30,neutral,-0.5,0.03388482847826553,17,-0.2993896229689056,-1.0622697257727922,0.2568759461336506,1
94,64,1.5448324037516212,0.2223218813689134,0.15914205858373373,0.21044814746884727,0.15905240134074614,31,neutral,-0.5,0.10063449276941816,25,0.3849295152457357,-0.787112431889994,0.31278902231726874,0
94,64,1.5448324037516212,0.2223218813689134,0.15914205858373373,0.21044814746884727,0.15905240134074614,32,neutral,-0.5,-0.16523159438711074,1,-1.668027899398188,-1.6782014078214593,0.1573337790477161,0
94,64,1.5448324037516212,0.2223218813689134,0.15914205858373373,0.21044814746884727,0.15905240134074614,33,neutral,-0.5,-0.17814514840944695,34,1.1547885457372071,-0.831433489778258,0.30334205164387,0
94,64,1.5448324037516212,0.2223218813689134,0.15914205858373373,0.21044814746884727,0.15905240134074614,34,neutral,-0.5,0.20327413635404867,30,0.8126289766298865,-0.554218019810585,0.36488635097607947,0
94,64,1.5448324037516212,0.2223218813689134,0.15914205858373373,0.21044814746884727,0.15905240134074614,35,neutral,-0.5,0.10974661130988755,21,0.04276994613841508,-0.8822041281453473,0.29272123770672054,1
94,64,1.5448324037516212,0.2223218813689134,0.15914205858373373,0.21044814746884727,0.15905240134074614,36,neutral,-0.5,-0.11455850646691589,23,0.2138497306920754,-1.0544073385242394,0.25837966936939183,0
94,64,1.5448324037516212,0.2223218813689134,0.15914205858373373,0.21044814746884727,0.15905240134074614,37,neutral,-0.5,0.022093603635536613,18,-0.2138497306920754,-1.0480099969165655,0.25960741909019425,0
94,64,1.5448324037516212,0.2223218813689134,0.15914205858373373,0.21044814746884727,0.15905240134074614,38,neutral,-0.5,-0.03248467960018497,11,-0.8126289766298865,-1.2849449560449768,0.2167096583885057,0
94,64,1.5448324037516212,0.2223218813689134,0.15914205858373373,0.21044814746884727,0.15905240134074614,39,neutral,-0.5,-0.021721780340038743,3,-1.4969481148445278,-1.4825896863764758,0.18503658107962417,0
94,64,1.5448324037516212,0.2223218813689134,0.15914205858373373,0.21044814746884727,0.15905240134074614,40,neutral,-0.5,-0.04668537349067967,20,-0.04276994613841508,-1.06468706664487,0.25641476952029646,0
95,26,-0.9822287818945955,-0.10259323471264352,-0.07341478271741786,-0.097047622028505,-0.073249643393019,1,fear,0.5,-0.08121017626445963,28,0.6415491920762262,-0.1771141702827761,0.4558368448633015,0
95,26,-0.9822287818945955,-0.10259323471264352,-0.07341478271741786,-0.097047622028505,-0.073249643393019,2,fear,0.5,0.053067844990018875,20,-0.04276994613841508,-0.05882251880595304,0.48529860906382005,0
95,26,-0.9822287818945955,-0.10259323471264352,-0.07341478271741786,-0.097047622028505,-0.073249643393019,3,fear,0.5,-0.11676296957720594,27,0.5560092997993961,-0.21466525981772935,0.4465388236931948,1
95,26,-0.9822287818945955,-0.10259323471264352,-0.07341478271741786,-0.097047622028505,-0.073249643393019,4,fear,0.5,-0.11848507274328071,32,0.9837087611835469,-0.20639588187276942,0.44858342574029914,1
95,26,-0.9822287818945955,-0.10259323471264352,-0.07341478271741786,-0.097047622028505,-0.073249643393019,5,fear,0.5,-0.027683151933853067,4,-1.4114082225676976,-0.17154625528513584,0.4572183001652151,0
95,26,-0.9822287818945955,-0.10259323471264352,-0.07341478271741786,-0.097047622028505,-0.073249643393019,6,fear,0.5,0.06278918644554837,11,-0.8126289766298865,-0.06708584335028595,0.48323482634402065,0
95,26,-0.9822287818945955,-0.10259323471264352,-0.07341478271741786,-0.097047622028505,-0.073249643393019,7,fear,0.5,-0.04999597070532241,16,-0.3849295152457357,-0.16987951939012205,0.45763196295665126,0
95,26,-0.9822287818945955,-0.10259323471264352,-0.07341478271741786,-0.097047622028505,-0.073249643393019,8,fear,0.5,0.01022656605323173,35,1.2403284380140374,-0.07168935440963621,0.482085333239234,1
95,26,-0.9822287818945955,-0.10259323471264352,-0.07341478271741786,-0.097047622028505,-0.073249643393019,9,fear,0.5,0.07192665896287707,3,-1.4969481148445278,-0.07393474061061273,0.4815247300986411,1
95,26,-0.9822287818945955,-0.10259323471264352,-0.07341478271741786,-0.097047622028505,-0.073249643393019,10,fear,0.5,-0.12515440144751105,36,1.3258683302908676,-0.20507202568817212,0.4489109121989363,1
95,26,-0.9822287818945955,-0.10259323471264352,-0.07341478271741786,-0.097047622028505,-0.073249643393019,11,fear,0.5,0.1274762977942073,17,-0.2993896229689056,0.009591045331614579,0.5023977429526035,1
95,26,-0.9822287818945955,-0.10259323471264352,-0.07341478271741786,-0.097047622028505,-0.073249643393019,12,fear,0.5,0.19901381146458244,34,1.1547885457372071,0.11509959477950751,0.5287431734351166,1
95,26,-0.9822287818945955,-0.10259323471264352,-0.07341478271741786,-0.097047622028505,-0.073249643393019,13,fear,0.5,-0.07533295985117497,15,-0.4704694075225659,-0.19721480475818154,0.45085547992005853,1
95,26,-0.9822287818945955,-0.10259323471264352,-0.07341478271741786,-0.097047622028505,-0.073249643393019,14,fear,0.5,0.01703070109921553,22,0.12830983841524524,-0.0908630702523425,0.47729984817725013,1
95,26,-0.9822287818945955,-0.10259323471264352,-0.07341478271741786,-0.097047622028505,-0.073249643393019,15,fear,0.5,0.02684780492684079,25,0.3849295152457357,-0.0750510777580965,0.4812460326343529,0
95,26,-0.9822287818945955,-0.10259323471264352,-0.07341478271741786,-0.097047622028505,-0.073249643393019,16,fear,0.5,0.20218327567498928,40,1.668027899398188,0.13025883632315607,0.5325187422988227,1
95,26,-0.9822287818945955,-0.10259323471264352,-0.07341478271741786,-0.097047622028505,-0.073249643393019,17,fear,0.5,-0.1334771970566687,1,-1.668027899398188,-0.2833351890745723,0.4296363003963835,1
95,26,-0.9822287818945955,-0.10259323471264352,-0.07341478271741786,-0.097047622028505,-0.073249643393019,18,fear,0.5,-0.019829893319496802,19,-0.12830983841524524,-0.13371855333767566,0.4666200847354726,0
95,26,-0.9822287818945955,-0.10259323471264352,-0.07341478271741786,-0.097047622028505,-0.073249643393019,19,fear,0.5,0.03493782098342581,23,0.2138497306920754,-0.07095765414592528,0.48226802586334333,0
95,26,-0.9822287818945955,-0.10259323471264352,-0.07341478271741786,-0.097047622028505,-0.073249643393019,20,fear,0.5,0.050130844365563365,7,-1.1547885457372071,-0.08773737031909856,0.47807971719687403,1
95,26,-0.9822287818945955,-0.10259323471264352,-0.07341478271741786,-0.097047622028505,-0.073249643393019,21,neutral,-0.5,-0.034648782698473574,14,-0.5560092997993961,1.492571180669419,0.816463879130612,1
95,26,-0.9822287818945955,-0.10259323471264352,-0.07341478271741786,-0.097047622028505,-0.073249643393019,22,neutral,-0.5,0.20511447081031445,26,0.4704694075225659,1.640120589113053,0.8375513453320657,1
95,26,-0.9822287818945955,-0.10259323471264352,-0.07341478271741786,-0.097047622028505,-0.073249643393019,23,neutral,-0.5,0.06768230030033125,21,0.04276994613841508,1.541110854046884,0.8236261526875177,1
95,26,-0.9822287818945955,-0.10259323471264352,-0.07341478271741786,-0.097047622028505,-0.073249643393019,24,neutral,-0.5,-0.08847636608881047,24,0.2993896229689056,1.361898726391454,0.7960681172126518,0
95,26,-0.9822287818945955,-0.10259323471264352,-0.07341478271741786,-0.097047622028505,-0.073249643393019,25,neutral,-0.5,-0.06387461728079331,10,-0.8981688689067168,1.4940832944421514,0.8166903618848842,1
95,26,-0.9822287818945955,-0.10259323471264352,-0.07341478271741786,-0.097047622028505,-0.073249643393019,26,neutral,-0.5,0.020253570607942934,12,-0.7270890843530564,1.562842508153362,0.8267608560938661,1
95,26,-0.9822287818945955,-0.10259323471264352,-0.07341478271741786,-0.097047622028505,-0.073249643393019,27,neutral,-0.5,-0.1657771424201549,31,0.8981688689067168,1.2308065404387691,0.7739597065338049,1
95,26,-0.9822287818945955,-0.10259323471264352,-0.07341478271741786,-0.097047622028505,-0.073249643393019,28,neutral,-0.5,0.03240578810212312,30,0.8126289766298865,1.4366739580498102,0.8079390663104107,1
95,26,-0.9822287818945955,-0.10259323471264352,-0.07341478271741786,-0.097047622028505,-0.073249643393019,29,neutral,-0.5,-0.06427368638861679,37,1.4114082225676976,1.2862030739377301,0.7835038267070341,1
95,26,-0.9822287818945955,-0.10259323471264352,-0.07341478271741786,-0.097047622028505,-0.073249643393019,30,neutral,-0.5,0.03388482847826553,33,1.0692486534603771,1.4150995371596642,0.8045690287427584,1
95,26,-0.9822287818945955,-0.10259323471264352,-0.07341478271741786,-0.097047622028505,-0.073249643393019,31,neutral,-0.5,0.10063449276941816,13,-0.6415491920762262,1.6355389432260738,0.8369270062917433,1
95,26,-0.9822287818945955,-0.10259323471264352,-0.07341478271741786,-0.097047622028505,-0.073249643393019,32,neutral,-0.5,-0.16523159438711074,6,-1.2403284380140374,1.4234642656908851,0.8058809295776821,1
95,26,-0.9822287818945955,-0.10259323471264352,-0.07341478271741786,-0.097047622028505,-0.073249643393019,33,neutral,-0.5,-0.17814514840944695,18,-0.2138497306920754,1.3183368666033946,0.7889048713858685,1
95,26,-0.9822287818945955,-0.10259323471264352,-0.07341478271741786,-0.097047622028505,-0.073249643393019,34,neutral,-0.5,0.20327413635404867,38,1.4969481148445278,1.546066409591633,0.8243448728642998,0
95,26,-0.9822287818945955,-0.10259323471264352,-0.07341478271741786,-0.097047622028505,-0.073249643393019,35,neutral,-0.5,0.10974661130988755,9,-0.9837087611835469,1.6753890101215947,0.8422929942183998,1
95,26,-0.9822287818945955,-0.10259323471264352,-0.07341478271741786,-0.097047622028505,-0.073249643393019,36,neutral,-0.5,-0.11455850646691589,5,-1.3258683302908676,1.481821840699843,0.8148476012896484,1
95,26,-0.9822287818945955,-0.10259323471264352,-0.07341478271741786,-0.097047622028505,-0.073249643393019,37,neutral,-0.5,0.022093603635536613,39,1.582488007121358,1.357201389784358,0.7953044737297911,1
95,26,-0.9822287818945955,-0.10259323471264352,-0.07341478271741786,-0.097047622028505,-0.073249643393019,38,neutral,-0.5,-0.03248467960018497,2,-1.582488007121358,1.5869491288328623,0.8301864338120873,0
95,26,-0.9822287818945955,-0.10259323471264352,-0.07341478271741786,-0.097047622028505,-0.073249643393019,39,neutral,-0.5,-0.021721780340038743,8,-1.0692486534603771,1.5516051055604312,0.8251454380551152,1
95,26,-0.9822287818945955,-0.10259323471264352,-0.07341478271741786,-0.097047622028505,-0.073249643393019,40,neutral,-0.5,-0.04668537349067967,29,0.7270890843530564,1.3652672835457702,0.7966144357712679,1
96,27,-0.9157271717460108,0.43808201504529865,0.31358616547378354,0.4147094181461673,0.3131939021055598,1,fear,0.5,-0.08121017626445963,12,-0.7270890843530564,0.1333691010707937,0.5332929405504248,0
96,27,-0.9157271717460108,0.43808201504529865,0.31358616547378354,0.4147094181461673,0.3131939021055598,2,fear,0.5,0.053067844990018875,6,-1.2403284380140374,-0.039063977375976014,0.49023524737085306,0
96,27,-0.9157271717460108,0.43808201504529865,0.31358616547378354,0.4147094181461673,0.3131939021055598,3,fear,0.5,-0.11676296957720594,3,-1.4969481148445278,-0.36225034179382465,0.41041493100931425,0
96,27,-0.9157271717460108,0.43808201504529865,0.31358616547378354,0.4147094181461673,0.3131939021055598,4,fear,0.5,-0.11848507274328071,4,-1.4114082225676976,-0.3128539283430248,0.42241828062569653,0
96,27,-0.9157271717460108,0.43808201504529865,0.31358616547378354,0.4147094181461673,0.3131939021055598,5,fear,0.5,-0.027683151933853067,18,-0.2138497306920754,0.4936072251026485,0.6209558334694378,1
96,27,-0.9157271717460108,0.43808201504529865,0.31358616547378354,0.4147094181461673,0.3131939021055598,6,fear,0.5,0.06278918644554837,7,-1.1547885457372071,0.021775880696428343,0.5054437550617521,1
96,27,-0.9157271717460108,0.43808201504529865,0.31358616547378354,0.4147094181461673,0.3131939021055598,7,fear,0.5,-0.04999597070532241,10,-0.8981688689067168,0.062346273396181595,0.515581521486433,1
96,27,-0.9157271717460108,0.43808201504529865,0.31358616547378354,0.4147094181461673,0.3131939021055598,8,fear,0.5,0.01022656605323173,1,-1.668027899398188,-0.3374978393971364,0.4164174095392674,1
96,27,-0.9157271717460108,0.43808201504529865,0.31358616547378354,0.4147094181461673,0.3131939021055598,9,fear,0.5,0.07192665896287707,28,0.6415491920762262,1.1044022021681257,0.7510840366333147,1
96,27,-0.9157271717460108,0.43808201504529865,0.31358616547378354,0.4147094181461673,0.3131939021055598,10,fear,0.5,-0.12515440144751105,36,1.3258683302908676,1.3162692746927347,0.7885603414078142,1
96,27,-0.9157271717460108,0.43808201504529865,0.31358616547378354,0.4147094181461673,0.3131939021055598,11,fear,0.5,0.1274762977942073,37,1.4114082225676976,1.620018490551328,0.8347976798666012,0
96,27,-0.9157271717460108,0.43808201504529865,0.31358616547378354,0.4147094181461673,0.3131939021055598,12,fear,0.5,0.19901381146458244,14,-0.5560092997993961,0.515830122033585,0.6261721935549257,0
96,27,-0.9157271717460108,0.43808201504529865,0.31358616547378354,0.4147094181461673,0.3131939021055598,13,fear,0.5,-0.07533295985117497,5,-1.3258683302908676,-0.21858329883404443,0.4455707160972829,0
96,27,-0.9157271717460108,0.43808201504529865,0.31358616547378354,0.4147094181461673,0.3131939021055598,14,fear,0.5,0.01703070109921553,24,0.2993896229689056,0.845032177836965,0.6995239911710959,0
96,27,-0.9157271717460108,0.43808201504529865,0.31358616547378354,0.4147094181461673,0.3131939021055598,15,fear,0.5,0.02684780492684079,40,1.668027899398188,1.6727455475345852,0.8419415307146516,1
96,27,-0.9157271717460108,0.43808201504529865,0.31358616547378354,0.4147094181461673,0.3131939021055598,16,fear,0.5,0.20218327567498928,9,-0.9837087611835469,0.2634070031596186,0.5654736234402189,0
96,27,-0.9157271717460108,0.43808201504529865,0.31358616547378354,0.4147094181461673,0.3131939021055598,17,fear,0.5,-0.1334771970566687,19,-0.12830983841524524,0.43893169659670755,0.6080044460111268,1
96,27,-0.9157271717460108,0.43808201504529865,0.31358616547378354,0.4147094181461673,0.3131939021055598,18,fear,0.5,-0.019829893319496802,27,0.5560092997993961,0.9615271332688768,0.7234274584402645,1
96,27,-0.9157271717460108,0.43808201504529865,0.31358616547378354,0.4147094181461673,0.3131939021055598,19,fear,0.5,0.03493782098342581,17,-0.2993896229689056,0.5051096814030525,0.6236593717895702,1
96,27,-0.9157271717460108,0.43808201504529865,0.31358616547378354,0.4147094181461673,0.3131939021055598,20,fear,0.5,0.050130844365563365,32,0.9837087611835469,1.2870804540383105,0.7836526157962538,1
96,27,-0.9157271717460108,0.43808201504529865,0.31358616547378354,0.4147094181461673,0.3131939021055598,21,neutral,-0.5,-0.034648782698473574,39,1.582488007121358,1.8336584436882148,0.8621969750345939,1
96,27,-0.9157271717460108,0.43808201504529865,0.31358616547378354,0.4147094181461673,0.3131939021055598,22,neutral,-0.5,0.20511447081031445,2,-1.582488007121358,1.7212889170346792,0.8482947825101917,1
96,27,-0.9157271717460108,0.43808201504529865,0.31358616547378354,0.4147094181461673,0.3131939021055598,23,neutral,-0.5,0.06768230030033125,21,0.04276994613841508,1.7646816876891323,0.8537950394475019,0
96,27,-0.9157271717460108,0.43808201504529865,0.31358616547378354,0.4147094181461673,0.3131939021055598,24,neutral,-0.5,-0.08847636608881047,11,-0.8126289766298865,1.5133519996344973,0.8195574418291368,0
96,27,-0.9157271717460108,0.43808201504529865,0.31358616547378354,0.4147094181461673,0.3131939021055598,25,neutral,-0.5,-0.06387461728079331,20,-0.04276994613841508,1.6236076679414584,0.8352920705492762,1
96,27,-0.9157271717460108,0.43808201504529865,0.31358616547378354,0.4147094181461673,0.3131939021055598,26,neutral,-0.5,0.020253570607942934,23,0.2138497306920754,1.7362871623298424,0.8502148517920858,1
96,27,-0.9157271717460108,0.43808201504529865,0.31358616547378354,0.4147094181461673,0.3131939021055598,27,neutral,-0.5,-0.1657771424201549,29,0.7270890843530564,1.6073590623010405,0.8330444040386721,1
96,27,-0.9157271717460108,0.43808201504529865,0.31358616547378354,0.4147094181461673,0.3131939021055598,28,neutral,-0.5,0.03240578810212312,30,0.8126289766298865,1.8150590949898682,0.8599722007431567,1
96,27,-0.9157271717460108,0.43808201504529865,0.31358616547378354,0.4147094181461673,0.3131939021055598,29,neutral,-0.5,-0.06427368638861679,33,1.0692486534603771,1.7469309269987756,0.8515652838878446,0
96,27,-0.9157271717460108,0.43808201504529865,0.31358616547378354,0.4147094181461673,0.3131939021055598,30,neutral,-0.5,0.03388482847826553,22,0.12830983841524524,1.7404013180336158,0.8507380331430386,1
96,27,-0.9157271717460108,0.43808201504529865,0.31358616547378354,0.4147094181461673,0.3131939021055598,31,neutral,-0.5,0.10063449276941816,26,0.4704694075225659,1.8452193909909658,0.8635648270309396,1
96,27,-0.9157271717460108,0.43808201504529865,0.31358616547378354,0.4147094181461673,0.3131939021055598,32,neutral,-0.5,-0.16523159438711074,31,0.8981688689067168,1.626938814667183,0.835749855415768,0
96,27,-0.9157271717460108,0.43808201504529865,0.31358616547378354,0.4147094181461673,0.3131939021055598,33,neutral,-0.5,-0.17814514840944695,38,1.4969481148445278,1.680644975810692,0.842989917655238,1
96,27,-0.9157271717460108,0.43808201504529865,0.31358616547378354,0.4147094181461673,0.3131939021055598,34,neutral,-0.5,0.20327413635404867,15,-0.4704694075225659,1.8431709107435539,0.8633232940266676,1
96,27,-0.9157271717460108,0.43808201504529865,0.31358616547378354,0.4147094181461673,0.3131939021055598,35,neutral,-0.5,0.10974661130988755,25,0.3849295152457357,1.8448144073648858,0.8635171045845279,1
96,27,-0.9157271717460108,0.43808201504529865,0.31358616547378354,0.4147094181461673,0.3131939021055598,36,neutral,-0.5,-0.11455850646691589,35,1.2403284380140374,1.7156803112535752,0.8475715960452394,1
96,27,-0.9157271717460108,0.43808201504529865,0.31358616547378354,0.4147094181461673,0.3131939021055598,37,neutral,-0.5,0.022093603635536613,13,-0.6415491920762262,1.6429561736919436,0.8379367832052037,1
96,27,-0.9157271717460108,0.43808201504529865,0.31358616547378354,0.4147094181461673,0.3131939021055598,38,neutral,-0.5,-0.03248467960018497,8,-1.0692486534603771,1.5407923796234753,0.8235798843775158,1
96,27,-0.9157271717460108,0.43808201504529865,0.31358616547378354,0.4147094181461673,0.3131939021055598,39,neutral,-0.5,-0.021721780340038743,34,1.1547885457372071,1.7989999352139034,0.8580271542645039,1
96,27,-0.9157271717460108,0.43808201504529865,0.31358616547378354,0.4147094181461673,0.3131939021055598,40,neutral,-0.5,-0.04668537349067967,16,-0.3849295152457357,1.6027285030653748,0.832399385678856,0
97,29,-0.7827239514488415,0.4016294265059197,0.2872963811981857,0.38007382995758665,0.28710254711091804,1,fear,0.5,-0.08121017626445963,31,0.8981688689067168,0.9316175341116213,0.7174033328390726,1
97,29,-0.7827239514488415,0.4016294265059197,0.2872963811981857,0.38007382995758665,0.28710254711091804,2,fear,0.5,0.053067844990018875,6,-1.2403284380140374,-0.10235014843034086,0.47443477648449606,0
97,29,-0.7827239514488415,0.4016294265059197,0.2872963811981857,0.38007382995758665,0.28710254711091804,3,fear,0.5,-0.11676296957720594,10,-0.8981688689067168,-0.08526165039013518,0.47869749080876234,1
97,29,-0.7827239514488415,0.4016294265059197,0.2872963811981857,0.38007382995758665,0.28710254711091804,4,fear,0.5,-0.11848507274328071,23,0.2138497306920754,0.5205040124179393,0.6272656137188339,1
97,29,-0.7827239514488415,0.4016294265059197,0.2872963811981857,0.38007382995758665,0.28710254711091804,5,fear,0.5,-0.027683151933853067,15,-0.4704694075225659,0.23746730801250573,0.5590894130670824,0
97,29,-0.7827239514488415,0.4016294265059197,0.2872963811981857,0.38007382995758665,0.28710254711091804,6,fear,0.5,0.06278918644554837,18,-0.2138497306920754,0.4681291308474799,0.6149408512736378,1
97,29,-0.7827239514488415,0.4016294265059197,0.2872963811981857,0.38007382995758665,0.28710254711091804,7,fear,0.5,-0.04999597070532241,36,1.3258683302908676,1.1964808804300466,0.7678981601975018,1
97,29,-0.7827239514488415,0.4016294265059197,0.2872963811981857,0.38007382995758665,0.28710254711091804,8,fear,0.5,0.01022656605323173,24,0.2993896229689056,0.6959454793663093,0.6672882205580181,1
97,29,-0.7827239514488415,0.4016294265059197,0.2872963811981857,0.38007382995758665,0.28710254711091804,9,fear,0.5,0.07192665896287707,3,-1.4969481148445278,-0.2236808189130554,0.44431178974075786,0
97,29,-0.7827239514488415,0.4016294265059197,0.2872963811981857,0.38007382995758665,0.28710254711091804,10,fear,0.5,-0.12515440144751105,34,1.1547885457372071,1.0278627933841429,0.7365013440067965,0
97,29,-0.7827239514488415,0.4016294265059197,0.2872963811981857,0.38007382995758665,0.28710254711091804,11,fear,0.5,0.1274762977942073,20,-0.04276994613841508,0.6262758984998542,0.6516445546493891,1
97,29,-0.7827239514488415,0.4016294265059197,0.2872963811981857,0.38007382995758665,0.28710254711091804,12,fear,0.5,0.19901381146458244,13,-0.6415491920762262,0.3707046151072263,0.5916292273056213,1
97,29,-0.7827239514488415,0.4016294265059197,0.2872963811981857,0.38007382995758665,0.28710254711091804,13,fear,0.5,-0.07533295985117497,35,1.2403284380140374,1.1244140631323363,0.7548065616037406,1
97,29,-0.7827239514488415,0.4016294265059197,0.2872963811981857,0.38007382995758665,0.28710254711091804,14,fear,0.5,0.01703070109921553,9,-0.9837087611835469,0.00180219213442874,0.5004505479116628,1
97,29,-0.7827239514488415,0.4016294265059197,0.2872963811981857,0.38007382995758665,0.28710254711091804,15,fear,0.5,0.02684780492684079,4,-1.4114082225676976,-0.2220298447972341,0.4447194506948175,1
97,29,-0.7827239514488415,0.4016294265059197,0.2872963811981857,0.38007382995758665,0.28710254711091804,16,fear,0.5,0.20218327567498928,11,-0.8126289766298865,0.2804144230139176,0.5696478223326614,0
97,29,-0.7827239514488415,0.4016294265059197,0.2872963811981857,0.38007382995758665,0.28710254711091804,17,fear,0.5,-0.1334771970566687,8,-1.0692486534603771,-0.19543553417331316,0.45129603870753715,0
97,29,-0.7827239514488415,0.4016294265059197,0.2872963811981857,0.38007382995758665,0.28710254711091804,18,fear,0.5,-0.019829893319496802,28,0.6415491920762262,0.8528083326010113,0.7011559223043589,1
97,29,-0.7827239514488415,0.4016294265059197,0.2872963811981857,0.38007382995758665,0.28710254711091804,19,fear,0.5,0.03493782098342581,39,1.582488007121358,1.421604156574368,0.8055897743787862,1
97,29,-0.7827239514488415,0.4016294265059197,0.2872963811981857,0.38007382995758665,0.28710254711091804,20,fear,0.5,0.050130844365563365,2,-1.582488007121358,-0.29220646166222675,0.42746377473793706,1
97,29,-0.7827239514488415,0.4016294265059197,0.2872963811981857,0.38007382995758665,0.28710254711091804,21,neutral,-0.5,-0.034648782698473574,16,-0.3849295152457357,1.4554433105398272,0.8108347514798633,1
97,29,-0.7827239514488415,0.4016294265059197,0.2872963811981857,0.38007382995758665,0.28710254711091804,22,neutral,-0.5,0.20511447081031445,17,-0.2993896229689056,1.7048422456730836,0.8461661024145193,1
97,29,-0.7827239514488415,0.4016294265059197,0.2872963811981857,0.38007382995758665,0.28710254711091804,23,neutral,-0.5,0.06768230030033125,30,0.8126289766298865,1.692673936281194,0.8445754849279676,0
97,29,-0.7827239514488415,0.4016294265059197,0.2872963811981857,0.38007382995758665,0.28710254711091804,24,neutral,-0.5,-0.08847636608881047,29,0.7270890843530564,1.5268795882675836,0.8215493019079243,0
97,29,-0.7827239514488415,0.4016294265059197,0.2872963811981857,0.38007382995758665,0.28710254711091804,25,neutral,-0.5,-0.06387461728079331,19,-0.12830983841524524,1.4551245208309136,0.810785850108842,0
97,29,-0.7827239514488415,0.4016294265059197,0.2872963811981857,0.38007382995758665,0.28710254711091804,26,neutral,-0.5,0.020253570607942934,40,1.668027899398188,1.7416020228334927,0.8508904378381192,1
97,29,-0.7827239514488415,0.4016294265059197,0.2872963811981857,0.38007382995758665,0.28710254711091804,27,neutral,-0.5,-0.1657771424201549,21,0.04276994613841508,1.3724933589404895,0.7977826945336609,1
97,29,-0.7827239514488415,0.4016294265059197,0.2872963811981857,0.38007382995758665,0.28710254711091804,28,neutral,-0.5,0.03240578810212312,33,1.0692486534603771,1.6863044689563917,0.8437375431277769,1
97,29,-0.7827239514488415,0.4016294265059197,0.2872963811981857,0.38007382995758665,0.28710254711091804,29,neutral,-0.5,-0.06427368638861679,5,-1.3258683302908676,1.3198259089805284,0.7891527408551454,1
97,29,-0.7827239514488415,0.4016294265059197,0.2872963811981857,0.38007382995758665,0.28710254711091804,30,neutral,-0.5,0.03388482847826553,12,-0.7270890843530564,1.4854341952186916,0.8153919810473019,1
97,29,-0.7827239514488415,0.4016294265059197,0.2872963811981857,0.38007382995758665,0.28710254711091804,31,neutral,-0.5,0.10063449276941816,22,0.12830983841524524,1.6485406757545311,0.8386937210292806,1
97,29,-0.7827239514488415,0.4016294265059197,0.2872963811981857,0.38007382995758665,0.28710254711091804,32,neutral,-0.5,-0.16523159438711074,27,0.5560092997993961,1.4308529967203458,0.8070341877434908,0
97,29,-0.7827239514488415,0.4016294265059197,0.2872963811981857,0.38007382995758665,0.28710254711091804,33,neutral,-0.5,-0.17814514840944695,7,-1.1547885457372071,1.2252258102086357,0.7729818872155256,0
97,29,-0.7827239514488415,0.4016294265059197,0.2872963811981857,0.38007382995758665,0.28710254711091804,34,neutral,-0.5,0.20327413635404867,37,1.4114082225676976,1.8957155437061919,0.8694058408002363,1
97,29,-0.7827239514488415,0.4016294265059197,0.2872963811981857,0.38007382995758665,0.28710254711091804,35,neutral,-0.5,0.10974661130988755,32,0.9837087611835469,1.7540096105396874,0.8524578176874048,1
97,29,-0.7827239514488415,0.4016294265059197,0.2872963811981857,0.38007382995758665,0.28710254711091804,36,neutral,-0.5,-0.11455850646691589,26,0.4704694075225659,1.471890403016072,0.8133445479472097,1
97,29,-0.7827239514488415,0.4016294265059197,0.2872963811981857,0.38007382995758665,0.28710254711091804,37,neutral,-0.5,0.022093603635536613,25,0.3849295152457357,1.5989068314940558,0.8318655442996397,1
97,29,-0.7827239514488415,0.4016294265059197,0.2872963811981857,0.38007382995758665,0.28710254711091804,38,neutral,-0.5,-0.03248467960018497,1,-1.668027899398188,1.3130721892710857,0.7880267902157434,1
97,29,-0.7827239514488415,0.4016294265059197,0.2872963811981857,0.38007382995758665,0.28710254711091804,39,neutral,-0.5,-0.021721780340038743,14,-0.5560092997993961,1.4490989496493247,0.8098597227248374,1
97,29,-0.7827239514488415,0.4016294265059197,0.2872963811981857,0.38007382995758665,0.28710254711091804,40,neutral,-0.5,-0.04668537349067967,38,1.4969481148445278,1.6553917154859326,0.8396184253452118,1
98,24,-1.1152320021917648,0.21982459479422886,0.1572431720495861,0.20817060640630872,0.15709464707468357,1,fear,0.5,-0.08121017626445963,27,0.5560092997993961,0.5680065925987343,0.6383030796787884,1
98,24,-1.1152320021917648,0.21982459479422886,0.1572431720495861,0.20817060640630872,0.15709464707468357,2,fear,0.5,0.053067844990018875,24,0.2993896229689056,0.6044711047792097,0.6466785570983761,1
98,24,-1.1152320021917648,0.21982459479422886,0.1572431720495861,0.20817060640630872,0.15709464707468357,3,fear,0.5,-0.11676296957720594,2,-1.582488007121358,-0.2826587763307048,0.4298020625119965,0
98,24,-1.1152320021917648,0.21982459479422886,0.1572431720495861,0.20817060640630872,0.15709464707468357,4,fear,0.5,-0.11848507274328071,40,1.668027899398188,0.9545902354405934,0.722037373829119,1
98,24,-1.1152320021917648,0.21982459479422886,0.1572431720495861,0.20817060640630872,0.15709464707468357,5,fear,0.5,-0.027683151933853067,30,0.8126289766298865,0.719347126003344,0.6724632335646779,1
98,24,-1.1152320021917648,0.21982459479422886,0.1572431720495861,0.20817060640630872,0.15709464707468357,6,fear,0.5,0.06278918644554837,11,-0.8126289766298865,0.19033390691405896,0.5474403446949507,1
98,24,-1.1152320021917648,0.21982459479422886,0.1572431720495861,0.20817060640630872,0.15709464707468357,7,fear,0.5,-0.04999597070532241,13,-0.6415491920762262,0.1427577558125238,0.5356289503244849,1
98,24,-1.1152320021917648,0.21982459479422886,0.1572431720495861,0.20817060640630872,0.15709464707468357,8,fear,0.5,0.01022656605323173,37,1.4114082225676976,0.9854883651631029,0.7281958695159877,1
98,24,-1.1152320021917648,0.21982459479422886,0.1572431720495861,0.20817060640630872,0.15709464707468357,9,fear,0.5,0.07192665896287707,39,1.582488007121358,1.1123974641220835,0.7525758026347265,0
98,24,-1.1152320021917648,0.21982459479422886,0.1572431720495861,0.20817060640630872,0.15709464707468357,10,fear,0.5,-0.12515440144751105,23,0.2138497306920754,0.39364435531701225,0.5971596949486921,0
98,24,-1.1152320021917648,0.21982459479422886,0.1572431720495861,0.20817060640630872,0.15709464707468357,11,fear,0.5,0.1274762977942073,36,1.3258683302908676,1.0701335938794108,0.7446223208591154,1
98,24,-1.1152320021917648,0.21982459479422886,0.1572431720495861,0.20817060640630872,0.15709464707468357,12,fear,0.5,0.19901381146458244,5,-1.3258683302908676,0.1309315137850867,0.5326861966596953,0
98,24,-1.1152320021917648,0.21982459479422886,0.1572431720495861,0.20817060640630872,0.15709464707468357,13,fear,0.5,-0.07533295985117497,31,0.8981688689067168,0.70430182111069,0.6691408502521725,1
98,24,-1.1152320021917648,0.21982459479422886,0.1572431720495861,0.20817060640630872,0.15709464707468357,14,fear,0.5,0.01703070109921553,20,-0.04276994613841508,0.4380159487897355,0.6077861696479163,0
98,24,-1.1152320021917648,0.21982459479422886,0.1572431720495861,0.20817060640630872,0.15709464707468357,15,fear,0.5,0.02684780492684079,12,-0.7270890843530564,0.18699702842001917,0.5466135048807548,1
98,24,-1.1152320021917648,0.21982459479422886,0.1572431720495861,0.20817060640630872,0.15709464707468357,16,fear,0.5,0.20218327567498928,28,0.6415491920762262,0.884004547562851,0.7076513738989663,0
98,24,-1.1152320021917648,0.21982459479422886,0.1572431720495861,0.20817060640630872,0.15709464707468357,17,fear,0.5,-0.1334771970566687,38,1.4969481148445278,0.87438910507787,0.7056581580203163,1
98,24,-1.1152320021917648,0.21982459479422886,0.1572431720495861,0.20817060640630872,0.15709464707468357,18,fear,0.5,-0.019829893319496802,10,-0.8981688689067168,0.07511032412434605,0.5187687581031551,1
98,24,-1.1152320021917648,0.21982459479422886,0.1572431720495861,0.20817060640630872,0.15709464707468357,19,fear,0.5,0.03493782098342581,16,-0.3849295152457357,0.32550505657527495,0.5806652876253632,1
98,24,-1.1152320021917648,0.21982459479422886,0.1572431720495861,0.20817060640630872,0.15709464707468357,20,fear,0.5,0.050130844365563365,3,-1.4969481148445278,-0.08316045936326788,0.4792218583296122,1
98,24,-1.1152320021917648,0.21982459479422886,0.1572431720495861,0.20817060640630872,0.15709464707468357,21,neutral,-0.5,-0.034648782698473574,6,-1.2403284380140374,1.7384152846429965,0.8504856652876346,1
98,24,-1.1152320021917648,0.21982459479422886,0.1572431720495861,0.20817060640630872,0.15709464707468357,22,neutral,-0.5,0.20511447081031445,29,0.7270890843530564,1.9998601250946824,0.8807823912278147,1
98,24,-1.1152320021917648,0.21982459479422886,0.1572431720495861,0.20817060640630872,0.15709464707468357,23,neutral,-0.5,0.06768230030033125,35,1.2403284380140374,1.8680840207437164,0.8662364270058387,1
98,24,-1.1152320021917648,0.21982459479422886,0.1572431720495861,0.20817060640630872,0.15709464707468357,24,neutral,-0.5,-0.08847636608881047,34,1.1547885457372071,1.7109826766614051,0.8469636984737051,1
98,24,-1.1152320021917648,0.21982459479422886,0.1572431720495861,0.20817060640630872,0.15709464707468357,25,neutral,-0.5,-0.06387461728079331,33,1.0692486534603771,1.7346417477762528,0.8500051882055958,1
98,24,-1.1152320021917648,0.21982459479422886,0.1572431720495861,0.20817060640630872,0.15709464707468357,26,neutral,-0.5,0.020253570607942934,14,-0.5560092997993961,1.8008590594947689,0.85825347567452,1
98,24,-1.1152320021917648,0.21982459479422886,0.1572431720495861,0.20817060640630872,0.15709464707468357,27,neutral,-0.5,-0.1657771424201549,15,-0.4704694075225659,1.6157710241598404,0.8342110763023043,1
98,24,-1.1152320021917648,0.21982459479422886,0.1572431720495861,0.20817060640630872,0.15709464707468357,28,neutral,-0.5,0.03240578810212312,22,0.12830983841524524,1.820552698534305,0.8606324332629977,1
98,24,-1.1152320021917648,0.21982459479422886,0.1572431720495861,0.20817060640630872,0.15709464707468357,29,neutral,-0.5,-0.06427368638861679,21,0.04276994613841508,1.7229305463503954,0.8485059242368667,1
98,24,-1.1152320021917648,0.21982459479422886,0.1572431720495861,0.20817060640630872,0.15709464707468357,30,neutral,-0.5,0.03388482847826553,32,0.9837087611835469,1.8314585158421426,0.8619353859040322,1
98,24,-1.1152320021917648,0.21982459479422886,0.1572431720495861,0.20817060640630872,0.15709464707468357,31,neutral,-0.5,0.10063449276941816,9,-0.9837087611835469,1.8765265931903967,0.8672116541277799,1
98,24,-1.1152320021917648,0.21982459479422886,0.1572431720495861,0.20817060640630872,0.15709464707468357,32,neutral,-0.5,-0.16523159438711074,17,-0.2993896229689056,1.6182019275792237,0.8345470043470401,1
98,24,-1.1152320021917648,0.21982459479422886,0.1572431720495861,0.20817060640630872,0.15709464707468357,33,neutral,-0.5,-0.17814514840944695,1,-1.668027899398188,1.5902055304661755,0.8306450177973892,1
98,24,-1.1152320021917648,0.21982459479422886,0.1572431720495861,0.20817060640630872,0.15709464707468357,34,neutral,-0.5,0.20327413635404867,7,-1.1547885457372071,1.9772808813886882,0.8783910039030702,1
98,24,-1.1152320021917648,0.21982459479422886,0.1572431720495861,0.20817060640630872,0.15709464707468357,35,neutral,-0.5,0.10974661130988755,25,0.3849295152457357,1.900721554821578,0.8699731696047066,1
98,24,-1.1152320021917648,0.21982459479422886,0.1572431720495861,0.20817060640630872,0.15709464707468357,36,neutral,-0.5,-0.11455850646691589,18,-0.2138497306920754,1.6698176931925879,0.841551513411608,1
98,24,-1.1152320021917648,0.21982459479422886,0.1572431720495861,0.20817060640630872,0.15709464707468357,37,neutral,-0.5,0.022093603635536613,8,-1.0692486534603771,1.7970430263633455,0.8577886033073431,1
98,24,-1.1152320021917648,0.21982459479422886,0.1572431720495861,0.20817060640630872,0.15709464707468357,38,neutral,-0.5,-0.03248467960018497,26,0.4704694075225659,1.7594329416046748,0.8531386259147473,1
98,24,-1.1152320021917648,0.21982459479422886,0.1572431720495861,0.20817060640630872,0.15709464707468357,39,neutral,-0.5,-0.021721780340038743,19,-0.12830983841524524,1.7635970970126347,0.8536595990436621,1
98,24,-1.1152320021917648,0.21982459479422886,0.1572431720495861,0.20817060640630872,0.15709464707468357,40,neutral,-0.5,-0.04668537349067967,4,-1.4114082225676976,1.7244933384644514,0.8487067018009011,0
99,23,-1.1817336123403495,0.8662653817407553,0.6197873319649198,0.820044912217269,0.6192253948980161,1,fear,0.5,-0.08121017626445963,30,0.8126289766298865,2.2232848349469685,0.9023210964757356,1
99,23,-1.1817336123403495,0.8662653817407553,0.6197873319649198,0.820044912217269,0.6192253948980161,2,fear,0.5,0.053067844990018875,22,0.12830983841524524,1.617980804348945,0.8345164697681913,1
99,23,-1.1817336123403495,0.8662653817407553,0.6197873319649198,0.820044912217269,0.6192253948980161,3,fear,0.5,-0.11676296957720594,40,1.668027899398188,3.112209606449851,0.957393579238064,0
99,23,-1.1817336123403495,0.8662653817407553,0.6197873319649198,0.820044912217269,0.6192253948980161,4,fear,0.5,-0.11848507274328071,11,-0.8126289766298865,0.42950256531845493,0.6057548793693495,0
99,23,-1.1817336123403495,0.8662653817407553,0.6197873319649198,0.820044912217269,0.6192253948980161,5,fear,0.5,-0.027683151933853067,33,1.0692486534603771,2.5541551287222637,0.9278521644258338,0
99,23,-1.1817336123403495,0.8662653817407553,0.6197873319649198,0.820044912217269,0.6192253948980161,6,fear,0.5,0.06278918644554837,31,0.8981688689067168,2.4597319541385394,0.9212702232833685,1
99,23,-1.1817336123403495,0.8662653817407553,0.6197873319649198,0.820044912217269,0.6192253948980161,7,fear,0.5,-0.04999597070532241,6,-1.2403284380140374,0.03575288494859907,0.508937269238076,1
99,23,-1.1817336123403495,0.8662653817407553,0.6197873319649198,0.820044912217269,0.6192253948980161,8,fear,0.5,0.01022656605323173,12,-0.7270890843530564,0.6506619605965299,0.6571596184731736,0
99,23,-1.1817336123403495,0.8662653817407553,0.6197873319649198,0.820044912217269,0.6192253948980161,9,fear,0.5,0.07192665896287707,14,-0.5560092997993961,0.8972575664693008,0.7103856058222463,1
99,23,-1.1817336123403495,0.8662653817407553,0.6197873319649198,0.820044912217269,0.6192253948980161,10,fear,0.5,-0.12515440144751105,19,-0.12830983841524524,1.1624152884667267,0.7617713082954434,1
99,23,-1.1817336123403495,0.8662653817407553,0.6197873319649198,0.820044912217269,0.6192253948980161,11,fear,0.5,0.1274762977942073,2,-1.582488007121358,-0.15656587247812223,0.46093829218862553,1
99,23,-1.1817336123403495,0.8662653817407553,0.6197873319649198,0.820044912217269,0.6192253948980161,12,fear,0.5,0.19901381146458244,26,0.4704694075225659,2.13371779674976,0.8941374349259835,1
99,23,-1.1817336123403495,0.8662653817407553,0.6197873319649198,0.820044912217269,0.6192253948980161,13,fear,0.5,-0.07533295985117497,29,0.7270890843530564,2.1367142948786912,0.8944207357018715,1
99,23,-1.1817336123403495,0.8662653817407553,0.6197873319649198,0.820044912217269,0.6192253948980161,14,fear,0.5,0.01703070109921553,39,1.582488007121358,3.1535555206447095,0.9590485908492584,1
99,23,-1.1817336123403495,0.8662653817407553,0.6197873319649198,0.820044912217269,0.6192253948980161,15,fear,0.5,0.02684780492684079,7,-1.1547885457372071,0.2050444170623251,0.5510822576961018,1
99,23,-1.1817336123403495,0.8662653817407553,0.6197873319649198,0.820044912217269,0.6192253948980161,16,fear,0.5,0.20218327567498928,25,0.3849295152457357,2.044439504478604,0.8853845546701176,1
99,23,-1.1817336123403495,0.8662653817407553,0.6197873319649198,0.820044912217269,0.6192253948980161,17,fear,0.5,-0.1334771970566687,38,1.4969481148445278,2.9105998660072623,0.9483679455854918,1
99,23,-1.1817336123403495,0.8662653817407553,0.6197873319649198,0.820044912217269,0.6192253948980161,18,fear,0.5,-0.019829893319496802,28,0.6415491920762262,2.0997696049288064,0.8908807836065938,1
99,23,-1.1817336123403495,0.8662653817407553,0.6197873319649198,0.820044912217269,0.6192253948980161,19,fear,0.5,0.03493782098342581,10,-0.8981688689067168,0.49047770256359846,0.6202189604008876,1
99,23,-1.1817336123403495,0.8662653817407553,0.6197873319649198,0.820044912217269,0.6192253948980161,20,fear,0.5,0.050130844365563365,1,-1.668027899398188,-0.3263590823883289,0.41912677730955833,0
99,23,-1.1817336123403495,0.8662653817407553,0.6197873319649198,0.820044912217269,0.6192253948980161,21,neutral,-0.5,-0.034648782698473574,5,-1.3258683302908676,1.8505915018194772,0.8641965371220286,1
99,23,-1.1817336123403495,0.8662653817407553,0.6197873319649198,0.820044912217269,0.6192253948980161,22,neutral,-0.5,0.20511447081031445,9,-0.9837087611835469,2.1708251899273714,0.8975988389118288,1
99,23,-1.1817336123403495,0.8662653817407553,0.6197873319649198,0.820044912217269,0.6192253948980161,23,neutral,-0.5,0.06768230030033125,36,1.3258683302908676,2.5765684529613564,0.9293382557357587,1
99,23,-1.1817336123403495,0.8662653817407553,0.6197873319649198,0.820044912217269,0.6192253948980161,24,neutral,-0.5,-0.08847636608881047,16,-0.3849295152457357,2.0180576135766826,0.8826800128068811,1
99,23,-1.1817336123403495,0.8662653817407553,0.6197873319649198,0.820044912217269,0.6192253948980161,25,neutral,-0.5,-0.06387461728079331,4,-1.4114082225676976,1.8012480585873805,0.8583007925493907,1
99,23,-1.1817336123403495,0.8662653817407553,0.6197873319649198,0.820044912217269,0.6192253948980161,26,neutral,-0.5,0.020253570607942934,18,-0.2138497306920754,2.167022767572989,0.8972488098744947,1
99,23,-1.1817336123403495,0.8662653817407553,0.6197873319649198,0.820044912217269,0.6192253948980161,27,neutral,-0.5,-0.1657771424201549,34,1.1547885457372071,2.302873792941317,0.9091147657729357,1
99,23,-1.1817336123403495,0.8662653817407553,0.6197873319649198,0.820044912217269,0.6192253948980161,28,neutral,-0.5,0.03240578810212312,15,-0.4704694075225659,2.1188221591178396,0.8927191779194286,1
99,23,-1.1817336123403495,0.8662653817407553,0.6197873319649198,0.820044912217269,0.6192253948980161,29,neutral,-0.5,-0.06427368638861679,17,-0.2993896229689056,2.062377901926653,0.8871923744674605,1
99,23,-1.1817336123403495,0.8662653817407553,0.6197873319649198,0.820044912217269,0.6192253948980161,30,neutral,-0.5,0.03388482847826553,23,0.2138497306920754,2.2812420686921944,0.9073115543612252,1
99,23,-1.1817336123403495,0.8662653817407553,0.6197873319649198,0.820044912217269,0.6192253948980161,31,neutral,-0.5,0.10063449276941816,32,0.9837087611835469,2.5290502108313366,0.9261534205047481,1
99,23,-1.1817336123403495,0.8662653817407553,0.6197873319649198,0.820044912217269,0.6192253948980161,32,neutral,-0.5,-0.16523159438711074,13,-0.6415491920762262,1.8809495593290526,0.8677201567310466,0
99,23,-1.1817336123403495,0.8662653817407553,0.6197873319649198,0.820044912217269,0.6192253948980161,33,neutral,-0.5,-0.17814514840944695,24,0.2993896229689056,2.089329700454259,0.8898617482076498,1
99,23,-1.1817336123403495,0.8662653817407553,0.6197873319649198,0.820044912217269,0.6192253948980161,34,neutral,-0.5,0.20327413635404867,37,1.4114082225676976,2.7322778976648503,0.9389046343023271,1
99,23,-1.1817336123403495,0.8662653817407553,0.6197873319649198,0.820044912217269,0.6192253948980161,35,neutral,-0.5,0.10974661130988755,20,-0.04276994613841508,2.2967510255744865,0.9086076026394636,1
99,23,-1.1817336123403495,0.8662653817407553,0.6197873319649198,0.820044912217269,0.6192253948980161,36,neutral,-0.5,-0.11455850646691589,35,1.2403284380140374,2.3742100375443327,0.9148394305682043,1
99,23,-1.1817336123403495,0.8662653817407553,0.6197873319649198,0.820044912217269,0.6192253948980161,37,neutral,-0.5,0.022093603635536613,8,-1.0692486534603771,1.9676867141028165,0.8773624263695798,1
99,23,-1.1817336123403495,0.8662653817407553,0.6197873319649198,0.820044912217269,0.6192253948980161,38,neutral,-0.5,-0.03248467960018497,3,-1.4969481148445278,1.8125203876182123,0.8596662100946438,1
99,23,-1.1817336123403495,0.8662653817407553,0.6197873319649198,0.820044912217269,0.6192253948980161,39,neutral,-0.5,-0.021721780340038743,27,0.5560092997993961,2.306105894472997,0.9093814656229291,1
99,23,-1.1817336123403495,0.8662653817407553,0.6197873319649198,0.820044912217269,0.6192253948980161,40,neutral,-0.5,-0.04668537349067967,21,0.04276994613841508,2.160436649423697,0.8966400227752439,1
100,25,-1.04873039204318,0.4766958766204199,0.3410746254133439,0.45134838067919864,0.3408232043231098,1,fear,0.5,-0.08121017626445963,26,0.4704694075225659,1.0041769530585307,0.7318790244237154,1
100,25,-1.04873039204318,0.4766958766204199,0.3410746254133439,0.45134838067919864,0.3408232043231098,2,fear,0.5,0.053067844990018875,2,-1.582488007121358,-0.19775744782177812,0.45072113332296776,1
100,25,-1.04873039204318,0.4766958766204199,0.3410746254133439,0.45134838067919864,0.3408232043231098,3,fear,0.5,-0.11676296957720594,14,-0.5560092997993961,0.3005179486783908,0.5745691287864614,0
100,25,-1.04873039204318,0.4766958766204199,0.3410746254133439,0.45134838067919864,0.3408232043231098,4,fear,0.5,-0.11848507274328071,12,-0.7270890843530564,0.18744481033441718,0.5467244750922753,1
100,25,-1.04873039204318,0.4766958766204199,0.3410746254133439,0.45134838067919864,0.3408232043231098,5,fear,0.5,-0.027683151933853067,24,0.2993896229689056,0.9463529422112384,0.7203811341064918,1
100,25,-1.04873039204318,0.4766958766204199,0.3410746254133439,0.45134838067919864,0.3408232043231098,6,fear,0.5,0.06278918644554837,39,1.582488007121358,1.8719580444248818,0.8666846769955612,1
100,25,-1.04873039204318,0.4766958766204199,0.3410746254133439,0.45134838067919864,0.3408232043231098,7,fear,0.5,-0.04999597070532241,18,-0.2138497306920754,0.5899870179060722,0.6433621669936873,1
100,25,-1.04873039204318,0.4766958766204199,0.3410746254133439,0.45134838067919864,0.3408232043231098,8,fear,0.5,0.01022656605323173,5,-1.3258683302908676,-0.07357217399171684,0.4816152486018195,0
100,25,-1.04873039204318,0.4766958766204199,0.3410746254133439,0.45134838067919864,0.3408232043231098,9,fear,0.5,0.07192665896287707,36,1.3258683302908676,1.7140689641753624,0.8473633030828132,1
100,25,-1.04873039204318,0.4766958766204199,0.3410746254133439,0.45134838067919864,0.3408232043231098,10,fear,0.5,-0.12515440144751105,23,0.2138497306920754,0.793206175108631,0.6885193436257301,0
100,25,-1.04873039204318,0.4766958766204199,0.3410746254133439,0.45134838067919864,0.3408232043231098,11,fear,0.5,0.1274762977942073,37,1.4114082225676976,1.8252941205956421,0.8612001677281964,1
100,25,-1.04873039204318,0.4766958766204199,0.3410746254133439,0.45134838067919864,0.3408232043231098,12,fear,0.5,0.19901381146458244,20,-0.04276994613841508,0.9503478352538759,0.721185125121795,1
100,25,-1.04873039204318,0.4766958766204199,0.3410746254133439,0.45134838067919864,0.3408232043231098,13,fear,0.5,-0.07533295985117497,25,0.3849295152457357,0.9543786518828661,0.7219949071401516,1
100,25,-1.04873039204318,0.4766958766204199,0.3410746254133439,0.45134838067919864,0.3408232043231098,14,fear,0.5,0.01703070109921553,17,-0.2993896229689056,0.6013381721216605,0.6459623992110072,0
100,25,-1.04873039204318,0.4766958766204199,0.3410746254133439,0.45134838067919864,0.3408232043231098,15,fear,0.5,0.02684780492684079,32,0.9837087611835469,1.4462880397835278,0.8094265022371108,1
100,25,-1.04873039204318,0.4766958766204199,0.3410746254133439,0.45134838067919864,0.3408232043231098,16,fear,0.5,0.20218327567498928,10,-0.8981688689067168,0.396762123574788,0.5979094775285183,1
100,25,-1.04873039204318,0.4766958766204199,0.3410746254133439,0.45134838067919864,0.3408232043231098,17,fear,0.5,-0.1334771970566687,31,0.8981688689067168,1.230287520211069,0.7738688930691604,1
100,25,-1.04873039204318,0.4766958766204199,0.3410746254133439,0.45134838067919864,0.3408232043231098,18,fear,0.5,-0.019829893319496802,8,-1.0692486534603771,0.06339791940240294,0.5158441733372778,0
100,25,-1.04873039204318,0.4766958766204199,0.3410746254133439,0.45134838067919864,0.3408232043231098,19,fear,0.5,0.03493782098342581,4,-1.4114082225676976,-0.10453643665047219,0.4738896640302181,0
100,25,-1.04873039204318,0.4766958766204199,0.3410746254133439,0.45134838067919864,0.3408232043231098,20,fear,0.5,0.050130844365563365,6,-1.2403284380140374,0.022007621909564262,0.5055016834241699,0
100,25,-1.04873039204318,0.4766958766204199,0.3410746254133439,0.45134838067919864,0.3408232043231098,21,neutral,-0.5,-0.034648782698473574,15,-0.4704694075225659,1.7656457786601667,0.8539153449824657,0
100,25,-1.04873039204318,0.4766958766204199,0.3410746254133439,0.45134838067919864,0.3408232043231098,22,neutral,-0.5,0.20511447081031445,16,-0.3849295152457357,2.0148443115448673,0.8823468466800743,1
100,25,-1.04873039204318,0.4766958766204199,0.3410746254133439,0.45134838067919864,0.3408232043231098,23,neutral,-0.5,0.06768230030033125,40,1.668027899398188,2.103858846056786,0.8912776728430548,0
100,25,-1.04873039204318,0.4766958766204199,0.3410746254133439,0.45134838067919864,0.3408232043231098,24,neutral,-0.5,-0.08847636608881047,33,1.0692486534603771,1.8816532240362562,0.8678009037967139,0
100,25,-1.04873039204318,0.4766958766204199,0.3410746254133439,0.45134838067919864,0.3408232043231098,25,neutral,-0.5,-0.06387461728079331,21,0.04276994613841508,1.7930316203333225,0.8572985599846057,1
100,25,-1.04873039204318,0.4766958766204199,0.3410746254133439,0.45134838067919864,0.3408232043231098,26,neutral,-0.5,0.020253570607942934,19,-0.12830983841524524,1.8582892494702339,0.8650974215068038,0
100,25,-1.04873039204318,0.4766958766204199,0.3410746254133439,0.45134838067919864,0.3408232043231098,27,neutral,-0.5,-0.1657771424201549,7,-1.1547885457372071,1.5590351839311851,0.8262148645618008,0
100,25,-1.04873039204318,0.4766958766204199,0.3410746254133439,0.45134838067919864,0.3408232043231098,28,neutral,-0.5,0.03240578810212312,27,0.5560092997993961,1.9459237019717144,0.8750014823426976,1
100,25,-1.04873039204318,0.4766958766204199,0.3410746254133439,0.45134838067919864,0.3408232043231098,29,neutral,-0.5,-0.06427368638861679,28,0.6415491920762262,1.8586795068568875,0.8651429595662884,1
100,25,-1.04873039204318,0.4766958766204199,0.3410746254133439,0.45134838067919864,0.3408232043231098,30,neutral,-0.5,0.03388482847826553,30,0.8126289766298865,1.9757085804755947,0.8782229503814422,1
100,25,-1.04873039204318,0.4766958766204199,0.3410746254133439,0.45134838067919864,0.3408232043231098,31,neutral,-0.5,0.10063449276941816,9,-0.9837087611835469,1.844317377872583,0.863458516432884,1
100,25,-1.04873039204318,0.4766958766204199,0.3410746254133439,0.45134838067919864,0.3408232043231098,32,neutral,-0.5,-0.16523159438711074,35,1.2403284380140374,1.8237685544897815,0.8610177095344144,1
100,25,-1.04873039204318,0.4766958766204199,0.3410746254133439,0.45134838067919864,0.3408232043231098,33,neutral,-0.5,-0.17814514840944695,34,1.1547885457372071,1.8014197210915324,0.8583216689521046,1
100,25,-1.04873039204318,0.4766958766204199,0.3410746254133439,0.45134838067919864,0.3408232043231098,34,neutral,-0.5,0.20327413635404867,3,-1.4969481148445278,1.8903453452017382,0.8687949015856916,1
100,25,-1.04873039204318,0.4766958766204199,0.3410746254133439,0.45134838067919864,0.3408232043231098,35,neutral,-0.5,0.10974661130988755,29,0.7270890843530564,2.0421350839313037,0.8851504972049061,0
100,25,-1.04873039204318,0.4766958766204199,0.3410746254133439,0.45134838067919864,0.3408232043231098,36,neutral,-0.5,-0.11455850646691589,22,0.12830983841524524,1.7517830105231125,0.852177550606788,1
100,25,-1.04873039204318,0.4766958766204199,0.3410746254133439,0.45134838067919864,0.3408232043231098,37,neutral,-0.5,0.022093603635536613,13,-0.6415491920762262,1.8035176062423517,0.8585765917724208,0
100,25,-1.04873039204318,0.4766958766204199,0.3410746254133439,0.45134838067919864,0.3408232043231098,38,neutral,-0.5,-0.03248467960018497,11,-0.8126289766298865,1.730068764254805,0.8494212157447077,1
100,25,-1.04873039204318,0.4766958766204199,0.3410746254133439,0.45134838067919864,0.3408232043231098,39,neutral,-0.5,-0.021721780340038743,1,-1.668027899398188,1.6464788697558257,0.8384145915584341,1
100,25,-1.04873039204318,0.4766958766204199,0.3410746254133439,0.45134838067919864,0.3408232043231098,40,neutral,-0.5,-0.04668537349067967,38,1.4969481148445278,1.9706206135139503,0.8776777575593707,1
